[2026-09-09 05:28:01Z] âœ… Revoked role ðŸŽ® from 195284975183069184
[2026-09-09 05:28:01Z] âœ… Revoked role ðŸŽ® from 243191787294949386
[2026-09-09 05:28:01Z] âœ… Revoked role ðŸŽ® from 333464277794947072
[2026-09-09 05:28:02Z] âœ… Revoked role ðŸŽ® from 193880505521930240
[2026-09-09 05:28:02Z] âœ… Revoked role ðŸŽ® from 194245240041897984
[2026-09-09 05:28:02Z] âœ… Revoked role ðŸŽ® from 234479235551592448
[2026-09-09 05:28:03Z] âœ… Revoked role ðŸ² from 195284975183069184
[2026-09-09 05:28:03Z] âœ… Revoked role ðŸ² from 243191787294949386
[2026-09-09 05:28:03Z] âœ… Revoked role ðŸ’» from 193880505521930240
[2026-09-09 05:28:03Z] âœ… Revoked role ðŸ’» from 333464277794947072
[2026-09-09 05:28:11Z] âœ… Revoked role ðŸ’» from 194245240041897984
[2026-09-09 05:28:12Z] âœ… Granted role ðŸŽ¬ to 195284975183069184
[2026-09-09 05:28:12Z] âœ… Granted role ðŸŽ¬ to 243191787294949386
[2026-09-09 05:28:12Z] âœ… Granted role ðŸŽ¬ to 333464277794947072
[2026-09-09 05:28:13Z] âœ… Granted role ðŸŽ¬ to 234479235551592448
[2026-09-09 05:28:22Z] âœ… Granted role ðŸŒ¸ to 243191787294949386
[2026-09-09 05:28:23Z] âœ… Granted role ðŸŒ¸ to 193880505521930240
[2026-09-09 05:28:23Z] âœ… Granted role ðŸŒ¸ to 194245240041897984
[2026-09-09 05:28:23Z] âœ… Granted role ðŸŒ¸ to 195284975183069184
[2026-09-09 05:28:23Z] âœ… Granted role ðŸŒ¸ to 333464277794947072
[2026-09-09 05:28:32Z] âœ… Granted role ðŸˆ to 243191787294949386
[2026-09-09 05:28:32Z] âœ… Granted role ðŸˆ to 333464277794947072
[2026-09-09 05:28:32Z] âœ… Granted role ðŸŒ¸ to 234479235551592448
[2026-09-09 05:28:33Z] âœ… Granted role ðŸˆ to 193880505521930240
[2026-09-09 05:28:33Z] âœ… Granted role ðŸˆ to 195284975183069184
[2026-09-09 05:28:33Z] âœ… Granted role ðŸˆ to 234479235551592448
[2026-09-09 05:28:33Z] âœ… Granted role ðŸŽª to 243191787294949386
[2026-09-09 05:28:42Z] âœ… Granted role ðŸŽª to 193880505521930240
[2026-09-09 05:28:42Z] âœ… Granted role ðŸŽª to 194245240041897984
[2026-09-09 05:28:42Z] âœ… Granted role ðŸŽª to 195284975183069184
[2026-09-09 05:28:42Z] âœ… Granted role ðŸŽª to 333464277794947072
[2026-09-09 05:28:43Z] âœ… Granted role ðŸ¤ to 243191787294949386
[2026-09-09 05:28:43Z] âœ… Granted role ðŸ¤ to 333464277794947072
[2026-09-09 05:28:43Z] âœ… Granted role ðŸŽª to 234479235551592448
[2026-09-09 05:28:52Z] âœ… Granted role ðŸ¤ to 193880505521930240
[2026-09-09 05:28:52Z] âœ… Granted role ðŸ¤ to 195284975183069184
[2026-09-09 05:28:53Z] âœ… Granted role ðŸ¤ to 194245240041897984
[2026-09-09 05:28:53Z] âœ… Granted role ðŸ¤ to 234479235551592448
[2026-09-09 05:28:53Z] âœ… Granted role ðŸƒ to 243191787294949386
[2026-09-09 05:28:53Z] âœ… Granted role ðŸƒ to 333464277794947072
[2026-09-09 05:29:02Z] âœ… Granted role ðŸƒ to 193880505521930240
[2026-09-09 05:29:02Z] âœ… Granted role ðŸƒ to 195284975183069184
[2026-09-09 05:29:03Z] âœ… Granted role ðŸƒ to 194245240041897984
[2026-09-09 05:29:13Z] âœ… Granted role ðŸŽ® to 193880505521930240
[2026-09-09 05:29:13Z] âœ… Granted role ðŸŽ® to 195284975183069184
[2026-09-09 05:29:13Z] âœ… Granted role ðŸŽ® to 243191787294949386
[2026-09-09 05:29:13Z] âœ… Granted role ðŸŽ® to 333464277794947072
[2026-09-09 05:29:14Z] âœ… Granted role ðŸŽ® to 194245240041897984
[2026-09-09 05:29:14Z] âœ… Granted role ðŸŽ® to 234479235551592448
[2026-09-09 05:29:17Z] âœ… Granted role ðŸ² to 195284975183069184
[2026-09-09 05:29:17Z] âœ… Granted role ðŸ² to 243191787294949386
[2026-09-09 05:29:17Z] âœ… Granted role ðŸ’» to 193880505521930240
[2026-09-09 05:29:17Z] âœ… Granted role ðŸ’» to 333464277794947072
[2026-09-09 05:29:23Z] âœ… Granted role ðŸ’» to 194245240041897984
[2026-09-09 05:29:24Z] âœ… Revoked role ðŸ¤ from 243191787294949386
[2026-09-09 05:29:24Z] âœ… Revoked role ðŸ¤ from 333464277794947072
[2026-09-09 05:29:25Z] âœ… Revoked role ðŸ¤ from 193880505521930240
[2026-09-09 05:29:25Z] âœ… Revoked role ðŸ¤ from 194245240041897984
[2026-09-09 05:29:25Z] âœ… Revoked role ðŸ¤ from 195284975183069184
[2026-09-09 05:29:25Z] âœ… Revoked role ðŸ¤ from 234479235551592448
[2026-09-09 05:29:25Z] âœ… Revoked role ðŸƒ from 243191787294949386
[2026-09-09 05:29:26Z] âœ… Revoked role ðŸƒ from 195284975183069184
[2026-09-09 05:29:26Z] âœ… Revoked role ðŸƒ from 333464277794947072
[2026-09-09 05:29:33Z] âœ… Revoked role ðŸƒ from 193880505521930240
[2026-09-09 05:29:34Z] âœ… Revoked role ðŸƒ from 194245240041897984
[2026-09-09 05:29:44Z] âœ… Revoked role ðŸŒ¸ from 243191787294949386
[2026-09-09 05:29:44Z] âœ… Revoked role ðŸŽ¬ from 195284975183069184
[2026-09-09 05:29:44Z] âœ… Revoked role ðŸŽ¬ from 234479235551592448
[2026-09-09 05:29:44Z] âœ… Revoked role ðŸŽ¬ from 243191787294949386
[2026-09-09 05:29:44Z] âœ… Revoked role ðŸŽ¬ from 333464277794947072
[2026-09-09 05:29:45Z] âœ… Revoked role ðŸŒ¸ from 193880505521930240
[2026-09-09 05:29:45Z] âœ… Revoked role ðŸŒ¸ from 194245240041897984
[2026-09-09 05:29:45Z] âœ… Revoked role ðŸŒ¸ from 195284975183069184
[2026-09-09 05:29:45Z] âœ… Revoked role ðŸŒ¸ from 234479235551592448
[2026-09-09 05:29:45Z] âœ… Revoked role ðŸŒ¸ from 333464277794947072
[2026-09-09 05:29:54Z] âœ… Revoked role ðŸˆ from 193880505521930240
[2026-09-09 05:29:54Z] âœ… Revoked role ðŸˆ from 195284975183069184
[2026-09-09 05:29:54Z] âœ… Revoked role ðŸˆ from 234479235551592448
[2026-09-09 05:29:54Z] âœ… Revoked role ðŸˆ from 243191787294949386
[2026-09-09 05:29:54Z] âœ… Revoked role ðŸˆ from 333464277794947072
[2026-09-09 05:29:55Z] âœ… Granted role ðŸ¤ to 243191787294949386
[2026-09-09 05:29:56Z] âœ… Granted role ðŸ¤ to 193880505521930240
[2026-09-09 05:29:56Z] âœ… Granted role ðŸ¤ to 194245240041897984
[2026-09-09 05:29:56Z] âœ… Granted role ðŸ¤ to 195284975183069184
[2026-09-09 05:29:56Z] âœ… Granted role ðŸ¤ to 333464277794947072
[2026-09-09 05:30:04Z] âœ… Granted role ðŸ¤ to 234479235551592448
[2026-09-09 05:30:05Z] âœ… Granted role ðŸƒ to 243191787294949386
[2026-09-09 05:30:05Z] âœ… Granted role ðŸƒ to 333464277794947072
[2026-09-09 05:30:06Z] âœ… Granted role ðŸƒ to 193880505521930240
[2026-09-09 05:30:06Z] âœ… Granted role ðŸƒ to 194245240041897984
[2026-09-09 05:30:06Z] âœ… Granted role ðŸƒ to 195284975183069184
[2026-09-09 05:30:21Z] âœ… Revoked role ðŸŽª from 193880505521930240
[2026-09-09 05:30:21Z] âœ… Revoked role ðŸŽª from 195284975183069184
[2026-09-09 05:30:21Z] âœ… Revoked role ðŸŽª from 243191787294949386
[2026-09-09 05:30:21Z] âœ… Revoked role ðŸŽª from 333464277794947072
[2026-09-09 05:30:22Z] âœ… Revoked role ðŸ¤ from 243191787294949386
[2026-09-09 05:30:22Z] âœ… Revoked role ðŸŽª from 194245240041897984
[2026-09-09 05:30:22Z] âœ… Revoked role ðŸŽª from 234479235551592448
[2026-09-09 05:30:23Z] âœ… Revoked role ðŸ¤ from 193880505521930240
[2026-09-09 05:30:23Z] âœ… Revoked role ðŸ¤ from 195284975183069184
[2026-09-09 05:30:23Z] âœ… Revoked role ðŸ¤ from 333464277794947072
[2026-09-09 05:30:31Z] âœ… Revoked role ðŸ¤ from 194245240041897984
[2026-09-09 05:30:31Z] âœ… Revoked role ðŸ¤ from 234479235551592448
[2026-09-09 05:30:51Z] âœ… Revoked role ðŸƒ from 193880505521930240
[2026-09-09 05:30:51Z] âœ… Revoked role ðŸƒ from 194245240041897984
[2026-09-09 05:30:51Z] âœ… Revoked role ðŸƒ from 195284975183069184
[2026-09-09 05:30:51Z] âœ… Revoked role ðŸƒ from 243191787294949386
[2026-09-09 05:30:51Z] âœ… Revoked role ðŸƒ from 333464277794947072
[2026-09-09 05:33:21Z] âœ… Quote saved: "ass crazy style"
[2026-09-09 10:02:24Z] âœ… Quote callback reaction added
[2026-09-12 04:58:24Z] âœ… Granted role ðŸŽ¬ to 195284975183069184
[2026-09-12 04:58:24Z] âœ… Granted role ðŸŽ¬ to 234479235551592448
[2026-09-12 04:58:24Z] âœ… Granted role ðŸŽ¬ to 243191787294949386
[2026-09-12 04:58:24Z] âœ… Granted role ðŸŽ¬ to 333464277794947072
[2026-09-12 04:58:25Z] âœ… Granted role ðŸŒ¸ to 193880505521930240
[2026-09-12 04:58:25Z] âœ… Granted role ðŸŒ¸ to 195284975183069184
[2026-09-12 04:58:25Z] âœ… Granted role ðŸŒ¸ to 234479235551592448
[2026-09-12 04:58:25Z] âœ… Granted role ðŸŒ¸ to 243191787294949386
[2026-09-12 04:58:26Z] âœ… Granted role ðŸŒ¸ to 194245240041897984
[2026-09-12 04:58:26Z] âœ… Granted role ðŸŒ¸ to 333464277794947072
[2026-09-12 04:58:34Z] âœ… Granted role ðŸˆ to 193880505521930240
[2026-09-12 04:58:34Z] âœ… Granted role ðŸˆ to 243191787294949386
[2026-09-12 04:58:35Z] âœ… Granted role ðŸˆ to 195284975183069184
[2026-09-12 04:58:35Z] âœ… Granted role ðŸˆ to 234479235551592448
[2026-09-12 04:58:35Z] âœ… Granted role ðŸˆ to 333464277794947072
[2026-09-12 04:58:36Z] âœ… Granted role ðŸŽª to 193880505521930240
[2026-09-12 04:58:36Z] âœ… Granted role ðŸŽª to 195284975183069184
[2026-09-12 04:58:36Z] âœ… Granted role ðŸŽª to 234479235551592448
[2026-09-12 04:58:36Z] âœ… Granted role ðŸŽª to 243191787294949386
[2026-09-12 04:58:37Z] âœ… Granted role ðŸŽª to 194245240041897984
[2026-09-12 04:58:44Z] âœ… Granted role ðŸŽª to 333464277794947072
[2026-09-12 04:58:45Z] âœ… Granted role ðŸ¤ to 193880505521930240
[2026-09-12 04:58:45Z] âœ… Granted role ðŸ¤ to 195284975183069184
[2026-09-12 04:58:45Z] âœ… Granted role ðŸ¤ to 234479235551592448
[2026-09-12 04:58:45Z] âœ… Granted role ðŸ¤ to 243191787294949386
[2026-09-12 04:58:46Z] âœ… Granted role ðŸ¤ to 194245240041897984
[2026-09-12 04:58:46Z] âœ… Granted role ðŸ¤ to 333464277794947072
[2026-09-12 04:58:46Z] âœ… Granted role ðŸƒ to 243191787294949386
[2026-09-12 04:58:47Z] âœ… Granted role ðŸƒ to 193880505521930240
[2026-09-12 04:58:47Z] âœ… Granted role ðŸƒ to 195284975183069184
[2026-09-12 04:58:54Z] âœ… Granted role ðŸƒ to 194245240041897984
[2026-09-12 04:58:55Z] âœ… Granted role ðŸƒ to 333464277794947072
[2026-09-12 04:58:58Z] âœ… Quote callback reaction added
[2026-09-12 04:59:00Z] âœ… Quote callback reaction added
[2026-09-12 04:59:05Z] âœ… Quote callback reaction added
[2026-09-12 04:59:07Z] âœ… Quote callback reaction added
[2026-09-12 05:52:46Z] âŒ Failed to revoke role ðŸŒ¸ from 193880505521930240 (will retry)
[2026-09-12 05:52:46Z] âŒ Failed to revoke role ðŸŒ¸ from 195284975183069184 (will retry)
[2026-09-12 05:52:46Z] âŒ Failed to revoke role ðŸŒ¸ from 243191787294949386 (will retry)
[2026-09-12 05:52:46Z] âŒ Failed to revoke role ðŸŽ¬ from 195284975183069184 (will retry)
[2026-09-12 05:52:46Z] âŒ Failed to revoke role ðŸŽ¬ from 234479235551592448 (will retry)
[2026-09-12 05:52:46Z] âŒ Failed to revoke role ðŸŽ¬ from 243191787294949386 (will retry)
[2026-09-12 05:52:46Z] âŒ Failed to revoke role ðŸŽ¬ from 333464277794947072 (will retry)
[2026-09-12 05:52:47Z] âŒ Failed to revoke role ðŸˆ from 193880505521930240 (will retry)
[2026-09-12 05:52:47Z] âŒ Failed to revoke role ðŸˆ from 195284975183069184 (will retry)
[2026-09-12 05:52:47Z] âŒ Failed to revoke role ðŸˆ from 243191787294949386 (will retry)
[2026-09-12 05:52:47Z] âŒ Failed to revoke role ðŸŒ¸ from 194245240041897984 (will retry)
[2026-09-12 05:52:47Z] âŒ Failed to revoke role ðŸŒ¸ from 234479235551592448 (will retry)
[2026-09-12 05:52:47Z] âŒ Failed to revoke role ðŸŒ¸ from 333464277794947072 (will retry)
[2026-09-12 05:52:48Z] âŒ Failed to revoke role ðŸˆ from 234479235551592448 (will retry)
[2026-09-12 05:52:48Z] âŒ Failed to revoke role ðŸˆ from 333464277794947072 (will retry)
[2026-09-12 05:52:48Z] âŒ Failed to revoke role ðŸŽª from 193880505521930240 (will retry)
[2026-09-12 05:52:48Z] âŒ Failed to revoke role ðŸŽª from 195284975183069184 (will retry)
[2026-09-12 05:52:48Z] âŒ Failed to revoke role ðŸŽª from 234479235551592448 (will retry)
[2026-09-12 05:52:48Z] âŒ Failed to revoke role ðŸŽª from 243191787294949386 (will retry)
[2026-09-12 05:52:49Z] âŒ Failed to revoke role ðŸ¤ from 193880505521930240 (will retry)
[2026-09-12 05:52:49Z] âŒ Failed to revoke role ðŸ¤ from 194245240041897984 (will retry)
[2026-09-12 05:52:49Z] âŒ Failed to revoke role ðŸ¤ from 195284975183069184 (will retry)
[2026-09-12 05:52:49Z] âŒ Failed to revoke role ðŸ¤ from 234479235551592448 (will retry)
[2026-09-12 05:52:49Z] âŒ Failed to revoke role ðŸ¤ from 243191787294949386 (will retry)
[2026-09-12 05:52:49Z] âŒ Failed to revoke role ðŸŽª from 194245240041897984 (will retry)
[2026-09-12 05:52:49Z] âŒ Failed to revoke role ðŸŽª from 333464277794947072 (will retry)
[2026-09-12 05:52:50Z] âŒ Failed to revoke role ðŸ¤ from 333464277794947072 (will retry)
[2026-09-12 05:52:50Z] âŒ Failed to revoke role ðŸƒ from 193880505521930240 (will retry)
[2026-09-12 05:52:50Z] âŒ Failed to revoke role ðŸƒ from 194245240041897984 (will retry)
[2026-09-12 05:52:50Z] âŒ Failed to revoke role ðŸƒ from 195284975183069184 (will retry)
[2026-09-12 05:52:50Z] âŒ Failed to revoke role ðŸƒ from 243191787294949386 (will retry)
[2026-09-12 05:52:50Z] âŒ Failed to revoke role ðŸƒ from 333464277794947072 (will retry)
[2026-09-12 05:53:10Z] âŒ Failed to revoke role ðŸŽ® from 193880505521930240 (will retry)
[2026-09-12 05:53:10Z] âŒ Failed to revoke role ðŸŽ® from 243191787294949386 (will retry)
[2026-09-12 05:53:11Z] âŒ Failed to revoke role ðŸŽ¨ from 193880505521930240 (will retry)
[2026-09-12 05:53:11Z] âŒ Failed to revoke role ðŸŽ¨ from 243191787294949386 (will retry)
[2026-09-12 05:53:11Z] âŒ Failed to revoke role ðŸŽ® from 194245240041897984 (will retry)
[2026-09-12 05:53:11Z] âŒ Failed to revoke role ðŸŽ® from 195284975183069184 (will retry)
[2026-09-12 05:53:11Z] âŒ Failed to revoke role ðŸŽ® from 234479235551592448 (will retry)
[2026-09-12 05:53:11Z] âŒ Failed to revoke role ðŸŽ® from 333464277794947072 (will retry)
[2026-09-12 05:53:12Z] âŒ Failed to revoke role ðŸ² from 195284975183069184 (will retry)
[2026-09-12 05:53:12Z] âŒ Failed to revoke role ðŸ² from 243191787294949386 (will retry)
[2026-09-12 05:53:12Z] âŒ Failed to revoke role ðŸŽ¨ from 195284975183069184 (will retry)
[2026-09-12 05:53:12Z] âŒ Failed to revoke role ðŸŽ¨ from 234479235551592448 (will retry)
[2026-09-12 05:53:12Z] âŒ Failed to revoke role ðŸŽ¨ from 333464277794947072 (will retry)
[2026-09-12 05:53:12Z] âŒ Failed to revoke role ðŸ’» from 194245240041897984 (will retry)
[2026-09-12 05:53:13Z] âŒ Failed to revoke role ðŸŽµ from 193880505521930240 (will retry)
[2026-09-12 05:53:13Z] âŒ Failed to revoke role ðŸŽµ from 195284975183069184 (will retry)
[2026-09-12 05:53:13Z] âŒ Failed to revoke role ðŸŽµ from 243191787294949386 (will retry)
[2026-09-12 05:53:13Z] âŒ Failed to revoke role ðŸ’» from 193880505521930240 (will retry)
[2026-09-12 05:53:13Z] âŒ Failed to revoke role ðŸ’» from 333464277794947072 (will retry)
[2026-09-12 05:53:14Z] âŒ Failed to revoke role ðŸŒ¸ from 193880505521930240 (will retry)
[2026-09-12 05:53:14Z] âŒ Failed to revoke role ðŸŒ¸ from 243191787294949386 (will retry)
[2026-09-12 05:53:14Z] âŒ Failed to revoke role ðŸŽ¬ from 195284975183069184 (will retry)
[2026-09-12 05:53:14Z] âŒ Failed to revoke role ðŸŽ¬ from 234479235551592448 (will retry)
[2026-09-12 05:53:14Z] âŒ Failed to revoke role ðŸŽ¬ from 243191787294949386 (will retry)
[2026-09-12 05:53:14Z] âŒ Failed to revoke role ðŸŽ¬ from 333464277794947072 (will retry)
[2026-09-12 05:53:15Z] âŒ Failed to revoke role ðŸˆ from 193880505521930240 (will retry)
[2026-09-12 05:53:15Z] âŒ Failed to revoke role ðŸˆ from 195284975183069184 (will retry)
[2026-09-12 05:53:15Z] âŒ Failed to revoke role ðŸˆ from 243191787294949386 (will retry)
[2026-09-12 05:53:15Z] âŒ Failed to revoke role ðŸŒ¸ from 194245240041897984 (will retry)
[2026-09-12 05:53:15Z] âŒ Failed to revoke role ðŸŒ¸ from 195284975183069184 (will retry)
[2026-09-12 05:53:15Z] âŒ Failed to revoke role ðŸŒ¸ from 234479235551592448 (will retry)
[2026-09-12 05:53:15Z] âŒ Failed to revoke role ðŸŒ¸ from 333464277794947072 (will retry)
[2026-09-12 05:53:16Z] âŒ Failed to revoke role ðŸˆ from 234479235551592448 (will retry)
[2026-09-12 05:53:16Z] âŒ Failed to revoke role ðŸˆ from 333464277794947072 (will retry)
[2026-09-12 05:53:16Z] âŒ Failed to revoke role ðŸŽª from 193880505521930240 (will retry)
[2026-09-12 05:53:16Z] âŒ Failed to revoke role ðŸŽª from 195284975183069184 (will retry)
[2026-09-12 05:53:16Z] âŒ Failed to revoke role ðŸŽª from 234479235551592448 (will retry)
[2026-09-12 05:53:16Z] âŒ Failed to revoke role ðŸŽª from 243191787294949386 (will retry)
[2026-09-12 05:53:17Z] âŒ Failed to revoke role ðŸ¤ from 193880505521930240 (will retry)
[2026-09-12 05:53:17Z] âŒ Failed to revoke role ðŸ¤ from 195284975183069184 (will retry)
[2026-09-12 05:53:17Z] âŒ Failed to revoke role ðŸ¤ from 234479235551592448 (will retry)
[2026-09-12 05:53:17Z] âŒ Failed to revoke role ðŸ¤ from 243191787294949386 (will retry)
[2026-09-12 05:53:17Z] âŒ Failed to revoke role ðŸŽª from 194245240041897984 (will retry)
[2026-09-12 05:53:17Z] âŒ Failed to revoke role ðŸŽª from 333464277794947072 (will retry)
[2026-09-12 05:53:18Z] âŒ Failed to revoke role ðŸ¤ from 194245240041897984 (will retry)
[2026-09-12 05:53:18Z] âŒ Failed to revoke role ðŸ¤ from 333464277794947072 (will retry)
[2026-09-12 05:53:18Z] âŒ Failed to revoke role ðŸƒ from 193880505521930240 (will retry)
[2026-09-12 05:53:18Z] âŒ Failed to revoke role ðŸƒ from 194245240041897984 (will retry)
[2026-09-12 05:53:18Z] âŒ Failed to revoke role ðŸƒ from 195284975183069184 (will retry)
[2026-09-12 05:53:18Z] âŒ Failed to revoke role ðŸƒ from 243191787294949386 (will retry)
[2026-09-12 05:53:19Z] âŒ Failed to revoke role ðŸƒ from 333464277794947072 (will retry)
[2026-09-12 05:53:40Z] âŒ Failed to revoke role ðŸŽ® from 193880505521930240 (will retry)
[2026-09-12 05:53:40Z] âŒ Failed to revoke role ðŸŽ® from 243191787294949386 (will retry)
[2026-09-12 05:53:41Z] âŒ Failed to revoke role ðŸŽ¨ from 193880505521930240 (will retry)
[2026-09-12 05:53:41Z] âŒ Failed to revoke role ðŸŽ¨ from 243191787294949386 (will retry)
[2026-09-12 05:53:41Z] âŒ Failed to revoke role ðŸŽ® from 194245240041897984 (will retry)
[2026-09-12 05:53:41Z] âŒ Failed to revoke role ðŸŽ® from 195284975183069184 (will retry)
[2026-09-12 05:53:41Z] âŒ Failed to revoke role ðŸŽ® from 234479235551592448 (will retry)
[2026-09-12 05:53:41Z] âŒ Failed to revoke role ðŸŽ® from 333464277794947072 (will retry)
[2026-09-12 05:53:42Z] âŒ Failed to revoke role ðŸ² from 195284975183069184 (will retry)
[2026-09-12 05:53:42Z] âŒ Failed to revoke role ðŸ² from 243191787294949386 (will retry)
[2026-09-12 05:53:42Z] âŒ Failed to revoke role ðŸŽ¨ from 195284975183069184 (will retry)
[2026-09-12 05:53:42Z] âŒ Failed to revoke role ðŸŽ¨ from 234479235551592448 (will retry)
[2026-09-12 05:53:42Z] âŒ Failed to revoke role ðŸŽ¨ from 333464277794947072 (will retry)
[2026-09-12 05:53:43Z] âŒ Failed to revoke role ðŸŽµ from 193880505521930240 (will retry)
[2026-09-12 05:53:43Z] âŒ Failed to revoke role ðŸŽµ from 195284975183069184 (will retry)
[2026-09-12 05:53:43Z] âŒ Failed to revoke role ðŸŽµ from 243191787294949386 (will retry)
[2026-09-12 05:53:43Z] âŒ Failed to revoke role ðŸ’» from 193880505521930240 (will retry)
[2026-09-12 05:53:43Z] âŒ Failed to revoke role ðŸ’» from 194245240041897984 (will retry)
[2026-09-12 05:53:43Z] âŒ Failed to revoke role ðŸ’» from 333464277794947072 (will retry)
[2026-09-12 05:53:44Z] âŒ Failed to revoke role ðŸŒ¸ from 193880505521930240 (will retry)
[2026-09-12 05:53:44Z] âŒ Failed to revoke role ðŸŒ¸ from 243191787294949386 (will retry)
[2026-09-12 05:53:44Z] âŒ Failed to revoke role ðŸŽ¬ from 195284975183069184 (will retry)
[2026-09-12 05:53:44Z] âŒ Failed to revoke role ðŸŽ¬ from 234479235551592448 (will retry)
[2026-09-12 05:53:44Z] âŒ Failed to revoke role ðŸŽ¬ from 243191787294949386 (will retry)
[2026-09-12 05:53:44Z] âŒ Failed to revoke role ðŸŽ¬ from 333464277794947072 (will retry)
[2026-09-12 05:53:45Z] âŒ Failed to revoke role ðŸˆ from 193880505521930240 (will retry)
[2026-09-12 05:53:45Z] âŒ Failed to revoke role ðŸˆ from 195284975183069184 (will retry)
[2026-09-12 05:53:45Z] âŒ Failed to revoke role ðŸˆ from 243191787294949386 (will retry)
[2026-09-12 05:53:45Z] âŒ Failed to revoke role ðŸŒ¸ from 194245240041897984 (will retry)
[2026-09-12 05:53:45Z] âŒ Failed to revoke role ðŸŒ¸ from 195284975183069184 (will retry)
[2026-09-12 05:53:45Z] âŒ Failed to revoke role ðŸŒ¸ from 234479235551592448 (will retry)
[2026-09-12 05:53:45Z] âŒ Failed to revoke role ðŸŒ¸ from 333464277794947072 (will retry)
[2026-09-12 05:53:46Z] âŒ Failed to revoke role ðŸˆ from 234479235551592448 (will retry)
[2026-09-12 05:53:46Z] âŒ Failed to revoke role ðŸˆ from 333464277794947072 (will retry)
[2026-09-12 05:53:46Z] âŒ Failed to revoke role ðŸŽª from 193880505521930240 (will retry)
[2026-09-12 05:53:46Z] âŒ Failed to revoke role ðŸŽª from 195284975183069184 (will retry)
[2026-09-12 05:53:46Z] âŒ Failed to revoke role ðŸŽª from 234479235551592448 (will retry)
[2026-09-12 05:53:46Z] âŒ Failed to revoke role ðŸŽª from 243191787294949386 (will retry)
[2026-09-12 05:53:47Z] âŒ Failed to revoke role ðŸ¤ from 193880505521930240 (will retry)
[2026-09-12 05:53:47Z] âŒ Failed to revoke role ðŸ¤ from 194245240041897984 (will retry)
[2026-09-12 05:53:47Z] âŒ Failed to revoke role ðŸ¤ from 195284975183069184 (will retry)
[2026-09-12 05:53:47Z] âŒ Failed to revoke role ðŸ¤ from 234479235551592448 (will retry)
[2026-09-12 05:53:47Z] âŒ Failed to revoke role ðŸ¤ from 243191787294949386 (will retry)
[2026-09-12 05:53:47Z] âŒ Failed to revoke role ðŸŽª from 194245240041897984 (will retry)
[2026-09-12 05:53:47Z] âŒ Failed to revoke role ðŸŽª from 333464277794947072 (will retry)
[2026-09-12 05:53:48Z] âŒ Failed to revoke role ðŸ¤ from 333464277794947072 (will retry)
[2026-09-12 05:53:48Z] âŒ Failed to revoke role ðŸƒ from 193880505521930240 (will retry)
[2026-09-12 05:53:48Z] âŒ Failed to revoke role ðŸƒ from 194245240041897984 (will retry)
[2026-09-12 05:53:48Z] âŒ Failed to revoke role ðŸƒ from 195284975183069184 (will retry)
[2026-09-12 05:53:48Z] âŒ Failed to revoke role ðŸƒ from 243191787294949386 (will retry)
[2026-09-12 05:53:48Z] âŒ Failed to revoke role ðŸƒ from 333464277794947072 (will retry)
[2026-09-12 05:54:10Z] âŒ Failed to revoke role ðŸŽ® from 193880505521930240 (will retry)
[2026-09-12 05:54:10Z] âŒ Failed to revoke role ðŸŽ® from 243191787294949386 (will retry)
[2026-09-12 05:54:11Z] âŒ Failed to revoke role ðŸŽ¨ from 193880505521930240 (will retry)
[2026-09-12 05:54:11Z] âŒ Failed to revoke role ðŸŽ¨ from 243191787294949386 (will retry)
[2026-09-12 05:54:11Z] âŒ Failed to revoke role ðŸŽ® from 194245240041897984 (will retry)
[2026-09-12 05:54:11Z] âŒ Failed to revoke role ðŸŽ® from 195284975183069184 (will retry)
[2026-09-12 05:54:11Z] âŒ Failed to revoke role ðŸŽ® from 234479235551592448 (will retry)
[2026-09-12 05:54:11Z] âŒ Failed to revoke role ðŸŽ® from 333464277794947072 (will retry)
[2026-09-12 05:54:12Z] âŒ Failed to revoke role ðŸ² from 195284975183069184 (will retry)
[2026-09-12 05:54:12Z] âŒ Failed to revoke role ðŸ² from 243191787294949386 (will retry)
[2026-09-12 05:54:12Z] âŒ Failed to revoke role ðŸŽ¨ from 195284975183069184 (will retry)
[2026-09-12 05:54:12Z] âŒ Failed to revoke role ðŸŽ¨ from 234479235551592448 (will retry)
[2026-09-12 05:54:12Z] âŒ Failed to revoke role ðŸŽ¨ from 333464277794947072 (will retry)
[2026-09-12 05:54:13Z] âŒ Failed to revoke role ðŸ’» from 193880505521930240 (will retry)
[2026-09-12 05:54:13Z] âŒ Failed to revoke role ðŸ’» from 194245240041897984 (will retry)
[2026-09-12 05:54:13Z] âŒ Failed to revoke role ðŸ’» from 333464277794947072 (will retry)
[2026-09-12 05:54:14Z] âŒ Failed to revoke role ðŸŽ¬ from 234479235551592448 (will retry)
[2026-09-12 05:54:14Z] âŒ Failed to revoke role ðŸŽ¬ from 243191787294949386 (will retry)
[2026-09-12 05:54:14Z] âŒ Failed to revoke role ðŸŽ¬ from 333464277794947072 (will retry)
[2026-09-12 05:54:14Z] âŒ Failed to revoke role ðŸŽµ from 193880505521930240 (will retry)
[2026-09-12 05:54:14Z] âŒ Failed to revoke role ðŸŽµ from 195284975183069184 (will retry)
[2026-09-12 05:54:14Z] âŒ Failed to revoke role ðŸŽµ from 243191787294949386 (will retry)
[2026-09-12 05:54:15Z] âŒ Failed to revoke role ðŸŒ¸ from 193880505521930240 (will retry)
[2026-09-12 05:54:15Z] âŒ Failed to revoke role ðŸŒ¸ from 194245240041897984 (will retry)
[2026-09-12 05:54:15Z] âŒ Failed to revoke role ðŸŒ¸ from 195284975183069184 (will retry)
[2026-09-12 05:54:15Z] âŒ Failed to revoke role ðŸŒ¸ from 234479235551592448 (will retry)
[2026-09-12 05:54:15Z] âŒ Failed to revoke role ðŸŒ¸ from 243191787294949386 (will retry)
[2026-09-12 05:54:15Z] âŒ Failed to revoke role ðŸŒ¸ from 333464277794947072 (will retry)
[2026-09-12 05:54:15Z] âŒ Failed to revoke role ðŸŽ¬ from 195284975183069184 (will retry)
[2026-09-12 05:54:16Z] âŒ Failed to revoke role ðŸˆ from 193880505521930240 (will retry)
[2026-09-12 05:54:16Z] âŒ Failed to revoke role ðŸˆ from 195284975183069184 (will retry)
[2026-09-12 05:54:16Z] âŒ Failed to revoke role ðŸˆ from 234479235551592448 (will retry)
[2026-09-12 05:54:16Z] âŒ Failed to revoke role ðŸˆ from 243191787294949386 (will retry)
[2026-09-12 05:54:16Z] âŒ Failed to revoke role ðŸˆ from 333464277794947072 (will retry)
[2026-09-12 05:54:17Z] âŒ Failed to revoke role ðŸŽª from 193880505521930240 (will retry)
[2026-09-12 05:54:17Z] âŒ Failed to revoke role ðŸŽª from 194245240041897984 (will retry)
[2026-09-12 05:54:17Z] âŒ Failed to revoke role ðŸŽª from 195284975183069184 (will retry)
[2026-09-12 05:54:17Z] âŒ Failed to revoke role ðŸŽª from 234479235551592448 (will retry)
[2026-09-12 05:54:17Z] âŒ Failed to revoke role ðŸŽª from 243191787294949386 (will retry)
[2026-09-12 05:54:17Z] âŒ Failed to revoke role ðŸŽª from 333464277794947072 (will retry)
[2026-09-12 05:54:18Z] âŒ Failed to revoke role ðŸ¤ from 193880505521930240 (will retry)
[2026-09-12 05:54:18Z] âŒ Failed to revoke role ðŸ¤ from 194245240041897984 (will retry)
[2026-09-12 05:54:18Z] âŒ Failed to revoke role ðŸ¤ from 195284975183069184 (will retry)
[2026-09-12 05:54:18Z] âŒ Failed to revoke role ðŸ¤ from 234479235551592448 (will retry)
[2026-09-12 05:54:18Z] âŒ Failed to revoke role ðŸ¤ from 243191787294949386 (will retry)
[2026-09-12 05:54:18Z] âŒ Failed to revoke role ðŸ¤ from 333464277794947072 (will retry)
[2026-09-12 05:54:18Z] âŒ Failed to revoke role ðŸƒ from 243191787294949386 (will retry)
[2026-09-12 05:54:19Z] âŒ Failed to revoke role ðŸƒ from 193880505521930240 (will retry)
[2026-09-12 05:54:19Z] âŒ Failed to revoke role ðŸƒ from 194245240041897984 (will retry)
[2026-09-12 05:54:19Z] âŒ Failed to revoke role ðŸƒ from 195284975183069184 (will retry)
[2026-09-12 05:54:19Z] âŒ Failed to revoke role ðŸƒ from 333464277794947072 (will retry)
[2026-09-12 05:54:40Z] âŒ Failed to revoke role ðŸŽ® from 193880505521930240 (will retry)
[2026-09-12 05:54:40Z] âŒ Failed to revoke role ðŸŽ® from 243191787294949386 (will retry)
[2026-09-12 05:54:41Z] âŒ Failed to revoke role ðŸŽ¨ from 193880505521930240 (will retry)
[2026-09-12 05:54:41Z] âŒ Failed to revoke role ðŸŽ¨ from 195284975183069184 (will retry)
[2026-09-12 05:54:41Z] âŒ Failed to revoke role ðŸŽ¨ from 243191787294949386 (will retry)
[2026-09-12 05:54:41Z] âŒ Failed to revoke role ðŸŽ® from 194245240041897984 (will retry)
[2026-09-12 05:54:41Z] âŒ Failed to revoke role ðŸŽ® from 195284975183069184 (will retry)
[2026-09-12 05:54:41Z] âŒ Failed to revoke role ðŸŽ® from 234479235551592448 (will retry)
[2026-09-12 05:54:41Z] âŒ Failed to revoke role ðŸŽ® from 333464277794947072 (will retry)
[2026-09-12 05:54:42Z] âŒ Failed to revoke role ðŸ² from 195284975183069184 (will retry)
[2026-09-12 05:54:42Z] âŒ Failed to revoke role ðŸ² from 243191787294949386 (will retry)
[2026-09-12 05:54:42Z] âŒ Failed to revoke role ðŸŽ¨ from 234479235551592448 (will retry)
[2026-09-12 05:54:42Z] âŒ Failed to revoke role ðŸŽ¨ from 333464277794947072 (will retry)
[2026-09-12 05:54:42Z] âŒ Failed to revoke role ðŸ’» from 194245240041897984 (will retry)
[2026-09-12 05:54:43Z] âŒ Failed to revoke role ðŸŽµ from 193880505521930240 (will retry)
[2026-09-12 05:54:43Z] âŒ Failed to revoke role ðŸŽµ from 195284975183069184 (will retry)
[2026-09-12 05:54:43Z] âŒ Failed to revoke role ðŸŽµ from 243191787294949386 (will retry)
[2026-09-12 05:54:43Z] âŒ Failed to revoke role ðŸ’» from 193880505521930240 (will retry)
[2026-09-12 05:54:43Z] âŒ Failed to revoke role ðŸ’» from 333464277794947072 (will retry)
[2026-09-12 05:54:44Z] âŒ Failed to revoke role ðŸŒ¸ from 193880505521930240 (will retry)
[2026-09-12 05:54:44Z] âŒ Failed to revoke role ðŸŒ¸ from 195284975183069184 (will retry)
[2026-09-12 05:54:44Z] âŒ Failed to revoke role ðŸŒ¸ from 243191787294949386 (will retry)
[2026-09-12 05:54:44Z] âŒ Failed to revoke role ðŸŽ¬ from 195284975183069184 (will retry)
[2026-09-12 05:54:44Z] âŒ Failed to revoke role ðŸŽ¬ from 234479235551592448 (will retry)
[2026-09-12 05:54:44Z] âŒ Failed to revoke role ðŸŽ¬ from 243191787294949386 (will retry)
[2026-09-12 05:54:44Z] âŒ Failed to revoke role ðŸŽ¬ from 333464277794947072 (will retry)
[2026-09-12 05:54:45Z] âŒ Failed to revoke role ðŸˆ from 193880505521930240 (will retry)
[2026-09-12 05:54:45Z] âŒ Failed to revoke role ðŸˆ from 195284975183069184 (will retry)
[2026-09-12 05:54:45Z] âŒ Failed to revoke role ðŸˆ from 234479235551592448 (will retry)
[2026-09-12 05:54:45Z] âŒ Failed to revoke role ðŸˆ from 243191787294949386 (will retry)
[2026-09-12 05:54:45Z] âŒ Failed to revoke role ðŸŒ¸ from 194245240041897984 (will retry)
[2026-09-12 05:54:45Z] âŒ Failed to revoke role ðŸŒ¸ from 234479235551592448 (will retry)
[2026-09-12 05:54:45Z] âŒ Failed to revoke role ðŸŒ¸ from 333464277794947072 (will retry)
[2026-09-12 05:54:46Z] âŒ Failed to revoke role ðŸˆ from 333464277794947072 (will retry)
[2026-09-12 05:54:46Z] âŒ Failed to revoke role ðŸŽª from 193880505521930240 (will retry)
[2026-09-12 05:54:46Z] âŒ Failed to revoke role ðŸŽª from 194245240041897984 (will retry)
[2026-09-12 05:54:46Z] âŒ Failed to revoke role ðŸŽª from 195284975183069184 (will retry)
[2026-09-12 05:54:46Z] âŒ Failed to revoke role ðŸŽª from 234479235551592448 (will retry)
[2026-09-12 05:54:46Z] âŒ Failed to revoke role ðŸŽª from 243191787294949386 (will retry)
[2026-09-12 05:54:47Z] âŒ Failed to revoke role ðŸ¤ from 193880505521930240 (will retry)
[2026-09-12 05:54:47Z] âŒ Failed to revoke role ðŸ¤ from 195284975183069184 (will retry)
[2026-09-12 05:54:47Z] âŒ Failed to revoke role ðŸ¤ from 243191787294949386 (will retry)
[2026-09-12 05:54:47Z] âŒ Failed to revoke role ðŸŽª from 333464277794947072 (will retry)
[2026-09-12 05:54:48Z] âŒ Failed to revoke role ðŸ¤ from 194245240041897984 (will retry)
[2026-09-12 05:54:48Z] âŒ Failed to revoke role ðŸ¤ from 234479235551592448 (will retry)
[2026-09-12 05:54:48Z] âŒ Failed to revoke role ðŸ¤ from 333464277794947072 (will retry)
[2026-09-12 05:54:48Z] âŒ Failed to revoke role ðŸƒ from 193880505521930240 (will retry)
[2026-09-12 05:54:48Z] âŒ Failed to revoke role ðŸƒ from 195284975183069184 (will retry)
[2026-09-12 05:54:48Z] âŒ Failed to revoke role ðŸƒ from 243191787294949386 (will retry)
[2026-09-12 05:54:49Z] âŒ Failed to revoke role ðŸƒ from 194245240041897984 (will retry)
[2026-09-12 05:54:49Z] âŒ Failed to revoke role ðŸƒ from 333464277794947072 (will retry)
[2026-09-12 05:55:10Z] âŒ Failed to revoke role ðŸŽ® from 193880505521930240 (will retry)
[2026-09-12 05:55:10Z] âŒ Failed to revoke role ðŸŽ® from 243191787294949386 (will retry)
[2026-09-12 05:55:11Z] âŒ Failed to revoke role ðŸŽ¨ from 193880505521930240 (will retry)
[2026-09-12 05:55:11Z] âŒ Failed to revoke role ðŸŽ¨ from 195284975183069184 (will retry)
[2026-09-12 05:55:11Z] âŒ Failed to revoke role ðŸŽ¨ from 243191787294949386 (will retry)
[2026-09-12 05:55:11Z] âŒ Failed to revoke role ðŸŽ® from 194245240041897984 (will retry)
[2026-09-12 05:55:11Z] âŒ Failed to revoke role ðŸŽ® from 195284975183069184 (will retry)
[2026-09-12 05:55:11Z] âŒ Failed to revoke role ðŸŽ® from 234479235551592448 (will retry)
[2026-09-12 05:55:11Z] âŒ Failed to revoke role ðŸŽ® from 333464277794947072 (will retry)
[2026-09-12 05:55:12Z] âŒ Failed to revoke role ðŸ² from 195284975183069184 (will retry)
[2026-09-12 05:55:12Z] âŒ Failed to revoke role ðŸ² from 243191787294949386 (will retry)
[2026-09-12 05:55:12Z] âŒ Failed to revoke role ðŸŽ¨ from 234479235551592448 (will retry)
[2026-09-12 05:55:12Z] âŒ Failed to revoke role ðŸŽ¨ from 333464277794947072 (will retry)
[2026-09-12 05:55:12Z] âŒ Failed to revoke role ðŸ’» from 194245240041897984 (will retry)
[2026-09-12 05:55:13Z] âŒ Failed to revoke role ðŸ’» from 193880505521930240 (will retry)
[2026-09-12 05:55:13Z] âŒ Failed to revoke role ðŸ’» from 333464277794947072 (will retry)
[2026-09-12 05:55:16Z] âŒ Failed to revoke role ðŸŽ¬ from 234479235551592448 (will retry)
[2026-09-12 05:55:16Z] âŒ Failed to revoke role ðŸŽ¬ from 243191787294949386 (will retry)
[2026-09-12 05:55:16Z] âŒ Failed to revoke role ðŸŽµ from 193880505521930240 (will retry)
[2026-09-12 05:55:16Z] âŒ Failed to revoke role ðŸŽµ from 195284975183069184 (will retry)
[2026-09-12 05:55:16Z] âŒ Failed to revoke role ðŸŽµ from 243191787294949386 (will retry)
[2026-09-12 05:55:17Z] âŒ Failed to revoke role ðŸŒ¸ from 193880505521930240 (will retry)
[2026-09-12 05:55:17Z] âŒ Failed to revoke role ðŸŒ¸ from 195284975183069184 (will retry)
[2026-09-12 05:55:17Z] âŒ Failed to revoke role ðŸŒ¸ from 243191787294949386 (will retry)
[2026-09-12 05:55:17Z] âŒ Failed to revoke role ðŸŽ¬ from 195284975183069184 (will retry)
[2026-09-12 05:55:17Z] âŒ Failed to revoke role ðŸŽ¬ from 333464277794947072 (will retry)
[2026-09-12 05:55:18Z] âŒ Failed to revoke role ðŸˆ from 193880505521930240 (will retry)
[2026-09-12 05:55:18Z] âŒ Failed to revoke role ðŸˆ from 195284975183069184 (will retry)
[2026-09-12 05:55:18Z] âŒ Failed to revoke role ðŸˆ from 243191787294949386 (will retry)
[2026-09-12 05:55:18Z] âŒ Failed to revoke role ðŸŒ¸ from 194245240041897984 (will retry)
[2026-09-12 05:55:18Z] âŒ Failed to revoke role ðŸŒ¸ from 234479235551592448 (will retry)
[2026-09-12 05:55:18Z] âŒ Failed to revoke role ðŸŒ¸ from 333464277794947072 (will retry)
[2026-09-12 05:55:19Z] âŒ Failed to revoke role ðŸˆ from 234479235551592448 (will retry)
[2026-09-12 05:55:19Z] âŒ Failed to revoke role ðŸˆ from 333464277794947072 (will retry)
[2026-09-12 05:55:19Z] âŒ Failed to revoke role ðŸŽª from 193880505521930240 (will retry)
[2026-09-12 05:55:19Z] âŒ Failed to revoke role ðŸŽª from 195284975183069184 (will retry)
[2026-09-12 05:55:19Z] âŒ Failed to revoke role ðŸŽª from 234479235551592448 (will retry)
[2026-09-12 05:55:19Z] âŒ Failed to revoke role ðŸŽª from 243191787294949386 (will retry)
[2026-09-12 05:55:20Z] âŒ Failed to revoke role ðŸ¤ from 193880505521930240 (will retry)
[2026-09-12 05:55:20Z] âŒ Failed to revoke role ðŸ¤ from 195284975183069184 (will retry)
[2026-09-12 05:55:20Z] âŒ Failed to revoke role ðŸ¤ from 234479235551592448 (will retry)
[2026-09-12 05:55:20Z] âŒ Failed to revoke role ðŸ¤ from 243191787294949386 (will retry)
[2026-09-12 05:55:20Z] âŒ Failed to revoke role ðŸŽª from 194245240041897984 (will retry)
[2026-09-12 05:55:20Z] âŒ Failed to revoke role ðŸŽª from 333464277794947072 (will retry)
[2026-09-12 05:55:21Z] âŒ Failed to revoke role ðŸ¤ from 194245240041897984 (will retry)
[2026-09-12 05:55:21Z] âŒ Failed to revoke role ðŸ¤ from 333464277794947072 (will retry)
[2026-09-12 05:55:21Z] âŒ Failed to revoke role ðŸƒ from 193880505521930240 (will retry)
[2026-09-12 05:55:21Z] âŒ Failed to revoke role ðŸƒ from 194245240041897984 (will retry)
[2026-09-12 05:55:21Z] âŒ Failed to revoke role ðŸƒ from 195284975183069184 (will retry)
[2026-09-12 05:55:21Z] âŒ Failed to revoke role ðŸƒ from 243191787294949386 (will retry)
[2026-09-12 05:55:21Z] âŒ Failed to revoke role ðŸƒ from 333464277794947072 (will retry)
[2026-09-12 05:55:40Z] âŒ Failed to revoke role ðŸŽ® from 193880505521930240 (will retry)
[2026-09-12 05:55:40Z] âŒ Failed to revoke role ðŸŽ® from 243191787294949386 (will retry)
[2026-09-12 05:55:41Z] âŒ Failed to revoke role ðŸŽ¨ from 193880505521930240 (will retry)
[2026-09-12 05:55:41Z] âŒ Failed to revoke role ðŸŽ¨ from 195284975183069184 (will retry)
[2026-09-12 05:55:41Z] âŒ Failed to revoke role ðŸŽ¨ from 243191787294949386 (will retry)
[2026-09-12 05:55:41Z] âŒ Failed to revoke role ðŸŽ® from 194245240041897984 (will retry)
[2026-09-12 05:55:41Z] âŒ Failed to revoke role ðŸŽ® from 195284975183069184 (will retry)
[2026-09-12 05:55:41Z] âŒ Failed to revoke role ðŸŽ® from 234479235551592448 (will retry)
[2026-09-12 05:55:41Z] âŒ Failed to revoke role ðŸŽ® from 333464277794947072 (will retry)
[2026-09-12 05:55:42Z] âŒ Failed to revoke role ðŸ² from 195284975183069184 (will retry)
[2026-09-12 05:55:42Z] âŒ Failed to revoke role ðŸ² from 243191787294949386 (will retry)
[2026-09-12 05:55:42Z] âŒ Failed to revoke role ðŸŽ¨ from 234479235551592448 (will retry)
[2026-09-12 05:55:42Z] âŒ Failed to revoke role ðŸŽ¨ from 333464277794947072 (will retry)
[2026-09-12 05:55:42Z] âŒ Failed to revoke role ðŸ’» from 194245240041897984 (will retry)
[2026-09-12 05:55:43Z] âŒ Failed to revoke role ðŸŽµ from 193880505521930240 (will retry)
[2026-09-12 05:55:43Z] âŒ Failed to revoke role ðŸŽµ from 195284975183069184 (will retry)
[2026-09-12 05:55:43Z] âŒ Failed to revoke role ðŸŽµ from 243191787294949386 (will retry)
[2026-09-12 05:55:43Z] âŒ Failed to revoke role ðŸ’» from 193880505521930240 (will retry)
[2026-09-12 05:55:43Z] âŒ Failed to revoke role ðŸ’» from 333464277794947072 (will retry)
[2026-09-12 05:55:44Z] âŒ Failed to revoke role ðŸŒ¸ from 193880505521930240 (will retry)
[2026-09-12 05:55:44Z] âŒ Failed to revoke role ðŸŒ¸ from 243191787294949386 (will retry)
[2026-09-12 05:55:44Z] âŒ Failed to revoke role ðŸŽ¬ from 195284975183069184 (will retry)
[2026-09-12 05:55:44Z] âŒ Failed to revoke role ðŸŽ¬ from 234479235551592448 (will retry)
[2026-09-12 05:55:44Z] âŒ Failed to revoke role ðŸŽ¬ from 243191787294949386 (will retry)
[2026-09-12 05:55:44Z] âŒ Failed to revoke role ðŸŽ¬ from 333464277794947072 (will retry)
[2026-09-12 05:55:45Z] âŒ Failed to revoke role ðŸˆ from 193880505521930240 (will retry)
[2026-09-12 05:55:45Z] âŒ Failed to revoke role ðŸˆ from 195284975183069184 (will retry)
[2026-09-12 05:55:45Z] âŒ Failed to revoke role ðŸˆ from 243191787294949386 (will retry)
[2026-09-12 05:55:45Z] âŒ Failed to revoke role ðŸŒ¸ from 194245240041897984 (will retry)
[2026-09-12 05:55:45Z] âŒ Failed to revoke role ðŸŒ¸ from 195284975183069184 (will retry)
[2026-09-12 05:55:45Z] âŒ Failed to revoke role ðŸŒ¸ from 234479235551592448 (will retry)
[2026-09-12 05:55:45Z] âŒ Failed to revoke role ðŸŒ¸ from 333464277794947072 (will retry)
[2026-09-12 05:55:46Z] âŒ Failed to revoke role ðŸˆ from 234479235551592448 (will retry)
[2026-09-12 05:55:46Z] âŒ Failed to revoke role ðŸˆ from 333464277794947072 (will retry)
[2026-09-12 05:55:46Z] âŒ Failed to revoke role ðŸŽª from 193880505521930240 (will retry)
[2026-09-12 05:55:46Z] âŒ Failed to revoke role ðŸŽª from 195284975183069184 (will retry)
[2026-09-12 05:55:46Z] âŒ Failed to revoke role ðŸŽª from 234479235551592448 (will retry)
[2026-09-12 05:55:46Z] âŒ Failed to revoke role ðŸŽª from 243191787294949386 (will retry)
[2026-09-12 05:55:47Z] âŒ Failed to revoke role ðŸ¤ from 193880505521930240 (will retry)
[2026-09-12 05:55:47Z] âŒ Failed to revoke role ðŸ¤ from 194245240041897984 (will retry)
[2026-09-12 05:55:47Z] âŒ Failed to revoke role ðŸ¤ from 195284975183069184 (will retry)
[2026-09-12 05:55:47Z] âŒ Failed to revoke role ðŸ¤ from 234479235551592448 (will retry)
[2026-09-12 05:55:47Z] âŒ Failed to revoke role ðŸ¤ from 243191787294949386 (will retry)
[2026-09-12 05:55:47Z] âŒ Failed to revoke role ðŸŽª from 194245240041897984 (will retry)
[2026-09-12 05:55:47Z] âŒ Failed to revoke role ðŸŽª from 333464277794947072 (will retry)
[2026-09-12 05:55:48Z] âŒ Failed to revoke role ðŸ¤ from 333464277794947072 (will retry)
[2026-09-12 05:55:48Z] âŒ Failed to revoke role ðŸƒ from 193880505521930240 (will retry)
[2026-09-12 05:55:48Z] âŒ Failed to revoke role ðŸƒ from 194245240041897984 (will retry)
[2026-09-12 05:55:48Z] âŒ Failed to revoke role ðŸƒ from 195284975183069184 (will retry)
[2026-09-12 05:55:48Z] âŒ Failed to revoke role ðŸƒ from 243191787294949386 (will retry)
[2026-09-12 05:55:48Z] âŒ Failed to revoke role ðŸƒ from 333464277794947072 (will retry)
[2026-09-12 05:56:10Z] âŒ Failed to revoke role ðŸŽ® from 193880505521930240 (will retry)
[2026-09-12 05:56:10Z] âŒ Failed to revoke role ðŸŽ® from 243191787294949386 (will retry)
[2026-09-12 05:56:11Z] âŒ Failed to revoke role ðŸŽ® from 194245240041897984 (will retry)
[2026-09-12 05:56:11Z] âŒ Failed to revoke role ðŸŽ® from 195284975183069184 (will retry)
[2026-09-12 05:56:11Z] âŒ Failed to revoke role ðŸŽ® from 234479235551592448 (will retry)
[2026-09-12 05:56:11Z] âŒ Failed to revoke role ðŸŽ® from 333464277794947072 (will retry)
[2026-09-12 05:56:12Z] âŒ Failed to revoke role ðŸŽ¨ from 193880505521930240 (will retry)
[2026-09-12 05:56:12Z] âŒ Failed to revoke role ðŸŽ¨ from 195284975183069184 (will retry)
[2026-09-12 05:56:12Z] âŒ Failed to revoke role ðŸŽ¨ from 234479235551592448 (will retry)
[2026-09-12 05:56:12Z] âŒ Failed to revoke role ðŸŽ¨ from 243191787294949386 (will retry)
[2026-09-12 05:56:12Z] âŒ Failed to revoke role ðŸŽ¨ from 333464277794947072 (will retry)
[2026-09-12 05:56:13Z] âŒ Failed to revoke role ðŸ² from 195284975183069184 (will retry)
[2026-09-12 05:56:13Z] âŒ Failed to revoke role ðŸ² from 243191787294949386 (will retry)
[2026-09-12 05:56:13Z] âŒ Failed to revoke role ðŸ’» from 193880505521930240 (will retry)
[2026-09-12 05:56:13Z] âŒ Failed to revoke role ðŸ’» from 194245240041897984 (will retry)
[2026-09-12 05:56:13Z] âŒ Failed to revoke role ðŸ’» from 333464277794947072 (will retry)
[2026-09-12 05:56:14Z] âŒ Failed to revoke role ðŸŽ¬ from 234479235551592448 (will retry)
[2026-09-12 05:56:14Z] âŒ Failed to revoke role ðŸŽ¬ from 243191787294949386 (will retry)
[2026-09-12 05:56:14Z] âŒ Failed to revoke role ðŸŽ¬ from 333464277794947072 (will retry)
[2026-09-12 05:56:14Z] âŒ Failed to revoke role ðŸŽµ from 193880505521930240 (will retry)
[2026-09-12 05:56:14Z] âŒ Failed to revoke role ðŸŽµ from 195284975183069184 (will retry)
[2026-09-12 05:56:14Z] âŒ Failed to revoke role ðŸŽµ from 243191787294949386 (will retry)
[2026-09-12 05:56:15Z] âŒ Failed to revoke role ðŸŒ¸ from 193880505521930240 (will retry)
[2026-09-12 05:56:15Z] âŒ Failed to revoke role ðŸŒ¸ from 194245240041897984 (will retry)
[2026-09-12 05:56:15Z] âŒ Failed to revoke role ðŸŒ¸ from 195284975183069184 (will retry)
[2026-09-12 05:56:15Z] âŒ Failed to revoke role ðŸŒ¸ from 234479235551592448 (will retry)
[2026-09-12 05:56:15Z] âŒ Failed to revoke role ðŸŒ¸ from 243191787294949386 (will retry)
[2026-09-12 05:56:15Z] âŒ Failed to revoke role ðŸŽ¬ from 195284975183069184 (will retry)
[2026-09-12 05:56:16Z] âŒ Failed to revoke role ðŸˆ from 193880505521930240 (will retry)
[2026-09-12 05:56:16Z] âŒ Failed to revoke role ðŸˆ from 195284975183069184 (will retry)
[2026-09-12 05:56:16Z] âŒ Failed to revoke role ðŸˆ from 234479235551592448 (will retry)
[2026-09-12 05:56:16Z] âŒ Failed to revoke role ðŸˆ from 243191787294949386 (will retry)
[2026-09-12 05:56:16Z] âŒ Failed to revoke role ðŸŒ¸ from 333464277794947072 (will retry)
[2026-09-12 05:56:17Z] âŒ Failed to revoke role ðŸˆ from 333464277794947072 (will retry)
[2026-09-12 05:56:17Z] âŒ Failed to revoke role ðŸŽª from 193880505521930240 (will retry)
[2026-09-12 05:56:17Z] âŒ Failed to revoke role ðŸŽª from 194245240041897984 (will retry)
[2026-09-12 05:56:17Z] âŒ Failed to revoke role ðŸŽª from 195284975183069184 (will retry)
[2026-09-12 05:56:17Z] âŒ Failed to revoke role ðŸŽª from 234479235551592448 (will retry)
[2026-09-12 05:56:17Z] âŒ Failed to revoke role ðŸŽª from 243191787294949386 (will retry)
[2026-09-12 05:56:18Z] âŒ Failed to revoke role ðŸ¤ from 193880505521930240 (will retry)
[2026-09-12 05:56:18Z] âŒ Failed to revoke role ðŸ¤ from 195284975183069184 (will retry)
[2026-09-12 05:56:18Z] âŒ Failed to revoke role ðŸ¤ from 234479235551592448 (will retry)
[2026-09-12 05:56:18Z] âŒ Failed to revoke role ðŸ¤ from 243191787294949386 (will retry)
[2026-09-12 05:56:18Z] âŒ Failed to revoke role ðŸŽª from 333464277794947072 (will retry)
[2026-09-12 05:56:19Z] âŒ Failed to revoke role ðŸ¤ from 194245240041897984 (will retry)
[2026-09-12 05:56:19Z] âŒ Failed to revoke role ðŸ¤ from 333464277794947072 (will retry)
[2026-09-12 05:56:19Z] âŒ Failed to revoke role ðŸƒ from 193880505521930240 (will retry)
[2026-09-12 05:56:19Z] âŒ Failed to revoke role ðŸƒ from 194245240041897984 (will retry)
[2026-09-12 05:56:19Z] âŒ Failed to revoke role ðŸƒ from 195284975183069184 (will retry)
[2026-09-12 05:56:19Z] âŒ Failed to revoke role ðŸƒ from 243191787294949386 (will retry)
[2026-09-12 05:56:19Z] âŒ Failed to revoke role ðŸƒ from 333464277794947072 (will retry)
[2026-09-12 05:56:40Z] âŒ Failed to revoke role ðŸŽ® from 193880505521930240 (will retry)
[2026-09-12 05:56:40Z] âŒ Failed to revoke role ðŸŽ® from 243191787294949386 (will retry)
[2026-09-12 05:56:41Z] âŒ Failed to revoke role ðŸŽ¨ from 193880505521930240 (will retry)
[2026-09-12 05:56:41Z] âŒ Failed to revoke role ðŸŽ¨ from 195284975183069184 (will retry)
[2026-09-12 05:56:41Z] âŒ Failed to revoke role ðŸŽ¨ from 243191787294949386 (will retry)
[2026-09-12 05:56:41Z] âŒ Failed to revoke role ðŸŽ® from 194245240041897984 (will retry)
[2026-09-12 05:56:41Z] âŒ Failed to revoke role ðŸŽ® from 195284975183069184 (will retry)
[2026-09-12 05:56:41Z] âŒ Failed to revoke role ðŸŽ® from 234479235551592448 (will retry)
[2026-09-12 05:56:41Z] âŒ Failed to revoke role ðŸŽ® from 333464277794947072 (will retry)
[2026-09-12 05:56:42Z] âŒ Failed to revoke role ðŸ² from 195284975183069184 (will retry)
[2026-09-12 05:56:42Z] âŒ Failed to revoke role ðŸ² from 243191787294949386 (will retry)
[2026-09-12 05:56:42Z] âŒ Failed to revoke role ðŸŽ¨ from 234479235551592448 (will retry)
[2026-09-12 05:56:42Z] âŒ Failed to revoke role ðŸŽ¨ from 333464277794947072 (will retry)
[2026-09-12 05:56:42Z] âŒ Failed to revoke role ðŸ’» from 194245240041897984 (will retry)
[2026-09-12 05:56:43Z] âŒ Failed to revoke role ðŸŽµ from 193880505521930240 (will retry)
[2026-09-12 05:56:43Z] âŒ Failed to revoke role ðŸŽµ from 195284975183069184 (will retry)
[2026-09-12 05:56:43Z] âŒ Failed to revoke role ðŸŽµ from 243191787294949386 (will retry)
[2026-09-12 05:56:43Z] âŒ Failed to revoke role ðŸ’» from 193880505521930240 (will retry)
[2026-09-12 05:56:43Z] âŒ Failed to revoke role ðŸ’» from 333464277794947072 (will retry)
[2026-09-12 05:56:44Z] âŒ Failed to revoke role ðŸŒ¸ from 193880505521930240 (will retry)
[2026-09-12 05:56:44Z] âŒ Failed to revoke role ðŸŒ¸ from 195284975183069184 (will retry)
[2026-09-12 05:56:44Z] âŒ Failed to revoke role ðŸŒ¸ from 243191787294949386 (will retry)
[2026-09-12 05:56:44Z] âŒ Failed to revoke role ðŸŽ¬ from 195284975183069184 (will retry)
[2026-09-12 05:56:44Z] âŒ Failed to revoke role ðŸŽ¬ from 234479235551592448 (will retry)
[2026-09-12 05:56:44Z] âŒ Failed to revoke role ðŸŽ¬ from 243191787294949386 (will retry)
[2026-09-12 05:56:44Z] âŒ Failed to revoke role ðŸŽ¬ from 333464277794947072 (will retry)
[2026-09-12 05:56:45Z] âŒ Failed to revoke role ðŸˆ from 193880505521930240 (will retry)
[2026-09-12 05:56:45Z] âŒ Failed to revoke role ðŸˆ from 195284975183069184 (will retry)
[2026-09-12 05:56:45Z] âŒ Failed to revoke role ðŸˆ from 234479235551592448 (will retry)
[2026-09-12 05:56:45Z] âŒ Failed to revoke role ðŸˆ from 243191787294949386 (will retry)
[2026-09-12 05:56:45Z] âŒ Failed to revoke role ðŸŒ¸ from 194245240041897984 (will retry)
[2026-09-12 05:56:45Z] âŒ Failed to revoke role ðŸŒ¸ from 234479235551592448 (will retry)
[2026-09-12 05:56:45Z] âŒ Failed to revoke role ðŸŒ¸ from 333464277794947072 (will retry)
[2026-09-12 05:56:46Z] âŒ Failed to revoke role ðŸˆ from 333464277794947072 (will retry)
[2026-09-12 05:56:46Z] âŒ Failed to revoke role ðŸŽª from 193880505521930240 (will retry)
[2026-09-12 05:56:46Z] âŒ Failed to revoke role ðŸŽª from 194245240041897984 (will retry)
[2026-09-12 05:56:46Z] âŒ Failed to revoke role ðŸŽª from 195284975183069184 (will retry)
[2026-09-12 05:56:46Z] âŒ Failed to revoke role ðŸŽª from 234479235551592448 (will retry)
[2026-09-12 05:56:46Z] âŒ Failed to revoke role ðŸŽª from 243191787294949386 (will retry)
[2026-09-12 05:56:47Z] âŒ Failed to revoke role ðŸ¤ from 193880505521930240 (will retry)
[2026-09-12 05:56:47Z] âŒ Failed to revoke role ðŸ¤ from 194245240041897984 (will retry)
[2026-09-12 05:56:47Z] âŒ Failed to revoke role ðŸ¤ from 195284975183069184 (will retry)
[2026-09-12 05:56:47Z] âŒ Failed to revoke role ðŸ¤ from 234479235551592448 (will retry)
[2026-09-12 05:56:47Z] âŒ Failed to revoke role ðŸ¤ from 243191787294949386 (will retry)
[2026-09-12 05:56:47Z] âŒ Failed to revoke role ðŸ¤ from 333464277794947072 (will retry)
[2026-09-12 05:56:47Z] âŒ Failed to revoke role ðŸŽª from 333464277794947072 (will retry)
[2026-09-12 05:56:48Z] âŒ Failed to revoke role ðŸƒ from 193880505521930240 (will retry)
[2026-09-12 05:56:48Z] âŒ Failed to revoke role ðŸƒ from 194245240041897984 (will retry)
[2026-09-12 05:56:48Z] âŒ Failed to revoke role ðŸƒ from 195284975183069184 (will retry)
[2026-09-12 05:56:48Z] âŒ Failed to revoke role ðŸƒ from 243191787294949386 (will retry)
[2026-09-12 05:56:48Z] âŒ Failed to revoke role ðŸƒ from 333464277794947072 (will retry)
[2026-09-12 05:57:10Z] âŒ Failed to revoke role ðŸŽ® from 193880505521930240 (will retry)
[2026-09-12 05:57:10Z] âŒ Failed to revoke role ðŸŽ® from 243191787294949386 (will retry)
[2026-09-12 05:57:11Z] âŒ Failed to revoke role ðŸŽ¨ from 193880505521930240 (will retry)
[2026-09-12 05:57:11Z] âŒ Failed to revoke role ðŸŽ¨ from 243191787294949386 (will retry)
[2026-09-12 05:57:11Z] âŒ Failed to revoke role ðŸŽ® from 194245240041897984 (will retry)
[2026-09-12 05:57:11Z] âŒ Failed to revoke role ðŸŽ® from 195284975183069184 (will retry)
[2026-09-12 05:57:11Z] âŒ Failed to revoke role ðŸŽ® from 234479235551592448 (will retry)
[2026-09-12 05:57:11Z] âŒ Failed to revoke role ðŸŽ® from 333464277794947072 (will retry)
[2026-09-12 05:57:12Z] âŒ Failed to revoke role ðŸ² from 195284975183069184 (will retry)
[2026-09-12 05:57:12Z] âŒ Failed to revoke role ðŸ² from 243191787294949386 (will retry)
[2026-09-12 05:57:12Z] âŒ Failed to revoke role ðŸŽ¨ from 195284975183069184 (will retry)
[2026-09-12 05:57:12Z] âŒ Failed to revoke role ðŸŽ¨ from 234479235551592448 (will retry)
[2026-09-12 05:57:12Z] âŒ Failed to revoke role ðŸŽ¨ from 333464277794947072 (will retry)
[2026-09-12 05:57:12Z] âŒ Failed to revoke role ðŸ’» from 194245240041897984 (will retry)
[2026-09-12 05:57:13Z] âŒ Failed to revoke role ðŸŽµ from 193880505521930240 (will retry)
[2026-09-12 05:57:13Z] âŒ Failed to revoke role ðŸŽµ from 195284975183069184 (will retry)
[2026-09-12 05:57:13Z] âŒ Failed to revoke role ðŸŽµ from 243191787294949386 (will retry)
[2026-09-12 05:57:13Z] âŒ Failed to revoke role ðŸ’» from 193880505521930240 (will retry)
[2026-09-12 05:57:13Z] âŒ Failed to revoke role ðŸ’» from 333464277794947072 (will retry)
[2026-09-12 05:57:14Z] âŒ Failed to revoke role ðŸŽ¬ from 234479235551592448 (will retry)
[2026-09-12 05:57:14Z] âŒ Failed to revoke role ðŸŽ¬ from 243191787294949386 (will retry)
[2026-09-12 05:57:14Z] âŒ Failed to revoke role ðŸŽ¬ from 333464277794947072 (will retry)
[2026-09-12 05:57:15Z] âŒ Failed to revoke role ðŸŒ¸ from 193880505521930240 (will retry)
[2026-09-12 05:57:15Z] âŒ Failed to revoke role ðŸŒ¸ from 194245240041897984 (will retry)
[2026-09-12 05:57:15Z] âŒ Failed to revoke role ðŸŒ¸ from 195284975183069184 (will retry)
[2026-09-12 05:57:15Z] âŒ Failed to revoke role ðŸŒ¸ from 234479235551592448 (will retry)
[2026-09-12 05:57:15Z] âŒ Failed to revoke role ðŸŒ¸ from 243191787294949386 (will retry)
[2026-09-12 05:57:15Z] âŒ Failed to revoke role ðŸŒ¸ from 333464277794947072 (will retry)
[2026-09-12 05:57:15Z] âŒ Failed to revoke role ðŸŽ¬ from 195284975183069184 (will retry)
[2026-09-12 05:57:16Z] âŒ Failed to revoke role ðŸˆ from 193880505521930240 (will retry)
[2026-09-12 05:57:16Z] âŒ Failed to revoke role ðŸˆ from 195284975183069184 (will retry)
[2026-09-12 05:57:16Z] âŒ Failed to revoke role ðŸˆ from 234479235551592448 (will retry)
[2026-09-12 05:57:16Z] âŒ Failed to revoke role ðŸˆ from 243191787294949386 (will retry)
[2026-09-12 05:57:16Z] âŒ Failed to revoke role ðŸˆ from 333464277794947072 (will retry)
[2026-09-12 05:57:17Z] âŒ Failed to revoke role ðŸŽª from 193880505521930240 (will retry)
[2026-09-12 05:57:17Z] âŒ Failed to revoke role ðŸŽª from 194245240041897984 (will retry)
[2026-09-12 05:57:17Z] âŒ Failed to revoke role ðŸŽª from 195284975183069184 (will retry)
[2026-09-12 05:57:17Z] âŒ Failed to revoke role ðŸŽª from 234479235551592448 (will retry)
[2026-09-12 05:57:17Z] âŒ Failed to revoke role ðŸŽª from 243191787294949386 (will retry)
[2026-09-12 05:57:17Z] âŒ Failed to revoke role ðŸŽª from 333464277794947072 (will retry)
[2026-09-12 05:57:18Z] âŒ Failed to revoke role ðŸ¤ from 193880505521930240 (will retry)
[2026-09-12 05:57:18Z] âŒ Failed to revoke role ðŸ¤ from 194245240041897984 (will retry)
[2026-09-12 05:57:18Z] âŒ Failed to revoke role ðŸ¤ from 195284975183069184 (will retry)
[2026-09-12 05:57:18Z] âŒ Failed to revoke role ðŸ¤ from 234479235551592448 (will retry)
[2026-09-12 05:57:18Z] âŒ Failed to revoke role ðŸ¤ from 243191787294949386 (will retry)
[2026-09-12 05:57:18Z] âŒ Failed to revoke role ðŸ¤ from 333464277794947072 (will retry)
[2026-09-12 05:57:19Z] âŒ Failed to revoke role ðŸƒ from 193880505521930240 (will retry)
[2026-09-12 05:57:19Z] âŒ Failed to revoke role ðŸƒ from 194245240041897984 (will retry)
[2026-09-12 05:57:19Z] âŒ Failed to revoke role ðŸƒ from 195284975183069184 (will retry)
[2026-09-12 05:57:19Z] âŒ Failed to revoke role ðŸƒ from 243191787294949386 (will retry)
[2026-09-12 05:57:19Z] âŒ Failed to revoke role ðŸƒ from 333464277794947072 (will retry)
[2026-09-12 05:57:40Z] âŒ Failed to revoke role ðŸŽ® from 193880505521930240 (will retry)
[2026-09-12 05:57:40Z] âŒ Failed to revoke role ðŸŽ® from 243191787294949386 (will retry)
[2026-09-12 05:57:41Z] âŒ Failed to revoke role ðŸŽ¨ from 193880505521930240 (will retry)
[2026-09-12 05:57:41Z] âŒ Failed to revoke role ðŸŽ¨ from 243191787294949386 (will retry)
[2026-09-12 05:57:41Z] âŒ Failed to revoke role ðŸŽ® from 194245240041897984 (will retry)
[2026-09-12 05:57:41Z] âŒ Failed to revoke role ðŸŽ® from 195284975183069184 (will retry)
[2026-09-12 05:57:41Z] âŒ Failed to revoke role ðŸŽ® from 234479235551592448 (will retry)
[2026-09-12 05:57:41Z] âŒ Failed to revoke role ðŸŽ® from 333464277794947072 (will retry)
[2026-09-12 05:57:42Z] âŒ Failed to revoke role ðŸ² from 195284975183069184 (will retry)
[2026-09-12 05:57:42Z] âŒ Failed to revoke role ðŸ² from 243191787294949386 (will retry)
[2026-09-12 05:57:42Z] âŒ Failed to revoke role ðŸŽ¨ from 195284975183069184 (will retry)
[2026-09-12 05:57:42Z] âŒ Failed to revoke role ðŸŽ¨ from 234479235551592448 (will retry)
[2026-09-12 05:57:42Z] âŒ Failed to revoke role ðŸŽ¨ from 333464277794947072 (will retry)
[2026-09-12 05:57:43Z] âŒ Failed to revoke role ðŸ’» from 193880505521930240 (will retry)
[2026-09-12 05:57:43Z] âŒ Failed to revoke role ðŸ’» from 194245240041897984 (will retry)
[2026-09-12 05:57:43Z] âŒ Failed to revoke role ðŸ’» from 333464277794947072 (will retry)
[2026-09-12 05:57:44Z] âŒ Failed to revoke role ðŸŽ¬ from 234479235551592448 (will retry)
[2026-09-12 05:57:44Z] âŒ Failed to revoke role ðŸŽ¬ from 243191787294949386 (will retry)
[2026-09-12 05:57:44Z] âŒ Failed to revoke role ðŸŽ¬ from 333464277794947072 (will retry)
[2026-09-12 05:57:44Z] âŒ Failed to revoke role ðŸŽµ from 193880505521930240 (will retry)
[2026-09-12 05:57:44Z] âŒ Failed to revoke role ðŸŽµ from 195284975183069184 (will retry)
[2026-09-12 05:57:44Z] âŒ Failed to revoke role ðŸŽµ from 243191787294949386 (will retry)
[2026-09-12 05:57:45Z] âŒ Failed to revoke role ðŸŒ¸ from 193880505521930240 (will retry)
[2026-09-12 05:57:45Z] âŒ Failed to revoke role ðŸŒ¸ from 194245240041897984 (will retry)
[2026-09-12 05:57:45Z] âŒ Failed to revoke role ðŸŒ¸ from 195284975183069184 (will retry)
[2026-09-12 05:57:45Z] âŒ Failed to revoke role ðŸŒ¸ from 234479235551592448 (will retry)
[2026-09-12 05:57:45Z] âŒ Failed to revoke role ðŸŒ¸ from 243191787294949386 (will retry)
[2026-09-12 05:57:45Z] âŒ Failed to revoke role ðŸŽ¬ from 195284975183069184 (will retry)
[2026-09-12 05:57:46Z] âŒ Failed to revoke role ðŸˆ from 193880505521930240 (will retry)
[2026-09-12 05:57:46Z] âŒ Failed to revoke role ðŸˆ from 195284975183069184 (will retry)
[2026-09-12 05:57:46Z] âŒ Failed to revoke role ðŸˆ from 234479235551592448 (will retry)
[2026-09-12 05:57:46Z] âŒ Failed to revoke role ðŸˆ from 243191787294949386 (will retry)
[2026-09-12 05:57:46Z] âŒ Failed to revoke role ðŸˆ from 333464277794947072 (will retry)
[2026-09-12 05:57:46Z] âŒ Failed to revoke role ðŸŒ¸ from 333464277794947072 (will retry)
[2026-09-12 05:57:47Z] âŒ Failed to revoke role ðŸŽª from 193880505521930240 (will retry)
[2026-09-12 05:57:47Z] âŒ Failed to revoke role ðŸŽª from 194245240041897984 (will retry)
[2026-09-12 05:57:47Z] âŒ Failed to revoke role ðŸŽª from 195284975183069184 (will retry)
[2026-09-12 05:57:47Z] âŒ Failed to revoke role ðŸŽª from 234479235551592448 (will retry)
[2026-09-12 05:57:47Z] âŒ Failed to revoke role ðŸŽª from 243191787294949386 (will retry)
[2026-09-12 05:57:47Z] âŒ Failed to revoke role ðŸŽª from 333464277794947072 (will retry)
[2026-09-12 05:57:48Z] âŒ Failed to revoke role ðŸ¤ from 193880505521930240 (will retry)
[2026-09-12 05:57:48Z] âŒ Failed to revoke role ðŸ¤ from 194245240041897984 (will retry)
[2026-09-12 05:57:48Z] âŒ Failed to revoke role ðŸ¤ from 195284975183069184 (will retry)
[2026-09-12 05:57:48Z] âŒ Failed to revoke role ðŸ¤ from 234479235551592448 (will retry)
[2026-09-12 05:57:48Z] âŒ Failed to revoke role ðŸ¤ from 243191787294949386 (will retry)
[2026-09-12 05:57:48Z] âŒ Failed to revoke role ðŸ¤ from 333464277794947072 (will retry)
[2026-09-12 05:57:48Z] âŒ Failed to revoke role ðŸƒ from 243191787294949386 (will retry)
[2026-09-12 05:57:49Z] âŒ Failed to revoke role ðŸƒ from 193880505521930240 (will retry)
[2026-09-12 05:57:49Z] âŒ Failed to revoke role ðŸƒ from 194245240041897984 (will retry)
[2026-09-12 05:57:49Z] âŒ Failed to revoke role ðŸƒ from 195284975183069184 (will retry)
[2026-09-12 05:57:49Z] âŒ Failed to revoke role ðŸƒ from 333464277794947072 (will retry)
[2026-09-12 05:58:10Z] âŒ Failed to revoke role ðŸŽ® from 193880505521930240 (will retry)
[2026-09-12 05:58:10Z] âŒ Failed to revoke role ðŸŽ® from 243191787294949386 (will retry)
[2026-09-12 05:58:11Z] âŒ Failed to revoke role ðŸŽ¨ from 193880505521930240 (will retry)
[2026-09-12 05:58:11Z] âŒ Failed to revoke role ðŸŽ¨ from 243191787294949386 (will retry)
[2026-09-12 05:58:11Z] âŒ Failed to revoke role ðŸŽ® from 194245240041897984 (will retry)
[2026-09-12 05:58:11Z] âŒ Failed to revoke role ðŸŽ® from 195284975183069184 (will retry)
[2026-09-12 05:58:11Z] âŒ Failed to revoke role ðŸŽ® from 234479235551592448 (will retry)
[2026-09-12 05:58:11Z] âŒ Failed to revoke role ðŸŽ® from 333464277794947072 (will retry)
[2026-09-12 05:58:12Z] âŒ Failed to revoke role ðŸ² from 195284975183069184 (will retry)
[2026-09-12 05:58:12Z] âŒ Failed to revoke role ðŸ² from 243191787294949386 (will retry)
[2026-09-12 05:58:12Z] âŒ Failed to revoke role ðŸŽ¨ from 195284975183069184 (will retry)
[2026-09-12 05:58:12Z] âŒ Failed to revoke role ðŸŽ¨ from 234479235551592448 (will retry)
[2026-09-12 05:58:12Z] âŒ Failed to revoke role ðŸŽ¨ from 333464277794947072 (will retry)
[2026-09-12 05:58:13Z] âŒ Failed to revoke role ðŸŽµ from 193880505521930240 (will retry)
[2026-09-12 05:58:13Z] âŒ Failed to revoke role ðŸŽµ from 195284975183069184 (will retry)
[2026-09-12 05:58:13Z] âŒ Failed to revoke role ðŸŽµ from 243191787294949386 (will retry)
[2026-09-12 05:58:13Z] âŒ Failed to revoke role ðŸ’» from 193880505521930240 (will retry)
[2026-09-12 05:58:13Z] âŒ Failed to revoke role ðŸ’» from 194245240041897984 (will retry)
[2026-09-12 05:58:13Z] âŒ Failed to revoke role ðŸ’» from 333464277794947072 (will retry)
[2026-09-12 05:58:14Z] âŒ Failed to revoke role ðŸŒ¸ from 193880505521930240 (will retry)
[2026-09-12 05:58:14Z] âŒ Failed to revoke role ðŸŒ¸ from 243191787294949386 (will retry)
[2026-09-12 05:58:14Z] âŒ Failed to revoke role ðŸŽ¬ from 195284975183069184 (will retry)
[2026-09-12 05:58:14Z] âŒ Failed to revoke role ðŸŽ¬ from 234479235551592448 (will retry)
[2026-09-12 05:58:14Z] âŒ Failed to revoke role ðŸŽ¬ from 243191787294949386 (will retry)
[2026-09-12 05:58:14Z] âŒ Failed to revoke role ðŸŽ¬ from 333464277794947072 (will retry)
[2026-09-12 05:58:15Z] âŒ Failed to revoke role ðŸˆ from 193880505521930240 (will retry)
[2026-09-12 05:58:15Z] âŒ Failed to revoke role ðŸˆ from 195284975183069184 (will retry)
[2026-09-12 05:58:15Z] âŒ Failed to revoke role ðŸˆ from 243191787294949386 (will retry)
[2026-09-12 05:58:15Z] âŒ Failed to revoke role ðŸŒ¸ from 194245240041897984 (will retry)
[2026-09-12 05:58:15Z] âŒ Failed to revoke role ðŸŒ¸ from 195284975183069184 (will retry)
[2026-09-12 05:58:15Z] âŒ Failed to revoke role ðŸŒ¸ from 234479235551592448 (will retry)
[2026-09-12 05:58:15Z] âŒ Failed to revoke role ðŸŒ¸ from 333464277794947072 (will retry)
[2026-09-12 05:58:16Z] âŒ Failed to revoke role ðŸˆ from 234479235551592448 (will retry)
[2026-09-12 05:58:16Z] âŒ Failed to revoke role ðŸˆ from 333464277794947072 (will retry)
[2026-09-12 05:58:16Z] âŒ Failed to revoke role ðŸŽª from 193880505521930240 (will retry)
[2026-09-12 05:58:16Z] âŒ Failed to revoke role ðŸŽª from 243191787294949386 (will retry)
[2026-09-12 05:58:17Z] âŒ Failed to revoke role ðŸ¤ from 193880505521930240 (will retry)
[2026-09-12 05:58:17Z] âŒ Failed to revoke role ðŸ¤ from 243191787294949386 (will retry)
[2026-09-12 05:58:17Z] âŒ Failed to revoke role ðŸŽª from 194245240041897984 (will retry)
[2026-09-12 05:58:17Z] âŒ Failed to revoke role ðŸŽª from 195284975183069184 (will retry)
[2026-09-12 05:58:17Z] âŒ Failed to revoke role ðŸŽª from 234479235551592448 (will retry)
[2026-09-12 05:58:17Z] âŒ Failed to revoke role ðŸŽª from 333464277794947072 (will retry)
[2026-09-12 05:58:18Z] âŒ Failed to revoke role ðŸ¤ from 194245240041897984 (will retry)
[2026-09-12 05:58:18Z] âŒ Failed to revoke role ðŸ¤ from 195284975183069184 (will retry)
[2026-09-12 05:58:18Z] âŒ Failed to revoke role ðŸ¤ from 234479235551592448 (will retry)
[2026-09-12 05:58:18Z] âŒ Failed to revoke role ðŸ¤ from 333464277794947072 (will retry)
[2026-09-12 05:58:18Z] âŒ Failed to revoke role ðŸƒ from 193880505521930240 (will retry)
[2026-09-12 05:58:18Z] âŒ Failed to revoke role ðŸƒ from 243191787294949386 (will retry)
[2026-09-12 05:58:19Z] âŒ Failed to revoke role ðŸƒ from 194245240041897984 (will retry)
[2026-09-12 05:58:19Z] âŒ Failed to revoke role ðŸƒ from 195284975183069184 (will retry)
[2026-09-12 05:58:19Z] âŒ Failed to revoke role ðŸƒ from 333464277794947072 (will retry)
[2026-09-12 05:58:40Z] âŒ Failed to revoke role ðŸŽ® from 193880505521930240 (will retry)
[2026-09-12 05:58:40Z] âŒ Failed to revoke role ðŸŽ® from 243191787294949386 (will retry)
[2026-09-12 05:58:41Z] âŒ Failed to revoke role ðŸŽ¨ from 193880505521930240 (will retry)
[2026-09-12 05:58:41Z] âŒ Failed to revoke role ðŸŽ¨ from 243191787294949386 (will retry)
[2026-09-12 05:58:41Z] âŒ Failed to revoke role ðŸŽ® from 194245240041897984 (will retry)
[2026-09-12 05:58:41Z] âŒ Failed to revoke role ðŸŽ® from 195284975183069184 (will retry)
[2026-09-12 05:58:41Z] âŒ Failed to revoke role ðŸŽ® from 234479235551592448 (will retry)
[2026-09-12 05:58:41Z] âŒ Failed to revoke role ðŸŽ® from 333464277794947072 (will retry)
[2026-09-12 05:58:42Z] âŒ Failed to revoke role ðŸ² from 195284975183069184 (will retry)
[2026-09-12 05:58:42Z] âŒ Failed to revoke role ðŸ² from 243191787294949386 (will retry)
[2026-09-12 05:58:42Z] âŒ Failed to revoke role ðŸŽ¨ from 195284975183069184 (will retry)
[2026-09-12 05:58:42Z] âŒ Failed to revoke role ðŸŽ¨ from 234479235551592448 (will retry)
[2026-09-12 05:58:42Z] âŒ Failed to revoke role ðŸŽ¨ from 333464277794947072 (will retry)
[2026-09-12 05:58:43Z] âŒ Failed to revoke role ðŸŽµ from 193880505521930240 (will retry)
[2026-09-12 05:58:43Z] âŒ Failed to revoke role ðŸŽµ from 195284975183069184 (will retry)
[2026-09-12 05:58:43Z] âŒ Failed to revoke role ðŸŽµ from 243191787294949386 (will retry)
[2026-09-12 05:58:43Z] âŒ Failed to revoke role ðŸ’» from 193880505521930240 (will retry)
[2026-09-12 05:58:43Z] âŒ Failed to revoke role ðŸ’» from 194245240041897984 (will retry)
[2026-09-12 05:58:43Z] âŒ Failed to revoke role ðŸ’» from 333464277794947072 (will retry)
[2026-09-12 05:58:44Z] âŒ Failed to revoke role ðŸŒ¸ from 193880505521930240 (will retry)
[2026-09-12 05:58:44Z] âŒ Failed to revoke role ðŸŒ¸ from 243191787294949386 (will retry)
[2026-09-12 05:58:44Z] âŒ Failed to revoke role ðŸŽ¬ from 195284975183069184 (will retry)
[2026-09-12 05:58:44Z] âŒ Failed to revoke role ðŸŽ¬ from 234479235551592448 (will retry)
[2026-09-12 05:58:44Z] âŒ Failed to revoke role ðŸŽ¬ from 243191787294949386 (will retry)
[2026-09-12 05:58:44Z] âŒ Failed to revoke role ðŸŽ¬ from 333464277794947072 (will retry)
[2026-09-12 05:58:45Z] âŒ Failed to revoke role ðŸŒ¸ from 194245240041897984 (will retry)
[2026-09-12 05:58:45Z] âŒ Failed to revoke role ðŸŒ¸ from 195284975183069184 (will retry)
[2026-09-12 05:58:45Z] âŒ Failed to revoke role ðŸŒ¸ from 234479235551592448 (will retry)
[2026-09-12 05:58:45Z] âŒ Failed to revoke role ðŸŒ¸ from 333464277794947072 (will retry)
[2026-09-12 05:58:46Z] âŒ Failed to revoke role ðŸˆ from 193880505521930240 (will retry)
[2026-09-12 05:58:46Z] âŒ Failed to revoke role ðŸˆ from 195284975183069184 (will retry)
[2026-09-12 05:58:46Z] âŒ Failed to revoke role ðŸˆ from 234479235551592448 (will retry)
[2026-09-12 05:58:46Z] âŒ Failed to revoke role ðŸˆ from 243191787294949386 (will retry)
[2026-09-12 05:58:46Z] âŒ Failed to revoke role ðŸˆ from 333464277794947072 (will retry)
[2026-09-12 05:58:46Z] âŒ Failed to revoke role ðŸŽª from 243191787294949386 (will retry)
[2026-09-12 05:58:47Z] âŒ Failed to revoke role ðŸ¤ from 243191787294949386 (will retry)
[2026-09-12 05:58:47Z] âŒ Failed to revoke role ðŸŽª from 193880505521930240 (will retry)
[2026-09-12 05:58:47Z] âŒ Failed to revoke role ðŸŽª from 194245240041897984 (will retry)
[2026-09-12 05:58:47Z] âŒ Failed to revoke role ðŸŽª from 195284975183069184 (will retry)
[2026-09-12 05:58:47Z] âŒ Failed to revoke role ðŸŽª from 234479235551592448 (will retry)
[2026-09-12 05:58:47Z] âŒ Failed to revoke role ðŸŽª from 333464277794947072 (will retry)
[2026-09-12 05:58:48Z] âŒ Failed to revoke role ðŸ¤ from 193880505521930240 (will retry)
[2026-09-12 05:58:48Z] âŒ Failed to revoke role ðŸ¤ from 194245240041897984 (will retry)
[2026-09-12 05:58:48Z] âŒ Failed to revoke role ðŸ¤ from 195284975183069184 (will retry)
[2026-09-12 05:58:48Z] âŒ Failed to revoke role ðŸ¤ from 234479235551592448 (will retry)
[2026-09-12 05:58:48Z] âŒ Failed to revoke role ðŸ¤ from 333464277794947072 (will retry)
[2026-09-12 05:58:48Z] âŒ Failed to revoke role ðŸƒ from 243191787294949386 (will retry)
[2026-09-12 05:58:49Z] âŒ Failed to revoke role ðŸƒ from 193880505521930240 (will retry)
[2026-09-12 05:58:49Z] âŒ Failed to revoke role ðŸƒ from 194245240041897984 (will retry)
[2026-09-12 05:58:49Z] âŒ Failed to revoke role ðŸƒ from 195284975183069184 (will retry)
[2026-09-12 05:58:49Z] âŒ Failed to revoke role ðŸƒ from 333464277794947072 (will retry)
[2026-09-12 05:59:10Z] âŒ Failed to revoke role ðŸŽ® from 193880505521930240 (will retry)
[2026-09-12 05:59:10Z] âŒ Failed to revoke role ðŸŽ® from 243191787294949386 (will retry)
[2026-09-12 05:59:11Z] âŒ Failed to revoke role ðŸŽ® from 194245240041897984 (will retry)
[2026-09-12 05:59:11Z] âŒ Failed to revoke role ðŸŽ® from 195284975183069184 (will retry)
[2026-09-12 05:59:11Z] âŒ Failed to revoke role ðŸŽ® from 234479235551592448 (will retry)
[2026-09-12 05:59:11Z] âŒ Failed to revoke role ðŸŽ® from 333464277794947072 (will retry)
[2026-09-12 05:59:12Z] âŒ Failed to revoke role ðŸ² from 243191787294949386 (will retry)
[2026-09-12 05:59:12Z] âŒ Failed to revoke role ðŸŽ¨ from 193880505521930240 (will retry)
[2026-09-12 05:59:12Z] âŒ Failed to revoke role ðŸŽ¨ from 195284975183069184 (will retry)
[2026-09-12 05:59:12Z] âŒ Failed to revoke role ðŸŽ¨ from 234479235551592448 (will retry)
[2026-09-12 05:59:12Z] âŒ Failed to revoke role ðŸŽ¨ from 243191787294949386 (will retry)
[2026-09-12 05:59:12Z] âŒ Failed to revoke role ðŸŽ¨ from 333464277794947072 (will retry)
[2026-09-12 05:59:13Z] âŒ Failed to revoke role ðŸ² from 195284975183069184 (will retry)
[2026-09-12 05:59:13Z] âŒ Failed to revoke role ðŸ’» from 193880505521930240 (will retry)
[2026-09-12 05:59:13Z] âŒ Failed to revoke role ðŸ’» from 194245240041897984 (will retry)
[2026-09-12 05:59:13Z] âŒ Failed to revoke role ðŸ’» from 333464277794947072 (will retry)
[2026-09-12 05:59:14Z] âŒ Failed to revoke role ðŸŽ¬ from 234479235551592448 (will retry)
[2026-09-12 05:59:14Z] âŒ Failed to revoke role ðŸŽ¬ from 243191787294949386 (will retry)
[2026-09-12 05:59:14Z] âŒ Failed to revoke role ðŸŽµ from 193880505521930240 (will retry)
[2026-09-12 05:59:14Z] âŒ Failed to revoke role ðŸŽµ from 195284975183069184 (will retry)
[2026-09-12 05:59:14Z] âŒ Failed to revoke role ðŸŽµ from 243191787294949386 (will retry)
[2026-09-12 05:59:15Z] âŒ Failed to revoke role ðŸŒ¸ from 193880505521930240 (will retry)
[2026-09-12 05:59:15Z] âŒ Failed to revoke role ðŸŒ¸ from 194245240041897984 (will retry)
[2026-09-12 05:59:15Z] âŒ Failed to revoke role ðŸŒ¸ from 195284975183069184 (will retry)
[2026-09-12 05:59:15Z] âŒ Failed to revoke role ðŸŒ¸ from 234479235551592448 (will retry)
[2026-09-12 05:59:15Z] âŒ Failed to revoke role ðŸŒ¸ from 243191787294949386 (will retry)
[2026-09-12 05:59:15Z] âŒ Failed to revoke role ðŸŽ¬ from 195284975183069184 (will retry)
[2026-09-12 05:59:15Z] âŒ Failed to revoke role ðŸŽ¬ from 333464277794947072 (will retry)
[2026-09-12 05:59:16Z] âŒ Failed to revoke role ðŸˆ from 193880505521930240 (will retry)
[2026-09-12 05:59:16Z] âŒ Failed to revoke role ðŸˆ from 195284975183069184 (will retry)
[2026-09-12 05:59:16Z] âŒ Failed to revoke role ðŸˆ from 234479235551592448 (will retry)
[2026-09-12 05:59:16Z] âŒ Failed to revoke role ðŸˆ from 243191787294949386 (will retry)
[2026-09-12 05:59:16Z] âŒ Failed to revoke role ðŸˆ from 333464277794947072 (will retry)
[2026-09-12 05:59:16Z] âŒ Failed to revoke role ðŸŒ¸ from 333464277794947072 (will retry)
[2026-09-12 05:59:17Z] âŒ Failed to revoke role ðŸŽª from 193880505521930240 (will retry)
[2026-09-12 05:59:17Z] âŒ Failed to revoke role ðŸŽª from 194245240041897984 (will retry)
[2026-09-12 05:59:17Z] âŒ Failed to revoke role ðŸŽª from 195284975183069184 (will retry)
[2026-09-12 05:59:17Z] âŒ Failed to revoke role ðŸŽª from 234479235551592448 (will retry)
[2026-09-12 05:59:17Z] âŒ Failed to revoke role ðŸŽª from 243191787294949386 (will retry)
[2026-09-12 05:59:17Z] âŒ Failed to revoke role ðŸŽª from 333464277794947072 (will retry)
[2026-09-12 05:59:18Z] âŒ Failed to revoke role ðŸ¤ from 193880505521930240 (will retry)
[2026-09-12 05:59:18Z] âŒ Failed to revoke role ðŸ¤ from 194245240041897984 (will retry)
[2026-09-12 05:59:18Z] âŒ Failed to revoke role ðŸ¤ from 195284975183069184 (will retry)
[2026-09-12 05:59:18Z] âŒ Failed to revoke role ðŸ¤ from 234479235551592448 (will retry)
[2026-09-12 05:59:18Z] âŒ Failed to revoke role ðŸ¤ from 243191787294949386 (will retry)
[2026-09-12 05:59:18Z] âŒ Failed to revoke role ðŸ¤ from 333464277794947072 (will retry)
[2026-09-12 05:59:19Z] âŒ Failed to revoke role ðŸƒ from 193880505521930240 (will retry)
[2026-09-12 05:59:19Z] âŒ Failed to revoke role ðŸƒ from 194245240041897984 (will retry)
[2026-09-12 05:59:19Z] âŒ Failed to revoke role ðŸƒ from 195284975183069184 (will retry)
[2026-09-12 05:59:19Z] âŒ Failed to revoke role ðŸƒ from 243191787294949386 (will retry)
[2026-09-12 05:59:19Z] âŒ Failed to revoke role ðŸƒ from 333464277794947072 (will retry)
[2026-09-12 05:59:40Z] âŒ Failed to revoke role ðŸŽ® from 193880505521930240 (will retry)
[2026-09-12 05:59:40Z] âŒ Failed to revoke role ðŸŽ® from 243191787294949386 (will retry)
[2026-09-12 05:59:41Z] âŒ Failed to revoke role ðŸŽ¨ from 193880505521930240 (will retry)
[2026-09-12 05:59:41Z] âŒ Failed to revoke role ðŸŽ¨ from 243191787294949386 (will retry)
[2026-09-12 05:59:41Z] âŒ Failed to revoke role ðŸŽ® from 194245240041897984 (will retry)
[2026-09-12 05:59:41Z] âŒ Failed to revoke role ðŸŽ® from 195284975183069184 (will retry)
[2026-09-12 05:59:41Z] âŒ Failed to revoke role ðŸŽ® from 234479235551592448 (will retry)
[2026-09-12 05:59:41Z] âŒ Failed to revoke role ðŸŽ® from 333464277794947072 (will retry)
[2026-09-12 05:59:42Z] âŒ Failed to revoke role ðŸ² from 195284975183069184 (will retry)
[2026-09-12 05:59:42Z] âŒ Failed to revoke role ðŸ² from 243191787294949386 (will retry)
[2026-09-12 05:59:42Z] âŒ Failed to revoke role ðŸŽ¨ from 195284975183069184 (will retry)
[2026-09-12 05:59:42Z] âŒ Failed to revoke role ðŸŽ¨ from 234479235551592448 (will retry)
[2026-09-12 05:59:42Z] âŒ Failed to revoke role ðŸŽ¨ from 333464277794947072 (will retry)
[2026-09-12 05:59:42Z] âŒ Failed to revoke role ðŸ’» from 194245240041897984 (will retry)
[2026-09-12 05:59:43Z] âŒ Failed to revoke role ðŸŽµ from 193880505521930240 (will retry)
[2026-09-12 05:59:43Z] âŒ Failed to revoke role ðŸŽµ from 195284975183069184 (will retry)
[2026-09-12 05:59:43Z] âŒ Failed to revoke role ðŸŽµ from 243191787294949386 (will retry)
[2026-09-12 05:59:43Z] âŒ Failed to revoke role ðŸ’» from 193880505521930240 (will retry)
[2026-09-12 05:59:43Z] âŒ Failed to revoke role ðŸ’» from 333464277794947072 (will retry)
[2026-09-12 05:59:44Z] âŒ Failed to revoke role ðŸŒ¸ from 193880505521930240 (will retry)
[2026-09-12 05:59:44Z] âŒ Failed to revoke role ðŸŒ¸ from 243191787294949386 (will retry)
[2026-09-12 05:59:44Z] âŒ Failed to revoke role ðŸŽ¬ from 195284975183069184 (will retry)
[2026-09-12 05:59:44Z] âŒ Failed to revoke role ðŸŽ¬ from 234479235551592448 (will retry)
[2026-09-12 05:59:44Z] âŒ Failed to revoke role ðŸŽ¬ from 243191787294949386 (will retry)
[2026-09-12 05:59:44Z] âŒ Failed to revoke role ðŸŽ¬ from 333464277794947072 (will retry)
[2026-09-12 05:59:45Z] âŒ Failed to revoke role ðŸˆ from 243191787294949386 (will retry)
[2026-09-12 05:59:45Z] âŒ Failed to revoke role ðŸŒ¸ from 194245240041897984 (will retry)
[2026-09-12 05:59:45Z] âŒ Failed to revoke role ðŸŒ¸ from 195284975183069184 (will retry)
[2026-09-12 05:59:45Z] âŒ Failed to revoke role ðŸŒ¸ from 234479235551592448 (will retry)
[2026-09-12 05:59:45Z] âŒ Failed to revoke role ðŸŒ¸ from 333464277794947072 (will retry)
[2026-09-12 05:59:47Z] âŒ Failed to revoke role ðŸˆ from 193880505521930240 (will retry)
[2026-09-12 05:59:47Z] âŒ Failed to revoke role ðŸˆ from 195284975183069184 (will retry)
[2026-09-12 05:59:47Z] âŒ Failed to revoke role ðŸˆ from 234479235551592448 (will retry)
[2026-09-12 05:59:47Z] âŒ Failed to revoke role ðŸˆ from 333464277794947072 (will retry)
[2026-09-12 05:59:48Z] âŒ Failed to revoke role ðŸŽª from 193880505521930240 (will retry)
[2026-09-12 05:59:48Z] âŒ Failed to revoke role ðŸŽª from 194245240041897984 (will retry)
[2026-09-12 05:59:48Z] âŒ Failed to revoke role ðŸŽª from 195284975183069184 (will retry)
[2026-09-12 05:59:48Z] âŒ Failed to revoke role ðŸŽª from 234479235551592448 (will retry)
[2026-09-12 05:59:48Z] âŒ Failed to revoke role ðŸŽª from 243191787294949386 (will retry)
[2026-09-12 05:59:49Z] âŒ Failed to revoke role ðŸ¤ from 193880505521930240 (will retry)
[2026-09-12 05:59:49Z] âŒ Failed to revoke role ðŸ¤ from 194245240041897984 (will retry)
[2026-09-12 05:59:49Z] âŒ Failed to revoke role ðŸ¤ from 195284975183069184 (will retry)
[2026-09-12 05:59:49Z] âŒ Failed to revoke role ðŸ¤ from 234479235551592448 (will retry)
[2026-09-12 05:59:49Z] âŒ Failed to revoke role ðŸ¤ from 243191787294949386 (will retry)
[2026-09-12 05:59:49Z] âŒ Failed to revoke role ðŸŽª from 333464277794947072 (will retry)
[2026-09-12 05:59:50Z] âŒ Failed to revoke role ðŸ¤ from 333464277794947072 (will retry)
[2026-09-12 05:59:50Z] âŒ Failed to revoke role ðŸƒ from 193880505521930240 (will retry)
[2026-09-12 05:59:50Z] âŒ Failed to revoke role ðŸƒ from 194245240041897984 (will retry)
[2026-09-12 05:59:50Z] âŒ Failed to revoke role ðŸƒ from 195284975183069184 (will retry)
[2026-09-12 05:59:50Z] âŒ Failed to revoke role ðŸƒ from 243191787294949386 (will retry)
[2026-09-12 05:59:50Z] âŒ Failed to revoke role ðŸƒ from 333464277794947072 (will retry)
[2026-09-12 06:00:10Z] âŒ Failed to revoke role ðŸŽ® from 193880505521930240 (will retry)
[2026-09-12 06:00:10Z] âŒ Failed to revoke role ðŸŽ® from 243191787294949386 (will retry)
[2026-09-12 06:00:11Z] âŒ Failed to revoke role ðŸŽ¨ from 193880505521930240 (will retry)
[2026-09-12 06:00:11Z] âŒ Failed to revoke role ðŸŽ¨ from 243191787294949386 (will retry)
[2026-09-12 06:00:11Z] âŒ Failed to revoke role ðŸŽ® from 194245240041897984 (will retry)
[2026-09-12 06:00:11Z] âŒ Failed to revoke role ðŸŽ® from 195284975183069184 (will retry)
[2026-09-12 06:00:11Z] âŒ Failed to revoke role ðŸŽ® from 234479235551592448 (will retry)
[2026-09-12 06:00:11Z] âŒ Failed to revoke role ðŸŽ® from 333464277794947072 (will retry)
[2026-09-12 06:00:12Z] âŒ Failed to revoke role ðŸ² from 195284975183069184 (will retry)
[2026-09-12 06:00:12Z] âŒ Failed to revoke role ðŸ² from 243191787294949386 (will retry)
[2026-09-12 06:00:12Z] âŒ Failed to revoke role ðŸŽ¨ from 195284975183069184 (will retry)
[2026-09-12 06:00:12Z] âŒ Failed to revoke role ðŸŽ¨ from 234479235551592448 (will retry)
[2026-09-12 06:00:12Z] âŒ Failed to revoke role ðŸŽ¨ from 333464277794947072 (will retry)
[2026-09-12 06:00:13Z] âŒ Failed to revoke role ðŸŽµ from 193880505521930240 (will retry)
[2026-09-12 06:00:13Z] âŒ Failed to revoke role ðŸŽµ from 195284975183069184 (will retry)
[2026-09-12 06:00:13Z] âŒ Failed to revoke role ðŸŽµ from 243191787294949386 (will retry)
[2026-09-12 06:00:13Z] âŒ Failed to revoke role ðŸ’» from 193880505521930240 (will retry)
[2026-09-12 06:00:13Z] âŒ Failed to revoke role ðŸ’» from 194245240041897984 (will retry)
[2026-09-12 06:00:13Z] âŒ Failed to revoke role ðŸ’» from 333464277794947072 (will retry)
[2026-09-12 06:00:14Z] âŒ Failed to revoke role ðŸŒ¸ from 193880505521930240 (will retry)
[2026-09-12 06:00:14Z] âŒ Failed to revoke role ðŸŒ¸ from 243191787294949386 (will retry)
[2026-09-12 06:00:14Z] âŒ Failed to revoke role ðŸŽ¬ from 195284975183069184 (will retry)
[2026-09-12 06:00:14Z] âŒ Failed to revoke role ðŸŽ¬ from 234479235551592448 (will retry)
[2026-09-12 06:00:14Z] âŒ Failed to revoke role ðŸŽ¬ from 243191787294949386 (will retry)
[2026-09-12 06:00:14Z] âŒ Failed to revoke role ðŸŽ¬ from 333464277794947072 (will retry)
[2026-09-12 06:00:15Z] âŒ Failed to revoke role ðŸˆ from 193880505521930240 (will retry)
[2026-09-12 06:00:15Z] âŒ Failed to revoke role ðŸˆ from 195284975183069184 (will retry)
[2026-09-12 06:00:15Z] âŒ Failed to revoke role ðŸˆ from 243191787294949386 (will retry)
[2026-09-12 06:00:15Z] âŒ Failed to revoke role ðŸŒ¸ from 194245240041897984 (will retry)
[2026-09-12 06:00:15Z] âŒ Failed to revoke role ðŸŒ¸ from 195284975183069184 (will retry)
[2026-09-12 06:00:15Z] âŒ Failed to revoke role ðŸŒ¸ from 234479235551592448 (will retry)
[2026-09-12 06:00:15Z] âŒ Failed to revoke role ðŸŒ¸ from 333464277794947072 (will retry)
[2026-09-12 06:00:16Z] âŒ Failed to revoke role ðŸˆ from 234479235551592448 (will retry)
[2026-09-12 06:00:16Z] âŒ Failed to revoke role ðŸˆ from 333464277794947072 (will retry)
[2026-09-12 06:00:16Z] âŒ Failed to revoke role ðŸŽª from 193880505521930240 (will retry)
[2026-09-12 06:00:16Z] âŒ Failed to revoke role ðŸŽª from 195284975183069184 (will retry)
[2026-09-12 06:00:16Z] âŒ Failed to revoke role ðŸŽª from 234479235551592448 (will retry)
[2026-09-12 06:00:16Z] âŒ Failed to revoke role ðŸŽª from 243191787294949386 (will retry)
[2026-09-12 06:00:17Z] âŒ Failed to revoke role ðŸ¤ from 193880505521930240 (will retry)
[2026-09-12 06:00:17Z] âŒ Failed to revoke role ðŸ¤ from 195284975183069184 (will retry)
[2026-09-12 06:00:17Z] âŒ Failed to revoke role ðŸ¤ from 234479235551592448 (will retry)
[2026-09-12 06:00:17Z] âŒ Failed to revoke role ðŸ¤ from 243191787294949386 (will retry)
[2026-09-12 06:00:17Z] âŒ Failed to revoke role ðŸŽª from 194245240041897984 (will retry)
[2026-09-12 06:00:17Z] âŒ Failed to revoke role ðŸŽª from 333464277794947072 (will retry)
[2026-09-12 06:00:18Z] âŒ Failed to revoke role ðŸ¤ from 194245240041897984 (will retry)
[2026-09-12 06:00:18Z] âŒ Failed to revoke role ðŸ¤ from 333464277794947072 (will retry)
[2026-09-12 06:00:18Z] âŒ Failed to revoke role ðŸƒ from 193880505521930240 (will retry)
[2026-09-12 06:00:18Z] âŒ Failed to revoke role ðŸƒ from 194245240041897984 (will retry)
[2026-09-12 06:00:18Z] âŒ Failed to revoke role ðŸƒ from 195284975183069184 (will retry)
[2026-09-12 06:00:18Z] âŒ Failed to revoke role ðŸƒ from 243191787294949386 (will retry)
[2026-09-12 06:00:18Z] âŒ Failed to revoke role ðŸƒ from 333464277794947072 (will retry)
[2026-09-12 06:00:40Z] âŒ Failed to revoke role ðŸŽ® from 193880505521930240 (will retry)
[2026-09-12 06:00:40Z] âŒ Failed to revoke role ðŸŽ® from 243191787294949386 (will retry)
[2026-09-12 06:00:41Z] âŒ Failed to revoke role ðŸŽ¨ from 193880505521930240 (will retry)
[2026-09-12 06:00:41Z] âŒ Failed to revoke role ðŸŽ¨ from 243191787294949386 (will retry)
[2026-09-12 06:00:41Z] âŒ Failed to revoke role ðŸŽ® from 194245240041897984 (will retry)
[2026-09-12 06:00:41Z] âŒ Failed to revoke role ðŸŽ® from 195284975183069184 (will retry)
[2026-09-12 06:00:41Z] âŒ Failed to revoke role ðŸŽ® from 234479235551592448 (will retry)
[2026-09-12 06:00:41Z] âŒ Failed to revoke role ðŸŽ® from 333464277794947072 (will retry)
[2026-09-12 06:00:42Z] âŒ Failed to revoke role ðŸ² from 195284975183069184 (will retry)
[2026-09-12 06:00:42Z] âŒ Failed to revoke role ðŸ² from 243191787294949386 (will retry)
[2026-09-12 06:00:42Z] âŒ Failed to revoke role ðŸŽ¨ from 195284975183069184 (will retry)
[2026-09-12 06:00:42Z] âŒ Failed to revoke role ðŸŽ¨ from 234479235551592448 (will retry)
[2026-09-12 06:00:42Z] âŒ Failed to revoke role ðŸŽ¨ from 333464277794947072 (will retry)
[2026-09-12 06:00:43Z] âŒ Failed to revoke role ðŸ’» from 193880505521930240 (will retry)
[2026-09-12 06:00:43Z] âŒ Failed to revoke role ðŸ’» from 194245240041897984 (will retry)
[2026-09-12 06:00:43Z] âŒ Failed to revoke role ðŸ’» from 333464277794947072 (will retry)
[2026-09-12 06:00:44Z] âŒ Failed to revoke role ðŸŽ¬ from 234479235551592448 (will retry)
[2026-09-12 06:00:44Z] âŒ Failed to revoke role ðŸŽ¬ from 243191787294949386 (will retry)
[2026-09-12 06:00:44Z] âŒ Failed to revoke role ðŸŽ¬ from 333464277794947072 (will retry)
[2026-09-12 06:00:44Z] âŒ Failed to revoke role ðŸŽµ from 193880505521930240 (will retry)
[2026-09-12 06:00:44Z] âŒ Failed to revoke role ðŸŽµ from 195284975183069184 (will retry)
[2026-09-12 06:00:44Z] âŒ Failed to revoke role ðŸŽµ from 243191787294949386 (will retry)
[2026-09-12 06:00:45Z] âŒ Failed to revoke role ðŸŒ¸ from 193880505521930240 (will retry)
[2026-09-12 06:00:45Z] âŒ Failed to revoke role ðŸŒ¸ from 194245240041897984 (will retry)
[2026-09-12 06:00:45Z] âŒ Failed to revoke role ðŸŒ¸ from 195284975183069184 (will retry)
[2026-09-12 06:00:45Z] âŒ Failed to revoke role ðŸŒ¸ from 234479235551592448 (will retry)
[2026-09-12 06:00:45Z] âŒ Failed to revoke role ðŸŒ¸ from 243191787294949386 (will retry)
[2026-09-12 06:00:45Z] âŒ Failed to revoke role ðŸŒ¸ from 333464277794947072 (will retry)
[2026-09-12 06:00:45Z] âŒ Failed to revoke role ðŸŽ¬ from 195284975183069184 (will retry)
[2026-09-12 06:00:46Z] âŒ Failed to revoke role ðŸˆ from 193880505521930240 (will retry)
[2026-09-12 06:00:46Z] âŒ Failed to revoke role ðŸˆ from 195284975183069184 (will retry)
[2026-09-12 06:00:46Z] âŒ Failed to revoke role ðŸˆ from 234479235551592448 (will retry)
[2026-09-12 06:00:46Z] âŒ Failed to revoke role ðŸˆ from 243191787294949386 (will retry)
[2026-09-12 06:00:46Z] âŒ Failed to revoke role ðŸˆ from 333464277794947072 (will retry)
[2026-09-12 06:00:47Z] âŒ Failed to revoke role ðŸŽª from 193880505521930240 (will retry)
[2026-09-12 06:00:47Z] âŒ Failed to revoke role ðŸŽª from 194245240041897984 (will retry)
[2026-09-12 06:00:47Z] âŒ Failed to revoke role ðŸŽª from 195284975183069184 (will retry)
[2026-09-12 06:00:47Z] âŒ Failed to revoke role ðŸŽª from 234479235551592448 (will retry)
[2026-09-12 06:00:47Z] âŒ Failed to revoke role ðŸŽª from 243191787294949386 (will retry)
[2026-09-12 06:00:47Z] âŒ Failed to revoke role ðŸŽª from 333464277794947072 (will retry)
[2026-09-12 06:00:48Z] âŒ Failed to revoke role ðŸ¤ from 193880505521930240 (will retry)
[2026-09-12 06:00:48Z] âŒ Failed to revoke role ðŸ¤ from 194245240041897984 (will retry)
[2026-09-12 06:00:48Z] âŒ Failed to revoke role ðŸ¤ from 195284975183069184 (will retry)
[2026-09-12 06:00:48Z] âŒ Failed to revoke role ðŸ¤ from 234479235551592448 (will retry)
[2026-09-12 06:00:48Z] âŒ Failed to revoke role ðŸ¤ from 243191787294949386 (will retry)
[2026-09-12 06:00:48Z] âŒ Failed to revoke role ðŸ¤ from 333464277794947072 (will retry)
[2026-09-12 06:00:48Z] âŒ Failed to revoke role ðŸƒ from 243191787294949386 (will retry)
[2026-09-12 06:00:49Z] âŒ Failed to revoke role ðŸƒ from 193880505521930240 (will retry)
[2026-09-12 06:00:49Z] âŒ Failed to revoke role ðŸƒ from 194245240041897984 (will retry)
[2026-09-12 06:00:49Z] âŒ Failed to revoke role ðŸƒ from 195284975183069184 (will retry)
[2026-09-12 06:00:49Z] âŒ Failed to revoke role ðŸƒ from 333464277794947072 (will retry)
[2026-09-12 06:01:10Z] âŒ Failed to revoke role ðŸŽ® from 193880505521930240 (will retry)
[2026-09-12 06:01:10Z] âŒ Failed to revoke role ðŸŽ® from 243191787294949386 (will retry)
[2026-09-12 06:01:11Z] âŒ Failed to revoke role ðŸŽ¨ from 193880505521930240 (will retry)
[2026-09-12 06:01:11Z] âŒ Failed to revoke role ðŸŽ¨ from 243191787294949386 (will retry)
[2026-09-12 06:01:11Z] âŒ Failed to revoke role ðŸŽ® from 194245240041897984 (will retry)
[2026-09-12 06:01:11Z] âŒ Failed to revoke role ðŸŽ® from 195284975183069184 (will retry)
[2026-09-12 06:01:11Z] âŒ Failed to revoke role ðŸŽ® from 234479235551592448 (will retry)
[2026-09-12 06:01:11Z] âŒ Failed to revoke role ðŸŽ® from 333464277794947072 (will retry)
[2026-09-12 06:01:12Z] âŒ Failed to revoke role ðŸ² from 195284975183069184 (will retry)
[2026-09-12 06:01:12Z] âŒ Failed to revoke role ðŸ² from 243191787294949386 (will retry)
[2026-09-12 06:01:12Z] âŒ Failed to revoke role ðŸŽ¨ from 195284975183069184 (will retry)
[2026-09-12 06:01:12Z] âŒ Failed to revoke role ðŸŽ¨ from 234479235551592448 (will retry)
[2026-09-12 06:01:12Z] âŒ Failed to revoke role ðŸŽ¨ from 333464277794947072 (will retry)
[2026-09-12 06:01:12Z] âŒ Failed to revoke role ðŸ’» from 194245240041897984 (will retry)
[2026-09-12 06:01:13Z] âŒ Failed to revoke role ðŸŽµ from 193880505521930240 (will retry)
[2026-09-12 06:01:13Z] âŒ Failed to revoke role ðŸŽµ from 195284975183069184 (will retry)
[2026-09-12 06:01:13Z] âŒ Failed to revoke role ðŸŽµ from 243191787294949386 (will retry)
[2026-09-12 06:01:13Z] âŒ Failed to revoke role ðŸ’» from 193880505521930240 (will retry)
[2026-09-12 06:01:13Z] âŒ Failed to revoke role ðŸ’» from 333464277794947072 (will retry)
[2026-09-12 06:01:14Z] âŒ Failed to revoke role ðŸŒ¸ from 193880505521930240 (will retry)
[2026-09-12 06:01:14Z] âŒ Failed to revoke role ðŸŒ¸ from 243191787294949386 (will retry)
[2026-09-12 06:01:14Z] âŒ Failed to revoke role ðŸŽ¬ from 195284975183069184 (will retry)
[2026-09-12 06:01:14Z] âŒ Failed to revoke role ðŸŽ¬ from 234479235551592448 (will retry)
[2026-09-12 06:01:14Z] âŒ Failed to revoke role ðŸŽ¬ from 243191787294949386 (will retry)
[2026-09-12 06:01:14Z] âŒ Failed to revoke role ðŸŽ¬ from 333464277794947072 (will retry)
[2026-09-12 06:01:15Z] âŒ Failed to revoke role ðŸˆ from 193880505521930240 (will retry)
[2026-09-12 06:01:15Z] âŒ Failed to revoke role ðŸˆ from 195284975183069184 (will retry)
[2026-09-12 06:01:15Z] âŒ Failed to revoke role ðŸˆ from 243191787294949386 (will retry)
[2026-09-12 06:01:15Z] âŒ Failed to revoke role ðŸŒ¸ from 194245240041897984 (will retry)
[2026-09-12 06:01:15Z] âŒ Failed to revoke role ðŸŒ¸ from 195284975183069184 (will retry)
[2026-09-12 06:01:15Z] âŒ Failed to revoke role ðŸŒ¸ from 234479235551592448 (will retry)
[2026-09-12 06:01:15Z] âŒ Failed to revoke role ðŸŒ¸ from 333464277794947072 (will retry)
[2026-09-12 06:01:16Z] âŒ Failed to revoke role ðŸˆ from 234479235551592448 (will retry)
[2026-09-12 06:01:16Z] âŒ Failed to revoke role ðŸˆ from 333464277794947072 (will retry)
[2026-09-12 06:01:16Z] âŒ Failed to revoke role ðŸŽª from 193880505521930240 (will retry)
[2026-09-12 06:01:16Z] âŒ Failed to revoke role ðŸŽª from 195284975183069184 (will retry)
[2026-09-12 06:01:16Z] âŒ Failed to revoke role ðŸŽª from 234479235551592448 (will retry)
[2026-09-12 06:01:16Z] âŒ Failed to revoke role ðŸŽª from 243191787294949386 (will retry)
[2026-09-12 06:01:17Z] âŒ Failed to revoke role ðŸ¤ from 193880505521930240 (will retry)
[2026-09-12 06:01:17Z] âŒ Failed to revoke role ðŸ¤ from 194245240041897984 (will retry)
[2026-09-12 06:01:17Z] âŒ Failed to revoke role ðŸ¤ from 195284975183069184 (will retry)
[2026-09-12 06:01:17Z] âŒ Failed to revoke role ðŸ¤ from 234479235551592448 (will retry)
[2026-09-12 06:01:17Z] âŒ Failed to revoke role ðŸ¤ from 243191787294949386 (will retry)
[2026-09-12 06:01:17Z] âŒ Failed to revoke role ðŸŽª from 194245240041897984 (will retry)
[2026-09-12 06:01:17Z] âŒ Failed to revoke role ðŸŽª from 333464277794947072 (will retry)
[2026-09-12 06:01:18Z] âŒ Failed to revoke role ðŸ¤ from 333464277794947072 (will retry)
[2026-09-12 06:01:18Z] âŒ Failed to revoke role ðŸƒ from 193880505521930240 (will retry)
[2026-09-12 06:01:18Z] âŒ Failed to revoke role ðŸƒ from 194245240041897984 (will retry)
[2026-09-12 06:01:18Z] âŒ Failed to revoke role ðŸƒ from 195284975183069184 (will retry)
[2026-09-12 06:01:18Z] âŒ Failed to revoke role ðŸƒ from 243191787294949386 (will retry)
[2026-09-12 06:01:18Z] âŒ Failed to revoke role ðŸƒ from 333464277794947072 (will retry)
[2026-09-12 06:01:40Z] âŒ Failed to revoke role ðŸŽ® from 193880505521930240 (will retry)
[2026-09-12 06:01:40Z] âŒ Failed to revoke role ðŸŽ® from 243191787294949386 (will retry)
[2026-09-12 06:01:41Z] âŒ Failed to revoke role ðŸŽ¨ from 243191787294949386 (will retry)
[2026-09-12 06:01:41Z] âŒ Failed to revoke role ðŸŽ® from 194245240041897984 (will retry)
[2026-09-12 06:01:41Z] âŒ Failed to revoke role ðŸŽ® from 195284975183069184 (will retry)
[2026-09-12 06:01:41Z] âŒ Failed to revoke role ðŸŽ® from 234479235551592448 (will retry)
[2026-09-12 06:01:41Z] âŒ Failed to revoke role ðŸŽ® from 333464277794947072 (will retry)
[2026-09-12 06:01:42Z] âŒ Failed to revoke role ðŸ² from 195284975183069184 (will retry)
[2026-09-12 06:01:42Z] âŒ Failed to revoke role ðŸ² from 243191787294949386 (will retry)
[2026-09-12 06:01:42Z] âŒ Failed to revoke role ðŸŽ¨ from 193880505521930240 (will retry)
[2026-09-12 06:01:42Z] âŒ Failed to revoke role ðŸŽ¨ from 195284975183069184 (will retry)
[2026-09-12 06:01:42Z] âŒ Failed to revoke role ðŸŽ¨ from 234479235551592448 (will retry)
[2026-09-12 06:01:42Z] âŒ Failed to revoke role ðŸŽ¨ from 333464277794947072 (will retry)
[2026-09-12 06:01:43Z] âŒ Failed to revoke role ðŸŽµ from 193880505521930240 (will retry)
[2026-09-12 06:01:43Z] âŒ Failed to revoke role ðŸŽµ from 243191787294949386 (will retry)
[2026-09-12 06:01:43Z] âŒ Failed to revoke role ðŸ’» from 193880505521930240 (will retry)
[2026-09-12 06:01:43Z] âŒ Failed to revoke role ðŸ’» from 194245240041897984 (will retry)
[2026-09-12 06:01:43Z] âŒ Failed to revoke role ðŸ’» from 333464277794947072 (will retry)
[2026-09-12 06:01:44Z] âŒ Failed to revoke role ðŸŽ¬ from 195284975183069184 (will retry)
[2026-09-12 06:01:44Z] âŒ Failed to revoke role ðŸŽ¬ from 234479235551592448 (will retry)
[2026-09-12 06:01:44Z] âŒ Failed to revoke role ðŸŽ¬ from 243191787294949386 (will retry)
[2026-09-12 06:01:44Z] âŒ Failed to revoke role ðŸŽ¬ from 333464277794947072 (will retry)
[2026-09-12 06:01:44Z] âŒ Failed to revoke role ðŸŽµ from 195284975183069184 (will retry)
[2026-09-12 06:01:45Z] âŒ Failed to revoke role ðŸŒ¸ from 193880505521930240 (will retry)
[2026-09-12 06:01:45Z] âŒ Failed to revoke role ðŸŒ¸ from 194245240041897984 (will retry)
[2026-09-12 06:01:45Z] âŒ Failed to revoke role ðŸŒ¸ from 195284975183069184 (will retry)
[2026-09-12 06:01:45Z] âŒ Failed to revoke role ðŸŒ¸ from 234479235551592448 (will retry)
[2026-09-12 06:01:45Z] âŒ Failed to revoke role ðŸŒ¸ from 243191787294949386 (will retry)
[2026-09-12 06:01:46Z] âŒ Failed to revoke role ðŸˆ from 193880505521930240 (will retry)
[2026-09-12 06:01:46Z] âŒ Failed to revoke role ðŸˆ from 195284975183069184 (will retry)
[2026-09-12 06:01:46Z] âŒ Failed to revoke role ðŸˆ from 234479235551592448 (will retry)
[2026-09-12 06:01:46Z] âŒ Failed to revoke role ðŸˆ from 243191787294949386 (will retry)
[2026-09-12 06:01:46Z] âŒ Failed to revoke role ðŸˆ from 333464277794947072 (will retry)
[2026-09-12 06:01:46Z] âŒ Failed to revoke role ðŸŒ¸ from 333464277794947072 (will retry)
[2026-09-12 06:01:47Z] âŒ Failed to revoke role ðŸŽª from 193880505521930240 (will retry)
[2026-09-12 06:01:47Z] âŒ Failed to revoke role ðŸŽª from 243191787294949386 (will retry)
[2026-09-12 06:01:48Z] âŒ Failed to revoke role ðŸ¤ from 193880505521930240 (will retry)
[2026-09-12 06:01:48Z] âŒ Failed to revoke role ðŸ¤ from 243191787294949386 (will retry)
[2026-09-12 06:01:48Z] âŒ Failed to revoke role ðŸŽª from 194245240041897984 (will retry)
[2026-09-12 06:01:48Z] âŒ Failed to revoke role ðŸŽª from 195284975183069184 (will retry)
[2026-09-12 06:01:48Z] âŒ Failed to revoke role ðŸŽª from 234479235551592448 (will retry)
[2026-09-12 06:01:48Z] âŒ Failed to revoke role ðŸŽª from 333464277794947072 (will retry)
[2026-09-12 06:01:49Z] âŒ Failed to revoke role ðŸ¤ from 194245240041897984 (will retry)
[2026-09-12 06:01:49Z] âŒ Failed to revoke role ðŸ¤ from 195284975183069184 (will retry)
[2026-09-12 06:01:49Z] âŒ Failed to revoke role ðŸ¤ from 234479235551592448 (will retry)
[2026-09-12 06:01:49Z] âŒ Failed to revoke role ðŸ¤ from 333464277794947072 (will retry)
[2026-09-12 06:01:49Z] âŒ Failed to revoke role ðŸƒ from 193880505521930240 (will retry)
[2026-09-12 06:01:49Z] âŒ Failed to revoke role ðŸƒ from 195284975183069184 (will retry)
[2026-09-12 06:01:49Z] âŒ Failed to revoke role ðŸƒ from 243191787294949386 (will retry)
[2026-09-12 06:01:50Z] âŒ Failed to revoke role ðŸƒ from 194245240041897984 (will retry)
[2026-09-12 06:01:50Z] âŒ Failed to revoke role ðŸƒ from 333464277794947072 (will retry)
[2026-09-12 06:02:10Z] âŒ Failed to revoke role ðŸŽ® from 243191787294949386 (will retry)
[2026-09-12 06:02:11Z] âŒ Failed to revoke role ðŸŽ¨ from 243191787294949386 (will retry)
[2026-09-12 06:02:11Z] âŒ Failed to revoke role ðŸŽ® from 193880505521930240 (will retry)
[2026-09-12 06:02:11Z] âŒ Failed to revoke role ðŸŽ® from 194245240041897984 (will retry)
[2026-09-12 06:02:11Z] âŒ Failed to revoke role ðŸŽ® from 195284975183069184 (will retry)
[2026-09-12 06:02:11Z] âŒ Failed to revoke role ðŸŽ® from 234479235551592448 (will retry)
[2026-09-12 06:02:11Z] âŒ Failed to revoke role ðŸŽ® from 333464277794947072 (will retry)
[2026-09-12 06:02:12Z] âŒ Failed to revoke role ðŸ² from 243191787294949386 (will retry)
[2026-09-12 06:02:12Z] âŒ Failed to revoke role ðŸŽ¨ from 193880505521930240 (will retry)
[2026-09-12 06:02:12Z] âŒ Failed to revoke role ðŸŽ¨ from 195284975183069184 (will retry)
[2026-09-12 06:02:12Z] âŒ Failed to revoke role ðŸŽ¨ from 234479235551592448 (will retry)
[2026-09-12 06:02:12Z] âŒ Failed to revoke role ðŸŽ¨ from 333464277794947072 (will retry)
[2026-09-12 06:02:13Z] âŒ Failed to revoke role ðŸ² from 195284975183069184 (will retry)
[2026-09-12 06:02:13Z] âŒ Failed to revoke role ðŸ’» from 193880505521930240 (will retry)
[2026-09-12 06:02:13Z] âŒ Failed to revoke role ðŸ’» from 194245240041897984 (will retry)
[2026-09-12 06:02:14Z] âŒ Failed to revoke role ðŸŽ¬ from 234479235551592448 (will retry)
[2026-09-12 06:02:14Z] âŒ Failed to revoke role ðŸŽµ from 193880505521930240 (will retry)
[2026-09-12 06:02:14Z] âŒ Failed to revoke role ðŸŽµ from 195284975183069184 (will retry)
[2026-09-12 06:02:14Z] âŒ Failed to revoke role ðŸŽµ from 243191787294949386 (will retry)
[2026-09-12 06:02:14Z] âŒ Failed to revoke role ðŸ’» from 333464277794947072 (will retry)
[2026-09-12 06:02:15Z] âŒ Failed to revoke role ðŸŒ¸ from 193880505521930240 (will retry)
[2026-09-12 06:02:15Z] âŒ Failed to revoke role ðŸŒ¸ from 195284975183069184 (will retry)
[2026-09-12 06:02:15Z] âŒ Failed to revoke role ðŸŒ¸ from 243191787294949386 (will retry)
[2026-09-12 06:02:15Z] âŒ Failed to revoke role ðŸŽ¬ from 195284975183069184 (will retry)
[2026-09-12 06:02:15Z] âŒ Failed to revoke role ðŸŽ¬ from 243191787294949386 (will retry)
[2026-09-12 06:02:15Z] âŒ Failed to revoke role ðŸŽ¬ from 333464277794947072 (will retry)
[2026-09-12 06:02:16Z] âŒ Failed to revoke role ðŸˆ from 193880505521930240 (will retry)
[2026-09-12 06:02:16Z] âŒ Failed to revoke role ðŸˆ from 195284975183069184 (will retry)
[2026-09-12 06:02:16Z] âŒ Failed to revoke role ðŸˆ from 234479235551592448 (will retry)
[2026-09-12 06:02:16Z] âŒ Failed to revoke role ðŸˆ from 243191787294949386 (will retry)
[2026-09-12 06:02:16Z] âŒ Failed to revoke role ðŸŒ¸ from 194245240041897984 (will retry)
[2026-09-12 06:02:16Z] âŒ Failed to revoke role ðŸŒ¸ from 234479235551592448 (will retry)
[2026-09-12 06:02:16Z] âŒ Failed to revoke role ðŸŒ¸ from 333464277794947072 (will retry)
[2026-09-12 06:02:17Z] âŒ Failed to revoke role ðŸˆ from 333464277794947072 (will retry)
[2026-09-12 06:02:17Z] âŒ Failed to revoke role ðŸŽª from 193880505521930240 (will retry)
[2026-09-12 06:02:17Z] âŒ Failed to revoke role ðŸŽª from 194245240041897984 (will retry)
[2026-09-12 06:02:17Z] âŒ Failed to revoke role ðŸŽª from 195284975183069184 (will retry)
[2026-09-12 06:02:17Z] âŒ Failed to revoke role ðŸŽª from 234479235551592448 (will retry)
[2026-09-12 06:02:17Z] âŒ Failed to revoke role ðŸŽª from 243191787294949386 (will retry)
[2026-09-12 06:02:18Z] âŒ Failed to revoke role ðŸ¤ from 193880505521930240 (will retry)
[2026-09-12 06:02:18Z] âŒ Failed to revoke role ðŸ¤ from 194245240041897984 (will retry)
[2026-09-12 06:02:18Z] âŒ Failed to revoke role ðŸ¤ from 195284975183069184 (will retry)
[2026-09-12 06:02:18Z] âŒ Failed to revoke role ðŸ¤ from 234479235551592448 (will retry)
[2026-09-12 06:02:18Z] âŒ Failed to revoke role ðŸ¤ from 243191787294949386 (will retry)
[2026-09-12 06:02:18Z] âŒ Failed to revoke role ðŸŽª from 333464277794947072 (will retry)
[2026-09-12 06:02:19Z] âŒ Failed to revoke role ðŸ¤ from 333464277794947072 (will retry)
[2026-09-12 06:02:19Z] âŒ Failed to revoke role ðŸƒ from 193880505521930240 (will retry)
[2026-09-12 06:02:19Z] âŒ Failed to revoke role ðŸƒ from 194245240041897984 (will retry)
[2026-09-12 06:02:19Z] âŒ Failed to revoke role ðŸƒ from 195284975183069184 (will retry)
[2026-09-12 06:02:19Z] âŒ Failed to revoke role ðŸƒ from 243191787294949386 (will retry)
[2026-09-12 06:02:20Z] âŒ Failed to revoke role ðŸƒ from 333464277794947072 (will retry)
[2026-09-12 06:02:40Z] âŒ Failed to revoke role ðŸŽ® from 193880505521930240 (will retry)
[2026-09-12 06:02:40Z] âŒ Failed to revoke role ðŸŽ® from 243191787294949386 (will retry)
[2026-09-12 06:02:41Z] âŒ Failed to revoke role ðŸŽ¨ from 193880505521930240 (will retry)
[2026-09-12 06:02:41Z] âŒ Failed to revoke role ðŸŽ¨ from 243191787294949386 (will retry)
[2026-09-12 06:02:41Z] âŒ Failed to revoke role ðŸŽ® from 194245240041897984 (will retry)
[2026-09-12 06:02:41Z] âŒ Failed to revoke role ðŸŽ® from 195284975183069184 (will retry)
[2026-09-12 06:02:41Z] âŒ Failed to revoke role ðŸŽ® from 234479235551592448 (will retry)
[2026-09-12 06:02:41Z] âŒ Failed to revoke role ðŸŽ® from 333464277794947072 (will retry)
[2026-09-12 06:02:42Z] âŒ Failed to revoke role ðŸ² from 195284975183069184 (will retry)
[2026-09-12 06:02:42Z] âŒ Failed to revoke role ðŸ² from 243191787294949386 (will retry)
[2026-09-12 06:02:42Z] âŒ Failed to revoke role ðŸŽ¨ from 195284975183069184 (will retry)
[2026-09-12 06:02:42Z] âŒ Failed to revoke role ðŸŽ¨ from 234479235551592448 (will retry)
[2026-09-12 06:02:42Z] âŒ Failed to revoke role ðŸŽ¨ from 333464277794947072 (will retry)
[2026-09-12 06:02:43Z] âŒ Failed to revoke role ðŸŽµ from 193880505521930240 (will retry)
[2026-09-12 06:02:43Z] âŒ Failed to revoke role ðŸŽµ from 195284975183069184 (will retry)
[2026-09-12 06:02:43Z] âŒ Failed to revoke role ðŸŽµ from 243191787294949386 (will retry)
[2026-09-12 06:02:43Z] âŒ Failed to revoke role ðŸ’» from 193880505521930240 (will retry)
[2026-09-12 06:02:43Z] âŒ Failed to revoke role ðŸ’» from 194245240041897984 (will retry)
[2026-09-12 06:02:43Z] âŒ Failed to revoke role ðŸ’» from 333464277794947072 (will retry)
[2026-09-12 06:02:44Z] âŒ Failed to revoke role ðŸŒ¸ from 243191787294949386 (will retry)
[2026-09-12 06:02:44Z] âŒ Failed to revoke role ðŸŽ¬ from 195284975183069184 (will retry)
[2026-09-12 06:02:44Z] âŒ Failed to revoke role ðŸŽ¬ from 234479235551592448 (will retry)
[2026-09-12 06:02:44Z] âŒ Failed to revoke role ðŸŽ¬ from 243191787294949386 (will retry)
[2026-09-12 06:02:44Z] âŒ Failed to revoke role ðŸŽ¬ from 333464277794947072 (will retry)
[2026-09-12 06:02:45Z] âŒ Failed to revoke role ðŸˆ from 243191787294949386 (will retry)
[2026-09-12 06:02:45Z] âŒ Failed to revoke role ðŸŒ¸ from 193880505521930240 (will retry)
[2026-09-12 06:02:45Z] âŒ Failed to revoke role ðŸŒ¸ from 194245240041897984 (will retry)
[2026-09-12 06:02:45Z] âŒ Failed to revoke role ðŸŒ¸ from 195284975183069184 (will retry)
[2026-09-12 06:02:45Z] âŒ Failed to revoke role ðŸŒ¸ from 234479235551592448 (will retry)
[2026-09-12 06:02:45Z] âŒ Failed to revoke role ðŸŒ¸ from 333464277794947072 (will retry)
[2026-09-12 06:02:46Z] âŒ Failed to revoke role ðŸˆ from 193880505521930240 (will retry)
[2026-09-12 06:02:46Z] âŒ Failed to revoke role ðŸˆ from 195284975183069184 (will retry)
[2026-09-12 06:02:46Z] âŒ Failed to revoke role ðŸˆ from 234479235551592448 (will retry)
[2026-09-12 06:02:46Z] âŒ Failed to revoke role ðŸˆ from 333464277794947072 (will retry)
[2026-09-12 06:02:46Z] âŒ Failed to revoke role ðŸŽª from 193880505521930240 (will retry)
[2026-09-12 06:02:46Z] âŒ Failed to revoke role ðŸŽª from 195284975183069184 (will retry)
[2026-09-12 06:02:46Z] âŒ Failed to revoke role ðŸŽª from 243191787294949386 (will retry)
[2026-09-12 06:02:47Z] âŒ Failed to revoke role ðŸ¤ from 243191787294949386 (will retry)
[2026-09-12 06:02:47Z] âŒ Failed to revoke role ðŸŽª from 194245240041897984 (will retry)
[2026-09-12 06:02:47Z] âŒ Failed to revoke role ðŸŽª from 234479235551592448 (will retry)
[2026-09-12 06:02:47Z] âŒ Failed to revoke role ðŸŽª from 333464277794947072 (will retry)
[2026-09-12 06:02:48Z] âŒ Failed to revoke role ðŸ¤ from 193880505521930240 (will retry)
[2026-09-12 06:02:48Z] âŒ Failed to revoke role ðŸ¤ from 194245240041897984 (will retry)
[2026-09-12 06:02:48Z] âŒ Failed to revoke role ðŸ¤ from 195284975183069184 (will retry)
[2026-09-12 06:02:48Z] âŒ Failed to revoke role ðŸ¤ from 234479235551592448 (will retry)
[2026-09-12 06:02:48Z] âŒ Failed to revoke role ðŸ¤ from 333464277794947072 (will retry)
[2026-09-12 06:02:48Z] âŒ Failed to revoke role ðŸƒ from 243191787294949386 (will retry)
[2026-09-12 06:02:49Z] âŒ Failed to revoke role ðŸƒ from 193880505521930240 (will retry)
[2026-09-12 06:02:49Z] âŒ Failed to revoke role ðŸƒ from 194245240041897984 (will retry)
[2026-09-12 06:02:49Z] âŒ Failed to revoke role ðŸƒ from 195284975183069184 (will retry)
[2026-09-12 06:02:49Z] âŒ Failed to revoke role ðŸƒ from 333464277794947072 (will retry)
[2026-09-12 06:03:10Z] âŒ Failed to revoke role ðŸŽ® from 193880505521930240 (will retry)
[2026-09-12 06:03:10Z] âŒ Failed to revoke role ðŸŽ® from 243191787294949386 (will retry)
[2026-09-12 06:03:11Z] âŒ Failed to revoke role ðŸŽ¨ from 193880505521930240 (will retry)
[2026-09-12 06:03:11Z] âŒ Failed to revoke role ðŸŽ¨ from 243191787294949386 (will retry)
[2026-09-12 06:03:11Z] âŒ Failed to revoke role ðŸŽ® from 194245240041897984 (will retry)
[2026-09-12 06:03:11Z] âŒ Failed to revoke role ðŸŽ® from 195284975183069184 (will retry)
[2026-09-12 06:03:11Z] âŒ Failed to revoke role ðŸŽ® from 234479235551592448 (will retry)
[2026-09-12 06:03:11Z] âŒ Failed to revoke role ðŸŽ® from 333464277794947072 (will retry)
[2026-09-12 06:03:12Z] âŒ Failed to revoke role ðŸ² from 195284975183069184 (will retry)
[2026-09-12 06:03:12Z] âŒ Failed to revoke role ðŸ² from 243191787294949386 (will retry)
[2026-09-12 06:03:12Z] âŒ Failed to revoke role ðŸŽ¨ from 195284975183069184 (will retry)
[2026-09-12 06:03:12Z] âŒ Failed to revoke role ðŸŽ¨ from 234479235551592448 (will retry)
[2026-09-12 06:03:12Z] âŒ Failed to revoke role ðŸŽ¨ from 333464277794947072 (will retry)
[2026-09-12 06:03:13Z] âŒ Failed to revoke role ðŸŽµ from 243191787294949386 (will retry)
[2026-09-12 06:03:13Z] âŒ Failed to revoke role ðŸ’» from 193880505521930240 (will retry)
[2026-09-12 06:03:13Z] âŒ Failed to revoke role ðŸ’» from 194245240041897984 (will retry)
[2026-09-12 06:03:13Z] âŒ Failed to revoke role ðŸ’» from 333464277794947072 (will retry)
[2026-09-12 06:03:14Z] âŒ Failed to revoke role ðŸŽ¬ from 195284975183069184 (will retry)
[2026-09-12 06:03:14Z] âŒ Failed to revoke role ðŸŽ¬ from 234479235551592448 (will retry)
[2026-09-12 06:03:14Z] âŒ Failed to revoke role ðŸŽ¬ from 243191787294949386 (will retry)
[2026-09-12 06:03:14Z] âŒ Failed to revoke role ðŸŽ¬ from 333464277794947072 (will retry)
[2026-09-12 06:03:14Z] âŒ Failed to revoke role ðŸŽµ from 193880505521930240 (will retry)
[2026-09-12 06:03:14Z] âŒ Failed to revoke role ðŸŽµ from 195284975183069184 (will retry)
[2026-09-12 06:03:15Z] âŒ Failed to revoke role ðŸŒ¸ from 193880505521930240 (will retry)
[2026-09-12 06:03:15Z] âŒ Failed to revoke role ðŸŒ¸ from 194245240041897984 (will retry)
[2026-09-12 06:03:15Z] âŒ Failed to revoke role ðŸŒ¸ from 195284975183069184 (will retry)
[2026-09-12 06:03:15Z] âŒ Failed to revoke role ðŸŒ¸ from 234479235551592448 (will retry)
[2026-09-12 06:03:15Z] âŒ Failed to revoke role ðŸŒ¸ from 243191787294949386 (will retry)
[2026-09-12 06:03:15Z] âŒ Failed to revoke role ðŸŒ¸ from 333464277794947072 (will retry)
[2026-09-12 06:03:16Z] âŒ Failed to revoke role ðŸˆ from 193880505521930240 (will retry)
[2026-09-12 06:03:16Z] âŒ Failed to revoke role ðŸˆ from 195284975183069184 (will retry)
[2026-09-12 06:03:16Z] âŒ Failed to revoke role ðŸˆ from 234479235551592448 (will retry)
[2026-09-12 06:03:16Z] âŒ Failed to revoke role ðŸˆ from 243191787294949386 (will retry)
[2026-09-12 06:03:16Z] âŒ Failed to revoke role ðŸˆ from 333464277794947072 (will retry)
[2026-09-12 06:03:17Z] âŒ Failed to revoke role ðŸ¤ from 243191787294949386 (will retry)
[2026-09-12 06:03:17Z] âŒ Failed to revoke role ðŸŽª from 193880505521930240 (will retry)
[2026-09-12 06:03:17Z] âŒ Failed to revoke role ðŸŽª from 194245240041897984 (will retry)
[2026-09-12 06:03:17Z] âŒ Failed to revoke role ðŸŽª from 195284975183069184 (will retry)
[2026-09-12 06:03:17Z] âŒ Failed to revoke role ðŸŽª from 234479235551592448 (will retry)
[2026-09-12 06:03:17Z] âŒ Failed to revoke role ðŸŽª from 243191787294949386 (will retry)
[2026-09-12 06:03:17Z] âŒ Failed to revoke role ðŸŽª from 333464277794947072 (will retry)
[2026-09-12 06:03:18Z] âŒ Failed to revoke role ðŸ¤ from 193880505521930240 (will retry)
[2026-09-12 06:03:18Z] âŒ Failed to revoke role ðŸ¤ from 194245240041897984 (will retry)
[2026-09-12 06:03:18Z] âŒ Failed to revoke role ðŸ¤ from 195284975183069184 (will retry)
[2026-09-12 06:03:18Z] âŒ Failed to revoke role ðŸ¤ from 234479235551592448 (will retry)
[2026-09-12 06:03:18Z] âŒ Failed to revoke role ðŸ¤ from 333464277794947072 (will retry)
[2026-09-12 06:03:18Z] âŒ Failed to revoke role ðŸƒ from 243191787294949386 (will retry)
[2026-09-12 06:03:19Z] âŒ Failed to revoke role ðŸƒ from 193880505521930240 (will retry)
[2026-09-12 06:03:19Z] âŒ Failed to revoke role ðŸƒ from 194245240041897984 (will retry)
[2026-09-12 06:03:19Z] âŒ Failed to revoke role ðŸƒ from 195284975183069184 (will retry)
[2026-09-12 06:03:19Z] âŒ Failed to revoke role ðŸƒ from 333464277794947072 (will retry)
[2026-09-12 06:03:40Z] âŒ Failed to revoke role ðŸŽ® from 193880505521930240 (will retry)
[2026-09-12 06:03:40Z] âŒ Failed to revoke role ðŸŽ® from 243191787294949386 (will retry)
[2026-09-12 06:03:41Z] âŒ Failed to revoke role ðŸŽ¨ from 243191787294949386 (will retry)
[2026-09-12 06:03:41Z] âŒ Failed to revoke role ðŸŽ® from 194245240041897984 (will retry)
[2026-09-12 06:03:41Z] âŒ Failed to revoke role ðŸŽ® from 195284975183069184 (will retry)
[2026-09-12 06:03:41Z] âŒ Failed to revoke role ðŸŽ® from 234479235551592448 (will retry)
[2026-09-12 06:03:41Z] âŒ Failed to revoke role ðŸŽ® from 333464277794947072 (will retry)
[2026-09-12 06:03:42Z] âŒ Failed to revoke role ðŸ² from 195284975183069184 (will retry)
[2026-09-12 06:03:42Z] âŒ Failed to revoke role ðŸ² from 243191787294949386 (will retry)
[2026-09-12 06:03:42Z] âŒ Failed to revoke role ðŸŽ¨ from 193880505521930240 (will retry)
[2026-09-12 06:03:42Z] âŒ Failed to revoke role ðŸŽ¨ from 195284975183069184 (will retry)
[2026-09-12 06:03:42Z] âŒ Failed to revoke role ðŸŽ¨ from 234479235551592448 (will retry)
[2026-09-12 06:03:42Z] âŒ Failed to revoke role ðŸŽ¨ from 333464277794947072 (will retry)
[2026-09-12 06:03:43Z] âŒ Failed to revoke role ðŸŽµ from 193880505521930240 (will retry)
[2026-09-12 06:03:43Z] âŒ Failed to revoke role ðŸŽµ from 243191787294949386 (will retry)
[2026-09-12 06:03:43Z] âŒ Failed to revoke role ðŸ’» from 193880505521930240 (will retry)
[2026-09-12 06:03:43Z] âŒ Failed to revoke role ðŸ’» from 194245240041897984 (will retry)
[2026-09-12 06:03:43Z] âŒ Failed to revoke role ðŸ’» from 333464277794947072 (will retry)
[2026-09-12 06:03:44Z] âŒ Failed to revoke role ðŸŒ¸ from 243191787294949386 (will retry)
[2026-09-12 06:03:44Z] âŒ Failed to revoke role ðŸŽ¬ from 195284975183069184 (will retry)
[2026-09-12 06:03:44Z] âŒ Failed to revoke role ðŸŽ¬ from 234479235551592448 (will retry)
[2026-09-12 06:03:44Z] âŒ Failed to revoke role ðŸŽ¬ from 243191787294949386 (will retry)
[2026-09-12 06:03:44Z] âŒ Failed to revoke role ðŸŽ¬ from 333464277794947072 (will retry)
[2026-09-12 06:03:44Z] âŒ Failed to revoke role ðŸŽµ from 195284975183069184 (will retry)
[2026-09-12 06:03:45Z] âŒ Failed to revoke role ðŸˆ from 193880505521930240 (will retry)
[2026-09-12 06:03:45Z] âŒ Failed to revoke role ðŸˆ from 243191787294949386 (will retry)
[2026-09-12 06:03:45Z] âŒ Failed to revoke role ðŸŒ¸ from 193880505521930240 (will retry)
[2026-09-12 06:03:45Z] âŒ Failed to revoke role ðŸŒ¸ from 194245240041897984 (will retry)
[2026-09-12 06:03:45Z] âŒ Failed to revoke role ðŸŒ¸ from 195284975183069184 (will retry)
[2026-09-12 06:03:45Z] âŒ Failed to revoke role ðŸŒ¸ from 234479235551592448 (will retry)
[2026-09-12 06:03:45Z] âŒ Failed to revoke role ðŸŒ¸ from 333464277794947072 (will retry)
[2026-09-12 06:03:46Z] âŒ Failed to revoke role ðŸˆ from 195284975183069184 (will retry)
[2026-09-12 06:03:46Z] âŒ Failed to revoke role ðŸˆ from 234479235551592448 (will retry)
[2026-09-12 06:03:46Z] âŒ Failed to revoke role ðŸˆ from 333464277794947072 (will retry)
[2026-09-12 06:03:46Z] âŒ Failed to revoke role ðŸŽª from 193880505521930240 (will retry)
[2026-09-12 06:03:46Z] âŒ Failed to revoke role ðŸŽª from 243191787294949386 (will retry)
[2026-09-12 06:03:47Z] âŒ Failed to revoke role ðŸ¤ from 193880505521930240 (will retry)
[2026-09-12 06:03:47Z] âŒ Failed to revoke role ðŸ¤ from 243191787294949386 (will retry)
[2026-09-12 06:03:47Z] âŒ Failed to revoke role ðŸŽª from 194245240041897984 (will retry)
[2026-09-12 06:03:47Z] âŒ Failed to revoke role ðŸŽª from 195284975183069184 (will retry)
[2026-09-12 06:03:47Z] âŒ Failed to revoke role ðŸŽª from 234479235551592448 (will retry)
[2026-09-12 06:03:47Z] âŒ Failed to revoke role ðŸŽª from 333464277794947072 (will retry)
[2026-09-12 06:03:48Z] âŒ Failed to revoke role ðŸ¤ from 194245240041897984 (will retry)
[2026-09-12 06:03:48Z] âŒ Failed to revoke role ðŸ¤ from 195284975183069184 (will retry)
[2026-09-12 06:03:48Z] âŒ Failed to revoke role ðŸ¤ from 234479235551592448 (will retry)
[2026-09-12 06:03:48Z] âŒ Failed to revoke role ðŸ¤ from 333464277794947072 (will retry)
[2026-09-12 06:03:48Z] âŒ Failed to revoke role ðŸƒ from 193880505521930240 (will retry)
[2026-09-12 06:03:48Z] âŒ Failed to revoke role ðŸƒ from 195284975183069184 (will retry)
[2026-09-12 06:03:48Z] âŒ Failed to revoke role ðŸƒ from 243191787294949386 (will retry)
[2026-09-12 06:03:49Z] âŒ Failed to revoke role ðŸƒ from 194245240041897984 (will retry)
[2026-09-12 06:03:49Z] âŒ Failed to revoke role ðŸƒ from 333464277794947072 (will retry)
[2026-09-12 06:04:10Z] âŒ Failed to revoke role ðŸŽ® from 193880505521930240 (will retry)
[2026-09-12 06:04:10Z] âŒ Failed to revoke role ðŸŽ® from 243191787294949386 (will retry)
[2026-09-12 06:04:11Z] âŒ Failed to revoke role ðŸŽ¨ from 193880505521930240 (will retry)
[2026-09-12 06:04:11Z] âŒ Failed to revoke role ðŸŽ¨ from 243191787294949386 (will retry)
[2026-09-12 06:04:11Z] âŒ Failed to revoke role ðŸŽ® from 194245240041897984 (will retry)
[2026-09-12 06:04:11Z] âŒ Failed to revoke role ðŸŽ® from 195284975183069184 (will retry)
[2026-09-12 06:04:11Z] âŒ Failed to revoke role ðŸŽ® from 234479235551592448 (will retry)
[2026-09-12 06:04:11Z] âŒ Failed to revoke role ðŸŽ® from 333464277794947072 (will retry)
[2026-09-12 06:04:12Z] âŒ Failed to revoke role ðŸ² from 195284975183069184 (will retry)
[2026-09-12 06:04:12Z] âŒ Failed to revoke role ðŸ² from 243191787294949386 (will retry)
[2026-09-12 06:04:12Z] âŒ Failed to revoke role ðŸŽ¨ from 195284975183069184 (will retry)
[2026-09-12 06:04:12Z] âŒ Failed to revoke role ðŸŽ¨ from 234479235551592448 (will retry)
[2026-09-12 06:04:12Z] âŒ Failed to revoke role ðŸŽ¨ from 333464277794947072 (will retry)
[2026-09-12 06:04:12Z] âŒ Failed to revoke role ðŸ’» from 194245240041897984 (will retry)
[2026-09-12 06:04:13Z] âŒ Failed to revoke role ðŸŽµ from 193880505521930240 (will retry)
[2026-09-12 06:04:13Z] âŒ Failed to revoke role ðŸŽµ from 195284975183069184 (will retry)
[2026-09-12 06:04:13Z] âŒ Failed to revoke role ðŸŽµ from 243191787294949386 (will retry)
[2026-09-12 06:04:13Z] âŒ Failed to revoke role ðŸ’» from 193880505521930240 (will retry)
[2026-09-12 06:04:13Z] âŒ Failed to revoke role ðŸ’» from 333464277794947072 (will retry)
[2026-09-12 06:04:14Z] âŒ Failed to revoke role ðŸŒ¸ from 193880505521930240 (will retry)
[2026-09-12 06:04:14Z] âŒ Failed to revoke role ðŸŒ¸ from 243191787294949386 (will retry)
[2026-09-12 06:04:14Z] âŒ Failed to revoke role ðŸŽ¬ from 195284975183069184 (will retry)
[2026-09-12 06:04:14Z] âŒ Failed to revoke role ðŸŽ¬ from 234479235551592448 (will retry)
[2026-09-12 06:04:14Z] âŒ Failed to revoke role ðŸŽ¬ from 243191787294949386 (will retry)
[2026-09-12 06:04:14Z] âŒ Failed to revoke role ðŸŽ¬ from 333464277794947072 (will retry)
[2026-09-12 06:04:15Z] âŒ Failed to revoke role ðŸˆ from 193880505521930240 (will retry)
[2026-09-12 06:04:15Z] âŒ Failed to revoke role ðŸˆ from 195284975183069184 (will retry)
[2026-09-12 06:04:15Z] âŒ Failed to revoke role ðŸˆ from 243191787294949386 (will retry)
[2026-09-12 06:04:15Z] âŒ Failed to revoke role ðŸŒ¸ from 194245240041897984 (will retry)
[2026-09-12 06:04:15Z] âŒ Failed to revoke role ðŸŒ¸ from 195284975183069184 (will retry)
[2026-09-12 06:04:15Z] âŒ Failed to revoke role ðŸŒ¸ from 234479235551592448 (will retry)
[2026-09-12 06:04:15Z] âŒ Failed to revoke role ðŸŒ¸ from 333464277794947072 (will retry)
[2026-09-12 06:04:16Z] âŒ Failed to revoke role ðŸˆ from 234479235551592448 (will retry)
[2026-09-12 06:04:16Z] âŒ Failed to revoke role ðŸˆ from 333464277794947072 (will retry)
[2026-09-12 06:04:16Z] âŒ Failed to revoke role ðŸŽª from 193880505521930240 (will retry)
[2026-09-12 06:04:16Z] âŒ Failed to revoke role ðŸŽª from 194245240041897984 (will retry)
[2026-09-12 06:04:16Z] âŒ Failed to revoke role ðŸŽª from 195284975183069184 (will retry)
[2026-09-12 06:04:16Z] âŒ Failed to revoke role ðŸŽª from 234479235551592448 (will retry)
[2026-09-12 06:04:16Z] âŒ Failed to revoke role ðŸŽª from 243191787294949386 (will retry)
[2026-09-12 06:04:17Z] âŒ Failed to revoke role ðŸ¤ from 193880505521930240 (will retry)
[2026-09-12 06:04:17Z] âŒ Failed to revoke role ðŸ¤ from 194245240041897984 (will retry)
[2026-09-12 06:04:17Z] âŒ Failed to revoke role ðŸ¤ from 195284975183069184 (will retry)
[2026-09-12 06:04:17Z] âŒ Failed to revoke role ðŸ¤ from 234479235551592448 (will retry)
[2026-09-12 06:04:17Z] âŒ Failed to revoke role ðŸ¤ from 243191787294949386 (will retry)
[2026-09-12 06:04:17Z] âŒ Failed to revoke role ðŸŽª from 333464277794947072 (will retry)
[2026-09-12 06:04:18Z] âŒ Failed to revoke role ðŸ¤ from 333464277794947072 (will retry)
[2026-09-12 06:04:18Z] âŒ Failed to revoke role ðŸƒ from 193880505521930240 (will retry)
[2026-09-12 06:04:18Z] âŒ Failed to revoke role ðŸƒ from 194245240041897984 (will retry)
[2026-09-12 06:04:18Z] âŒ Failed to revoke role ðŸƒ from 195284975183069184 (will retry)
[2026-09-12 06:04:18Z] âŒ Failed to revoke role ðŸƒ from 243191787294949386 (will retry)
[2026-09-12 06:04:18Z] âŒ Failed to revoke role ðŸƒ from 333464277794947072 (will retry)
[2026-09-12 06:04:40Z] âŒ Failed to revoke role ðŸŽ® from 193880505521930240 (will retry)
[2026-09-12 06:04:40Z] âŒ Failed to revoke role ðŸŽ® from 243191787294949386 (will retry)
[2026-09-12 06:04:41Z] âŒ Failed to revoke role ðŸŽ¨ from 193880505521930240 (will retry)
[2026-09-12 06:04:41Z] âŒ Failed to revoke role ðŸŽ¨ from 243191787294949386 (will retry)
[2026-09-12 06:04:41Z] âŒ Failed to revoke role ðŸŽ® from 194245240041897984 (will retry)
[2026-09-12 06:04:41Z] âŒ Failed to revoke role ðŸŽ® from 195284975183069184 (will retry)
[2026-09-12 06:04:41Z] âŒ Failed to revoke role ðŸŽ® from 234479235551592448 (will retry)
[2026-09-12 06:04:41Z] âŒ Failed to revoke role ðŸŽ® from 333464277794947072 (will retry)
[2026-09-12 06:04:42Z] âŒ Failed to revoke role ðŸ² from 195284975183069184 (will retry)
[2026-09-12 06:04:42Z] âŒ Failed to revoke role ðŸ² from 243191787294949386 (will retry)
[2026-09-12 06:04:42Z] âŒ Failed to revoke role ðŸŽ¨ from 195284975183069184 (will retry)
[2026-09-12 06:04:42Z] âŒ Failed to revoke role ðŸŽ¨ from 234479235551592448 (will retry)
[2026-09-12 06:04:42Z] âŒ Failed to revoke role ðŸŽ¨ from 333464277794947072 (will retry)
[2026-09-12 06:04:42Z] âŒ Failed to revoke role ðŸ’» from 194245240041897984 (will retry)
[2026-09-12 06:04:43Z] âŒ Failed to revoke role ðŸŽµ from 193880505521930240 (will retry)
[2026-09-12 06:04:43Z] âŒ Failed to revoke role ðŸŽµ from 195284975183069184 (will retry)
[2026-09-12 06:04:43Z] âŒ Failed to revoke role ðŸŽµ from 243191787294949386 (will retry)
[2026-09-12 06:04:43Z] âŒ Failed to revoke role ðŸ’» from 193880505521930240 (will retry)
[2026-09-12 06:04:43Z] âŒ Failed to revoke role ðŸ’» from 333464277794947072 (will retry)
[2026-09-12 06:04:44Z] âŒ Failed to revoke role ðŸŒ¸ from 193880505521930240 (will retry)
[2026-09-12 06:04:44Z] âŒ Failed to revoke role ðŸŒ¸ from 243191787294949386 (will retry)
[2026-09-12 06:04:44Z] âŒ Failed to revoke role ðŸŽ¬ from 195284975183069184 (will retry)
[2026-09-12 06:04:44Z] âŒ Failed to revoke role ðŸŽ¬ from 234479235551592448 (will retry)
[2026-09-12 06:04:44Z] âŒ Failed to revoke role ðŸŽ¬ from 243191787294949386 (will retry)
[2026-09-12 06:04:44Z] âŒ Failed to revoke role ðŸŽ¬ from 333464277794947072 (will retry)
[2026-09-12 06:04:45Z] âŒ Failed to revoke role ðŸŒ¸ from 194245240041897984 (will retry)
[2026-09-12 06:04:45Z] âŒ Failed to revoke role ðŸŒ¸ from 195284975183069184 (will retry)
[2026-09-12 06:04:45Z] âŒ Failed to revoke role ðŸŒ¸ from 234479235551592448 (will retry)
[2026-09-12 06:04:45Z] âŒ Failed to revoke role ðŸŒ¸ from 333464277794947072 (will retry)
[2026-09-12 06:04:46Z] âŒ Failed to revoke role ðŸˆ from 193880505521930240 (will retry)
[2026-09-12 06:04:46Z] âŒ Failed to revoke role ðŸˆ from 195284975183069184 (will retry)
[2026-09-12 06:04:46Z] âŒ Failed to revoke role ðŸˆ from 234479235551592448 (will retry)
[2026-09-12 06:04:46Z] âŒ Failed to revoke role ðŸˆ from 243191787294949386 (will retry)
[2026-09-12 06:04:46Z] âŒ Failed to revoke role ðŸˆ from 333464277794947072 (will retry)
[2026-09-12 06:04:46Z] âŒ Failed to revoke role ðŸŽª from 193880505521930240 (will retry)
[2026-09-12 06:04:46Z] âŒ Failed to revoke role ðŸŽª from 243191787294949386 (will retry)
[2026-09-12 06:04:47Z] âŒ Failed to revoke role ðŸ¤ from 193880505521930240 (will retry)
[2026-09-12 06:04:47Z] âŒ Failed to revoke role ðŸ¤ from 195284975183069184 (will retry)
[2026-09-12 06:04:47Z] âŒ Failed to revoke role ðŸ¤ from 243191787294949386 (will retry)
[2026-09-12 06:04:47Z] âŒ Failed to revoke role ðŸŽª from 194245240041897984 (will retry)
[2026-09-12 06:04:47Z] âŒ Failed to revoke role ðŸŽª from 195284975183069184 (will retry)
[2026-09-12 06:04:47Z] âŒ Failed to revoke role ðŸŽª from 234479235551592448 (will retry)
[2026-09-12 06:04:47Z] âŒ Failed to revoke role ðŸŽª from 333464277794947072 (will retry)
[2026-09-12 06:04:48Z] âŒ Failed to revoke role ðŸ¤ from 194245240041897984 (will retry)
[2026-09-12 06:04:48Z] âŒ Failed to revoke role ðŸ¤ from 234479235551592448 (will retry)
[2026-09-12 06:04:48Z] âŒ Failed to revoke role ðŸ¤ from 333464277794947072 (will retry)
[2026-09-12 06:04:48Z] âŒ Failed to revoke role ðŸƒ from 193880505521930240 (will retry)
[2026-09-12 06:04:48Z] âŒ Failed to revoke role ðŸƒ from 243191787294949386 (will retry)
[2026-09-12 06:04:49Z] âŒ Failed to revoke role ðŸƒ from 194245240041897984 (will retry)
[2026-09-12 06:04:49Z] âŒ Failed to revoke role ðŸƒ from 195284975183069184 (will retry)
[2026-09-12 06:04:49Z] âŒ Failed to revoke role ðŸƒ from 333464277794947072 (will retry)
[2026-09-12 06:05:10Z] âŒ Failed to revoke role ðŸŽ® from 193880505521930240 (will retry)
[2026-09-12 06:05:10Z] âŒ Failed to revoke role ðŸŽ® from 243191787294949386 (will retry)
[2026-09-12 06:05:11Z] âŒ Failed to revoke role ðŸŽ¨ from 193880505521930240 (will retry)
[2026-09-12 06:05:11Z] âŒ Failed to revoke role ðŸŽ¨ from 243191787294949386 (will retry)
[2026-09-12 06:05:11Z] âŒ Failed to revoke role ðŸŽ® from 194245240041897984 (will retry)
[2026-09-12 06:05:11Z] âŒ Failed to revoke role ðŸŽ® from 195284975183069184 (will retry)
[2026-09-12 06:05:11Z] âŒ Failed to revoke role ðŸŽ® from 234479235551592448 (will retry)
[2026-09-12 06:05:11Z] âŒ Failed to revoke role ðŸŽ® from 333464277794947072 (will retry)
[2026-09-12 06:05:12Z] âŒ Failed to revoke role ðŸ² from 195284975183069184 (will retry)
[2026-09-12 06:05:12Z] âŒ Failed to revoke role ðŸ² from 243191787294949386 (will retry)
[2026-09-12 06:05:12Z] âŒ Failed to revoke role ðŸŽ¨ from 195284975183069184 (will retry)
[2026-09-12 06:05:12Z] âŒ Failed to revoke role ðŸŽ¨ from 234479235551592448 (will retry)
[2026-09-12 06:05:12Z] âŒ Failed to revoke role ðŸŽ¨ from 333464277794947072 (will retry)
[2026-09-12 06:05:13Z] âŒ Failed to revoke role ðŸŽµ from 193880505521930240 (will retry)
[2026-09-12 06:05:13Z] âŒ Failed to revoke role ðŸŽµ from 195284975183069184 (will retry)
[2026-09-12 06:05:13Z] âŒ Failed to revoke role ðŸŽµ from 243191787294949386 (will retry)
[2026-09-12 06:05:13Z] âŒ Failed to revoke role ðŸ’» from 193880505521930240 (will retry)
[2026-09-12 06:05:13Z] âŒ Failed to revoke role ðŸ’» from 194245240041897984 (will retry)
[2026-09-12 06:05:13Z] âŒ Failed to revoke role ðŸ’» from 333464277794947072 (will retry)
[2026-09-12 06:05:14Z] âŒ Failed to revoke role ðŸŒ¸ from 193880505521930240 (will retry)
[2026-09-12 06:05:14Z] âŒ Failed to revoke role ðŸŒ¸ from 243191787294949386 (will retry)
[2026-09-12 06:05:14Z] âŒ Failed to revoke role ðŸŽ¬ from 195284975183069184 (will retry)
[2026-09-12 06:05:14Z] âŒ Failed to revoke role ðŸŽ¬ from 234479235551592448 (will retry)
[2026-09-12 06:05:14Z] âŒ Failed to revoke role ðŸŽ¬ from 243191787294949386 (will retry)
[2026-09-12 06:05:14Z] âŒ Failed to revoke role ðŸŽ¬ from 333464277794947072 (will retry)
[2026-09-12 06:05:15Z] âŒ Failed to revoke role ðŸˆ from 193880505521930240 (will retry)
[2026-09-12 06:05:15Z] âŒ Failed to revoke role ðŸˆ from 195284975183069184 (will retry)
[2026-09-12 06:05:15Z] âŒ Failed to revoke role ðŸˆ from 243191787294949386 (will retry)
[2026-09-12 06:05:15Z] âŒ Failed to revoke role ðŸŒ¸ from 194245240041897984 (will retry)
[2026-09-12 06:05:15Z] âŒ Failed to revoke role ðŸŒ¸ from 195284975183069184 (will retry)
[2026-09-12 06:05:15Z] âŒ Failed to revoke role ðŸŒ¸ from 234479235551592448 (will retry)
[2026-09-12 06:05:15Z] âŒ Failed to revoke role ðŸŒ¸ from 333464277794947072 (will retry)
[2026-09-12 06:05:16Z] âŒ Failed to revoke role ðŸˆ from 234479235551592448 (will retry)
[2026-09-12 06:05:16Z] âŒ Failed to revoke role ðŸˆ from 333464277794947072 (will retry)
[2026-09-12 06:05:16Z] âŒ Failed to revoke role ðŸŽª from 193880505521930240 (will retry)
[2026-09-12 06:05:16Z] âŒ Failed to revoke role ðŸŽª from 195284975183069184 (will retry)
[2026-09-12 06:05:16Z] âŒ Failed to revoke role ðŸŽª from 243191787294949386 (will retry)
[2026-09-12 06:05:17Z] âŒ Failed to revoke role ðŸ¤ from 193880505521930240 (will retry)
[2026-09-12 06:05:17Z] âŒ Failed to revoke role ðŸ¤ from 195284975183069184 (will retry)
[2026-09-12 06:05:17Z] âŒ Failed to revoke role ðŸ¤ from 243191787294949386 (will retry)
[2026-09-12 06:05:17Z] âŒ Failed to revoke role ðŸŽª from 194245240041897984 (will retry)
[2026-09-12 06:05:17Z] âŒ Failed to revoke role ðŸŽª from 234479235551592448 (will retry)
[2026-09-12 06:05:17Z] âŒ Failed to revoke role ðŸŽª from 333464277794947072 (will retry)
[2026-09-12 06:05:18Z] âŒ Failed to revoke role ðŸ¤ from 194245240041897984 (will retry)
[2026-09-12 06:05:18Z] âŒ Failed to revoke role ðŸ¤ from 234479235551592448 (will retry)
[2026-09-12 06:05:18Z] âŒ Failed to revoke role ðŸ¤ from 333464277794947072 (will retry)
[2026-09-12 06:05:18Z] âŒ Failed to revoke role ðŸƒ from 193880505521930240 (will retry)
[2026-09-12 06:05:18Z] âŒ Failed to revoke role ðŸƒ from 195284975183069184 (will retry)
[2026-09-12 06:05:18Z] âŒ Failed to revoke role ðŸƒ from 243191787294949386 (will retry)
[2026-09-12 06:05:19Z] âŒ Failed to revoke role ðŸƒ from 194245240041897984 (will retry)
[2026-09-12 06:05:19Z] âŒ Failed to revoke role ðŸƒ from 333464277794947072 (will retry)
[2026-09-12 06:05:40Z] âŒ Failed to revoke role ðŸŽ® from 193880505521930240 (will retry)
[2026-09-12 06:05:40Z] âŒ Failed to revoke role ðŸŽ® from 243191787294949386 (will retry)
[2026-09-12 06:05:41Z] âŒ Failed to revoke role ðŸŽ¨ from 193880505521930240 (will retry)
[2026-09-12 06:05:41Z] âŒ Failed to revoke role ðŸŽ¨ from 243191787294949386 (will retry)
[2026-09-12 06:05:41Z] âŒ Failed to revoke role ðŸŽ® from 194245240041897984 (will retry)
[2026-09-12 06:05:41Z] âŒ Failed to revoke role ðŸŽ® from 195284975183069184 (will retry)
[2026-09-12 06:05:41Z] âŒ Failed to revoke role ðŸŽ® from 234479235551592448 (will retry)
[2026-09-12 06:05:41Z] âŒ Failed to revoke role ðŸŽ® from 333464277794947072 (will retry)
[2026-09-12 06:05:42Z] âŒ Failed to revoke role ðŸ² from 195284975183069184 (will retry)
[2026-09-12 06:05:42Z] âŒ Failed to revoke role ðŸ² from 243191787294949386 (will retry)
[2026-09-12 06:05:42Z] âŒ Failed to revoke role ðŸŽ¨ from 195284975183069184 (will retry)
[2026-09-12 06:05:42Z] âŒ Failed to revoke role ðŸŽ¨ from 234479235551592448 (will retry)
[2026-09-12 06:05:42Z] âŒ Failed to revoke role ðŸŽ¨ from 333464277794947072 (will retry)
[2026-09-12 06:05:43Z] âŒ Failed to revoke role ðŸŽµ from 193880505521930240 (will retry)
[2026-09-12 06:05:43Z] âŒ Failed to revoke role ðŸŽµ from 195284975183069184 (will retry)
[2026-09-12 06:05:43Z] âŒ Failed to revoke role ðŸŽµ from 243191787294949386 (will retry)
[2026-09-12 06:05:43Z] âŒ Failed to revoke role ðŸ’» from 193880505521930240 (will retry)
[2026-09-12 06:05:43Z] âŒ Failed to revoke role ðŸ’» from 194245240041897984 (will retry)
[2026-09-12 06:05:43Z] âŒ Failed to revoke role ðŸ’» from 333464277794947072 (will retry)
[2026-09-12 06:05:44Z] âŒ Failed to revoke role ðŸŒ¸ from 243191787294949386 (will retry)
[2026-09-12 06:05:44Z] âŒ Failed to revoke role ðŸŽ¬ from 195284975183069184 (will retry)
[2026-09-12 06:05:44Z] âŒ Failed to revoke role ðŸŽ¬ from 234479235551592448 (will retry)
[2026-09-12 06:05:44Z] âŒ Failed to revoke role ðŸŽ¬ from 243191787294949386 (will retry)
[2026-09-12 06:05:44Z] âŒ Failed to revoke role ðŸŽ¬ from 333464277794947072 (will retry)
[2026-09-12 06:05:45Z] âŒ Failed to revoke role ðŸˆ from 193880505521930240 (will retry)
[2026-09-12 06:05:45Z] âŒ Failed to revoke role ðŸˆ from 243191787294949386 (will retry)
[2026-09-12 06:05:45Z] âŒ Failed to revoke role ðŸŒ¸ from 193880505521930240 (will retry)
[2026-09-12 06:05:45Z] âŒ Failed to revoke role ðŸŒ¸ from 194245240041897984 (will retry)
[2026-09-12 06:05:45Z] âŒ Failed to revoke role ðŸŒ¸ from 195284975183069184 (will retry)
[2026-09-12 06:05:45Z] âŒ Failed to revoke role ðŸŒ¸ from 234479235551592448 (will retry)
[2026-09-12 06:05:45Z] âŒ Failed to revoke role ðŸŒ¸ from 333464277794947072 (will retry)
[2026-09-12 06:05:46Z] âŒ Failed to revoke role ðŸˆ from 195284975183069184 (will retry)
[2026-09-12 06:05:46Z] âŒ Failed to revoke role ðŸˆ from 234479235551592448 (will retry)
[2026-09-12 06:05:46Z] âŒ Failed to revoke role ðŸˆ from 333464277794947072 (will retry)
[2026-09-12 06:05:46Z] âŒ Failed to revoke role ðŸŽª from 193880505521930240 (will retry)
[2026-09-12 06:05:46Z] âŒ Failed to revoke role ðŸŽª from 195284975183069184 (will retry)
[2026-09-12 06:05:46Z] âŒ Failed to revoke role ðŸŽª from 234479235551592448 (will retry)
[2026-09-12 06:05:46Z] âŒ Failed to revoke role ðŸŽª from 243191787294949386 (will retry)
[2026-09-12 06:05:47Z] âŒ Failed to revoke role ðŸ¤ from 193880505521930240 (will retry)
[2026-09-12 06:05:47Z] âŒ Failed to revoke role ðŸ¤ from 195284975183069184 (will retry)
[2026-09-12 06:05:47Z] âŒ Failed to revoke role ðŸ¤ from 234479235551592448 (will retry)
[2026-09-12 06:05:47Z] âŒ Failed to revoke role ðŸ¤ from 243191787294949386 (will retry)
[2026-09-12 06:05:47Z] âŒ Failed to revoke role ðŸŽª from 194245240041897984 (will retry)
[2026-09-12 06:05:47Z] âŒ Failed to revoke role ðŸŽª from 333464277794947072 (will retry)
[2026-09-12 06:05:48Z] âŒ Failed to revoke role ðŸ¤ from 194245240041897984 (will retry)
[2026-09-12 06:05:48Z] âŒ Failed to revoke role ðŸ¤ from 333464277794947072 (will retry)
[2026-09-12 06:05:48Z] âŒ Failed to revoke role ðŸƒ from 193880505521930240 (will retry)
[2026-09-12 06:05:48Z] âŒ Failed to revoke role ðŸƒ from 194245240041897984 (will retry)
[2026-09-12 06:05:48Z] âŒ Failed to revoke role ðŸƒ from 195284975183069184 (will retry)
[2026-09-12 06:05:48Z] âŒ Failed to revoke role ðŸƒ from 243191787294949386 (will retry)
[2026-09-12 06:05:48Z] âŒ Failed to revoke role ðŸƒ from 333464277794947072 (will retry)
[2026-09-12 06:06:10Z] âŒ Failed to revoke role ðŸŽ® from 193880505521930240 (will retry)
[2026-09-12 06:06:10Z] âŒ Failed to revoke role ðŸŽ® from 243191787294949386 (will retry)
[2026-09-12 06:06:11Z] âŒ Failed to revoke role ðŸŽ¨ from 193880505521930240 (will retry)
[2026-09-12 06:06:11Z] âŒ Failed to revoke role ðŸŽ¨ from 243191787294949386 (will retry)
[2026-09-12 06:06:11Z] âŒ Failed to revoke role ðŸŽ® from 194245240041897984 (will retry)
[2026-09-12 06:06:11Z] âŒ Failed to revoke role ðŸŽ® from 195284975183069184 (will retry)
[2026-09-12 06:06:11Z] âŒ Failed to revoke role ðŸŽ® from 234479235551592448 (will retry)
[2026-09-12 06:06:11Z] âŒ Failed to revoke role ðŸŽ® from 333464277794947072 (will retry)
[2026-09-12 06:06:12Z] âŒ Failed to revoke role ðŸ² from 195284975183069184 (will retry)
[2026-09-12 06:06:12Z] âŒ Failed to revoke role ðŸ² from 243191787294949386 (will retry)
[2026-09-12 06:06:12Z] âŒ Failed to revoke role ðŸŽ¨ from 195284975183069184 (will retry)
[2026-09-12 06:06:12Z] âŒ Failed to revoke role ðŸŽ¨ from 234479235551592448 (will retry)
[2026-09-12 06:06:12Z] âŒ Failed to revoke role ðŸŽ¨ from 333464277794947072 (will retry)
[2026-09-12 06:06:13Z] âŒ Failed to revoke role ðŸŽµ from 193880505521930240 (will retry)
[2026-09-12 06:06:13Z] âŒ Failed to revoke role ðŸŽµ from 195284975183069184 (will retry)
[2026-09-12 06:06:13Z] âŒ Failed to revoke role ðŸŽµ from 243191787294949386 (will retry)
[2026-09-12 06:06:13Z] âŒ Failed to revoke role ðŸ’» from 193880505521930240 (will retry)
[2026-09-12 06:06:13Z] âŒ Failed to revoke role ðŸ’» from 194245240041897984 (will retry)
[2026-09-12 06:06:13Z] âŒ Failed to revoke role ðŸ’» from 333464277794947072 (will retry)
[2026-09-12 06:06:14Z] âŒ Failed to revoke role ðŸŒ¸ from 193880505521930240 (will retry)
[2026-09-12 06:06:14Z] âŒ Failed to revoke role ðŸŒ¸ from 243191787294949386 (will retry)
[2026-09-12 06:06:14Z] âŒ Failed to revoke role ðŸŽ¬ from 195284975183069184 (will retry)
[2026-09-12 06:06:14Z] âŒ Failed to revoke role ðŸŽ¬ from 234479235551592448 (will retry)
[2026-09-12 06:06:14Z] âŒ Failed to revoke role ðŸŽ¬ from 243191787294949386 (will retry)
[2026-09-12 06:06:14Z] âŒ Failed to revoke role ðŸŽ¬ from 333464277794947072 (will retry)
[2026-09-12 06:06:15Z] âŒ Failed to revoke role ðŸˆ from 193880505521930240 (will retry)
[2026-09-12 06:06:15Z] âŒ Failed to revoke role ðŸˆ from 243191787294949386 (will retry)
[2026-09-12 06:06:15Z] âŒ Failed to revoke role ðŸŒ¸ from 194245240041897984 (will retry)
[2026-09-12 06:06:15Z] âŒ Failed to revoke role ðŸŒ¸ from 195284975183069184 (will retry)
[2026-09-12 06:06:15Z] âŒ Failed to revoke role ðŸŒ¸ from 234479235551592448 (will retry)
[2026-09-12 06:06:15Z] âŒ Failed to revoke role ðŸŒ¸ from 333464277794947072 (will retry)
[2026-09-12 06:06:16Z] âŒ Failed to revoke role ðŸˆ from 195284975183069184 (will retry)
[2026-09-12 06:06:16Z] âŒ Failed to revoke role ðŸˆ from 234479235551592448 (will retry)
[2026-09-12 06:06:16Z] âŒ Failed to revoke role ðŸˆ from 333464277794947072 (will retry)
[2026-09-12 06:06:16Z] âŒ Failed to revoke role ðŸŽª from 193880505521930240 (will retry)
[2026-09-12 06:06:16Z] âŒ Failed to revoke role ðŸŽª from 195284975183069184 (will retry)
[2026-09-12 06:06:16Z] âŒ Failed to revoke role ðŸŽª from 234479235551592448 (will retry)
[2026-09-12 06:06:16Z] âŒ Failed to revoke role ðŸŽª from 243191787294949386 (will retry)
[2026-09-12 06:06:17Z] âŒ Failed to revoke role ðŸ¤ from 193880505521930240 (will retry)
[2026-09-12 06:06:17Z] âŒ Failed to revoke role ðŸ¤ from 194245240041897984 (will retry)
[2026-09-12 06:06:17Z] âŒ Failed to revoke role ðŸ¤ from 195284975183069184 (will retry)
[2026-09-12 06:06:17Z] âŒ Failed to revoke role ðŸ¤ from 234479235551592448 (will retry)
[2026-09-12 06:06:17Z] âŒ Failed to revoke role ðŸ¤ from 243191787294949386 (will retry)
[2026-09-12 06:06:17Z] âŒ Failed to revoke role ðŸŽª from 194245240041897984 (will retry)
[2026-09-12 06:06:17Z] âŒ Failed to revoke role ðŸŽª from 333464277794947072 (will retry)
[2026-09-12 06:06:18Z] âŒ Failed to revoke role ðŸ¤ from 333464277794947072 (will retry)
[2026-09-12 06:06:18Z] âŒ Failed to revoke role ðŸƒ from 193880505521930240 (will retry)
[2026-09-12 06:06:18Z] âŒ Failed to revoke role ðŸƒ from 194245240041897984 (will retry)
[2026-09-12 06:06:18Z] âŒ Failed to revoke role ðŸƒ from 195284975183069184 (will retry)
[2026-09-12 06:06:18Z] âŒ Failed to revoke role ðŸƒ from 243191787294949386 (will retry)
[2026-09-12 06:06:18Z] âŒ Failed to revoke role ðŸƒ from 333464277794947072 (will retry)
[2026-09-12 06:06:40Z] âŒ Failed to revoke role ðŸŽ® from 193880505521930240 (will retry)
[2026-09-12 06:06:40Z] âŒ Failed to revoke role ðŸŽ® from 243191787294949386 (will retry)
[2026-09-12 06:06:41Z] âŒ Failed to revoke role ðŸŽ¨ from 193880505521930240 (will retry)
[2026-09-12 06:06:41Z] âŒ Failed to revoke role ðŸŽ¨ from 195284975183069184 (will retry)
[2026-09-12 06:06:41Z] âŒ Failed to revoke role ðŸŽ¨ from 243191787294949386 (will retry)
[2026-09-12 06:06:41Z] âŒ Failed to revoke role ðŸŽ® from 194245240041897984 (will retry)
[2026-09-12 06:06:41Z] âŒ Failed to revoke role ðŸŽ® from 195284975183069184 (will retry)
[2026-09-12 06:06:41Z] âŒ Failed to revoke role ðŸŽ® from 234479235551592448 (will retry)
[2026-09-12 06:06:41Z] âŒ Failed to revoke role ðŸŽ® from 333464277794947072 (will retry)
[2026-09-12 06:06:42Z] âŒ Failed to revoke role ðŸŽ¨ from 234479235551592448 (will retry)
[2026-09-12 06:06:42Z] âŒ Failed to revoke role ðŸŽ¨ from 333464277794947072 (will retry)
[2026-09-12 06:06:43Z] âŒ Failed to revoke role ðŸ² from 195284975183069184 (will retry)
[2026-09-12 06:06:43Z] âŒ Failed to revoke role ðŸ² from 243191787294949386 (will retry)
[2026-09-12 06:06:43Z] âŒ Failed to revoke role ðŸ’» from 193880505521930240 (will retry)
[2026-09-12 06:06:43Z] âŒ Failed to revoke role ðŸ’» from 194245240041897984 (will retry)
[2026-09-12 06:06:44Z] âŒ Failed to revoke role ðŸŽµ from 193880505521930240 (will retry)
[2026-09-12 06:06:44Z] âŒ Failed to revoke role ðŸŽµ from 195284975183069184 (will retry)
[2026-09-12 06:06:44Z] âŒ Failed to revoke role ðŸŽµ from 243191787294949386 (will retry)
[2026-09-12 06:06:44Z] âŒ Failed to revoke role ðŸ’» from 333464277794947072 (will retry)
[2026-09-12 06:06:45Z] âŒ Failed to revoke role ðŸŒ¸ from 193880505521930240 (will retry)
[2026-09-12 06:06:45Z] âŒ Failed to revoke role ðŸŒ¸ from 243191787294949386 (will retry)
[2026-09-12 06:06:45Z] âŒ Failed to revoke role ðŸŽ¬ from 195284975183069184 (will retry)
[2026-09-12 06:06:45Z] âŒ Failed to revoke role ðŸŽ¬ from 234479235551592448 (will retry)
[2026-09-12 06:06:45Z] âŒ Failed to revoke role ðŸŽ¬ from 243191787294949386 (will retry)
[2026-09-12 06:06:45Z] âŒ Failed to revoke role ðŸŽ¬ from 333464277794947072 (will retry)
[2026-09-12 06:06:46Z] âŒ Failed to revoke role ðŸˆ from 193880505521930240 (will retry)
[2026-09-12 06:06:46Z] âŒ Failed to revoke role ðŸˆ from 195284975183069184 (will retry)
[2026-09-12 06:06:46Z] âŒ Failed to revoke role ðŸˆ from 243191787294949386 (will retry)
[2026-09-12 06:06:46Z] âŒ Failed to revoke role ðŸŒ¸ from 194245240041897984 (will retry)
[2026-09-12 06:06:46Z] âŒ Failed to revoke role ðŸŒ¸ from 195284975183069184 (will retry)
[2026-09-12 06:06:46Z] âŒ Failed to revoke role ðŸŒ¸ from 234479235551592448 (will retry)
[2026-09-12 06:06:46Z] âŒ Failed to revoke role ðŸŒ¸ from 333464277794947072 (will retry)
[2026-09-12 06:06:47Z] âŒ Failed to revoke role ðŸˆ from 234479235551592448 (will retry)
[2026-09-12 06:06:47Z] âŒ Failed to revoke role ðŸˆ from 333464277794947072 (will retry)
[2026-09-12 06:06:47Z] âŒ Failed to revoke role ðŸŽª from 193880505521930240 (will retry)
[2026-09-12 06:06:47Z] âŒ Failed to revoke role ðŸŽª from 195284975183069184 (will retry)
[2026-09-12 06:06:47Z] âŒ Failed to revoke role ðŸŽª from 234479235551592448 (will retry)
[2026-09-12 06:06:47Z] âŒ Failed to revoke role ðŸŽª from 243191787294949386 (will retry)
[2026-09-12 06:06:48Z] âŒ Failed to revoke role ðŸ¤ from 193880505521930240 (will retry)
[2026-09-12 06:06:48Z] âŒ Failed to revoke role ðŸ¤ from 194245240041897984 (will retry)
[2026-09-12 06:06:48Z] âŒ Failed to revoke role ðŸ¤ from 195284975183069184 (will retry)
[2026-09-12 06:06:48Z] âŒ Failed to revoke role ðŸ¤ from 234479235551592448 (will retry)
[2026-09-12 06:06:48Z] âŒ Failed to revoke role ðŸ¤ from 243191787294949386 (will retry)
[2026-09-12 06:06:48Z] âŒ Failed to revoke role ðŸŽª from 194245240041897984 (will retry)
[2026-09-12 06:06:48Z] âŒ Failed to revoke role ðŸŽª from 333464277794947072 (will retry)
[2026-09-12 06:06:49Z] âŒ Failed to revoke role ðŸ¤ from 333464277794947072 (will retry)
[2026-09-12 06:06:49Z] âŒ Failed to revoke role ðŸƒ from 193880505521930240 (will retry)
[2026-09-12 06:06:49Z] âŒ Failed to revoke role ðŸƒ from 194245240041897984 (will retry)
[2026-09-12 06:06:49Z] âŒ Failed to revoke role ðŸƒ from 195284975183069184 (will retry)
[2026-09-12 06:06:49Z] âŒ Failed to revoke role ðŸƒ from 243191787294949386 (will retry)
[2026-09-12 06:06:49Z] âŒ Failed to revoke role ðŸƒ from 333464277794947072 (will retry)
[2026-09-12 06:07:10Z] âŒ Failed to revoke role ðŸŽ® from 193880505521930240 (will retry)
[2026-09-12 06:07:10Z] âŒ Failed to revoke role ðŸŽ® from 243191787294949386 (will retry)
[2026-09-12 06:07:11Z] âŒ Failed to revoke role ðŸŽ¨ from 193880505521930240 (will retry)
[2026-09-12 06:07:11Z] âŒ Failed to revoke role ðŸŽ¨ from 243191787294949386 (will retry)
[2026-09-12 06:07:11Z] âŒ Failed to revoke role ðŸŽ® from 194245240041897984 (will retry)
[2026-09-12 06:07:11Z] âŒ Failed to revoke role ðŸŽ® from 195284975183069184 (will retry)
[2026-09-12 06:07:11Z] âŒ Failed to revoke role ðŸŽ® from 234479235551592448 (will retry)
[2026-09-12 06:07:11Z] âŒ Failed to revoke role ðŸŽ® from 333464277794947072 (will retry)
[2026-09-12 06:07:12Z] âŒ Failed to revoke role ðŸ² from 195284975183069184 (will retry)
[2026-09-12 06:07:12Z] âŒ Failed to revoke role ðŸ² from 243191787294949386 (will retry)
[2026-09-12 06:07:12Z] âŒ Failed to revoke role ðŸŽ¨ from 195284975183069184 (will retry)
[2026-09-12 06:07:12Z] âŒ Failed to revoke role ðŸŽ¨ from 234479235551592448 (will retry)
[2026-09-12 06:07:12Z] âŒ Failed to revoke role ðŸŽ¨ from 333464277794947072 (will retry)
[2026-09-12 06:07:13Z] âŒ Failed to revoke role ðŸŽµ from 193880505521930240 (will retry)
[2026-09-12 06:07:13Z] âŒ Failed to revoke role ðŸŽµ from 195284975183069184 (will retry)
[2026-09-12 06:07:13Z] âŒ Failed to revoke role ðŸŽµ from 243191787294949386 (will retry)
[2026-09-12 06:07:13Z] âŒ Failed to revoke role ðŸ’» from 193880505521930240 (will retry)
[2026-09-12 06:07:13Z] âŒ Failed to revoke role ðŸ’» from 194245240041897984 (will retry)
[2026-09-12 06:07:13Z] âŒ Failed to revoke role ðŸ’» from 333464277794947072 (will retry)
[2026-09-12 06:07:14Z] âŒ Failed to revoke role ðŸŒ¸ from 193880505521930240 (will retry)
[2026-09-12 06:07:14Z] âŒ Failed to revoke role ðŸŒ¸ from 243191787294949386 (will retry)
[2026-09-12 06:07:14Z] âŒ Failed to revoke role ðŸŽ¬ from 195284975183069184 (will retry)
[2026-09-12 06:07:14Z] âŒ Failed to revoke role ðŸŽ¬ from 234479235551592448 (will retry)
[2026-09-12 06:07:14Z] âŒ Failed to revoke role ðŸŽ¬ from 243191787294949386 (will retry)
[2026-09-12 06:07:14Z] âŒ Failed to revoke role ðŸŽ¬ from 333464277794947072 (will retry)
[2026-09-12 06:07:15Z] âŒ Failed to revoke role ðŸˆ from 193880505521930240 (will retry)
[2026-09-12 06:07:15Z] âŒ Failed to revoke role ðŸˆ from 195284975183069184 (will retry)
[2026-09-12 06:07:15Z] âŒ Failed to revoke role ðŸˆ from 243191787294949386 (will retry)
[2026-09-12 06:07:15Z] âŒ Failed to revoke role ðŸŒ¸ from 194245240041897984 (will retry)
[2026-09-12 06:07:15Z] âŒ Failed to revoke role ðŸŒ¸ from 195284975183069184 (will retry)
[2026-09-12 06:07:15Z] âŒ Failed to revoke role ðŸŒ¸ from 234479235551592448 (will retry)
[2026-09-12 06:07:15Z] âŒ Failed to revoke role ðŸŒ¸ from 333464277794947072 (will retry)
[2026-09-12 06:07:16Z] âŒ Failed to revoke role ðŸˆ from 234479235551592448 (will retry)
[2026-09-12 06:07:16Z] âŒ Failed to revoke role ðŸˆ from 333464277794947072 (will retry)
[2026-09-12 06:07:16Z] âŒ Failed to revoke role ðŸŽª from 193880505521930240 (will retry)
[2026-09-12 06:07:16Z] âŒ Failed to revoke role ðŸŽª from 243191787294949386 (will retry)
[2026-09-12 06:07:17Z] âŒ Failed to revoke role ðŸ¤ from 193880505521930240 (will retry)
[2026-09-12 06:07:17Z] âŒ Failed to revoke role ðŸ¤ from 243191787294949386 (will retry)
[2026-09-12 06:07:17Z] âŒ Failed to revoke role ðŸŽª from 194245240041897984 (will retry)
[2026-09-12 06:07:17Z] âŒ Failed to revoke role ðŸŽª from 195284975183069184 (will retry)
[2026-09-12 06:07:17Z] âŒ Failed to revoke role ðŸŽª from 234479235551592448 (will retry)
[2026-09-12 06:07:17Z] âŒ Failed to revoke role ðŸŽª from 333464277794947072 (will retry)
[2026-09-12 06:07:18Z] âŒ Failed to revoke role ðŸ¤ from 194245240041897984 (will retry)
[2026-09-12 06:07:18Z] âŒ Failed to revoke role ðŸ¤ from 195284975183069184 (will retry)
[2026-09-12 06:07:18Z] âŒ Failed to revoke role ðŸ¤ from 234479235551592448 (will retry)
[2026-09-12 06:07:18Z] âŒ Failed to revoke role ðŸ¤ from 333464277794947072 (will retry)
[2026-09-12 06:07:18Z] âŒ Failed to revoke role ðŸƒ from 193880505521930240 (will retry)
[2026-09-12 06:07:18Z] âŒ Failed to revoke role ðŸƒ from 243191787294949386 (will retry)
[2026-09-12 06:07:19Z] âŒ Failed to revoke role ðŸƒ from 194245240041897984 (will retry)
[2026-09-12 06:07:19Z] âŒ Failed to revoke role ðŸƒ from 195284975183069184 (will retry)
[2026-09-12 06:07:19Z] âŒ Failed to revoke role ðŸƒ from 333464277794947072 (will retry)
[2026-09-12 06:07:40Z] âŒ Failed to revoke role ðŸŽ® from 243191787294949386 (will retry)
[2026-09-12 06:07:41Z] âŒ Failed to revoke role ðŸŽ¨ from 243191787294949386 (will retry)
[2026-09-12 06:07:41Z] âŒ Failed to revoke role ðŸŽ® from 193880505521930240 (will retry)
[2026-09-12 06:07:41Z] âŒ Failed to revoke role ðŸŽ® from 194245240041897984 (will retry)
[2026-09-12 06:07:41Z] âŒ Failed to revoke role ðŸŽ® from 195284975183069184 (will retry)
[2026-09-12 06:07:41Z] âŒ Failed to revoke role ðŸŽ® from 234479235551592448 (will retry)
[2026-09-12 06:07:41Z] âŒ Failed to revoke role ðŸŽ® from 333464277794947072 (will retry)
[2026-09-12 06:07:42Z] âŒ Failed to revoke role ðŸ² from 195284975183069184 (will retry)
[2026-09-12 06:07:42Z] âŒ Failed to revoke role ðŸ² from 243191787294949386 (will retry)
[2026-09-12 06:07:42Z] âŒ Failed to revoke role ðŸŽ¨ from 193880505521930240 (will retry)
[2026-09-12 06:07:42Z] âŒ Failed to revoke role ðŸŽ¨ from 195284975183069184 (will retry)
[2026-09-12 06:07:42Z] âŒ Failed to revoke role ðŸŽ¨ from 234479235551592448 (will retry)
[2026-09-12 06:07:42Z] âŒ Failed to revoke role ðŸŽ¨ from 333464277794947072 (will retry)
[2026-09-12 06:07:43Z] âŒ Failed to revoke role ðŸŽµ from 193880505521930240 (will retry)
[2026-09-12 06:07:43Z] âŒ Failed to revoke role ðŸŽµ from 243191787294949386 (will retry)
[2026-09-12 06:07:43Z] âŒ Failed to revoke role ðŸ’» from 193880505521930240 (will retry)
[2026-09-12 06:07:43Z] âŒ Failed to revoke role ðŸ’» from 194245240041897984 (will retry)
[2026-09-12 06:07:43Z] âŒ Failed to revoke role ðŸ’» from 333464277794947072 (will retry)
[2026-09-12 06:07:44Z] âŒ Failed to revoke role ðŸŒ¸ from 243191787294949386 (will retry)
[2026-09-12 06:07:44Z] âŒ Failed to revoke role ðŸŽ¬ from 195284975183069184 (will retry)
[2026-09-12 06:07:44Z] âŒ Failed to revoke role ðŸŽ¬ from 234479235551592448 (will retry)
[2026-09-12 06:07:44Z] âŒ Failed to revoke role ðŸŽ¬ from 243191787294949386 (will retry)
[2026-09-12 06:07:44Z] âŒ Failed to revoke role ðŸŽ¬ from 333464277794947072 (will retry)
[2026-09-12 06:07:44Z] âŒ Failed to revoke role ðŸŽµ from 195284975183069184 (will retry)
[2026-09-12 06:07:45Z] âŒ Failed to revoke role ðŸˆ from 243191787294949386 (will retry)
[2026-09-12 06:07:45Z] âŒ Failed to revoke role ðŸŒ¸ from 193880505521930240 (will retry)
[2026-09-12 06:07:45Z] âŒ Failed to revoke role ðŸŒ¸ from 194245240041897984 (will retry)
[2026-09-12 06:07:45Z] âŒ Failed to revoke role ðŸŒ¸ from 195284975183069184 (will retry)
[2026-09-12 06:07:45Z] âŒ Failed to revoke role ðŸŒ¸ from 234479235551592448 (will retry)
[2026-09-12 06:07:45Z] âŒ Failed to revoke role ðŸŒ¸ from 333464277794947072 (will retry)
[2026-09-12 06:07:46Z] âŒ Failed to revoke role ðŸˆ from 193880505521930240 (will retry)
[2026-09-12 06:07:46Z] âŒ Failed to revoke role ðŸˆ from 195284975183069184 (will retry)
[2026-09-12 06:07:46Z] âŒ Failed to revoke role ðŸˆ from 234479235551592448 (will retry)
[2026-09-12 06:07:46Z] âŒ Failed to revoke role ðŸˆ from 333464277794947072 (will retry)
[2026-09-12 06:07:46Z] âŒ Failed to revoke role ðŸŽª from 193880505521930240 (will retry)
[2026-09-12 06:07:46Z] âŒ Failed to revoke role ðŸŽª from 195284975183069184 (will retry)
[2026-09-12 06:07:46Z] âŒ Failed to revoke role ðŸŽª from 243191787294949386 (will retry)
[2026-09-12 06:07:47Z] âŒ Failed to revoke role ðŸ¤ from 193880505521930240 (will retry)
[2026-09-12 06:07:47Z] âŒ Failed to revoke role ðŸ¤ from 195284975183069184 (will retry)
[2026-09-12 06:07:47Z] âŒ Failed to revoke role ðŸ¤ from 243191787294949386 (will retry)
[2026-09-12 06:07:47Z] âŒ Failed to revoke role ðŸŽª from 194245240041897984 (will retry)
[2026-09-12 06:07:47Z] âŒ Failed to revoke role ðŸŽª from 234479235551592448 (will retry)
[2026-09-12 06:07:47Z] âŒ Failed to revoke role ðŸŽª from 333464277794947072 (will retry)
[2026-09-12 06:07:48Z] âŒ Failed to revoke role ðŸ¤ from 194245240041897984 (will retry)
[2026-09-12 06:07:48Z] âŒ Failed to revoke role ðŸ¤ from 234479235551592448 (will retry)
[2026-09-12 06:07:48Z] âŒ Failed to revoke role ðŸ¤ from 333464277794947072 (will retry)
[2026-09-12 06:07:48Z] âŒ Failed to revoke role ðŸƒ from 193880505521930240 (will retry)
[2026-09-12 06:07:48Z] âŒ Failed to revoke role ðŸƒ from 195284975183069184 (will retry)
[2026-09-12 06:07:48Z] âŒ Failed to revoke role ðŸƒ from 243191787294949386 (will retry)
[2026-09-12 06:07:49Z] âŒ Failed to revoke role ðŸƒ from 194245240041897984 (will retry)
[2026-09-12 06:07:49Z] âŒ Failed to revoke role ðŸƒ from 333464277794947072 (will retry)
[2026-09-12 06:08:10Z] âŒ Failed to revoke role ðŸŽ® from 193880505521930240 (will retry)
[2026-09-12 06:08:10Z] âŒ Failed to revoke role ðŸŽ® from 243191787294949386 (will retry)
[2026-09-12 06:08:11Z] âŒ Failed to revoke role ðŸŽ¨ from 193880505521930240 (will retry)
[2026-09-12 06:08:11Z] âŒ Failed to revoke role ðŸŽ¨ from 243191787294949386 (will retry)
[2026-09-12 06:08:11Z] âŒ Failed to revoke role ðŸŽ® from 194245240041897984 (will retry)
[2026-09-12 06:08:11Z] âŒ Failed to revoke role ðŸŽ® from 195284975183069184 (will retry)
[2026-09-12 06:08:11Z] âŒ Failed to revoke role ðŸŽ® from 234479235551592448 (will retry)
[2026-09-12 06:08:11Z] âŒ Failed to revoke role ðŸŽ® from 333464277794947072 (will retry)
[2026-09-12 06:08:12Z] âŒ Failed to revoke role ðŸ² from 195284975183069184 (will retry)
[2026-09-12 06:08:12Z] âŒ Failed to revoke role ðŸ² from 243191787294949386 (will retry)
[2026-09-12 06:08:12Z] âŒ Failed to revoke role ðŸŽ¨ from 195284975183069184 (will retry)
[2026-09-12 06:08:12Z] âŒ Failed to revoke role ðŸŽ¨ from 234479235551592448 (will retry)
[2026-09-12 06:08:12Z] âŒ Failed to revoke role ðŸŽ¨ from 333464277794947072 (will retry)
[2026-09-12 06:08:13Z] âŒ Failed to revoke role ðŸŽµ from 193880505521930240 (will retry)
[2026-09-12 06:08:13Z] âŒ Failed to revoke role ðŸŽµ from 195284975183069184 (will retry)
[2026-09-12 06:08:13Z] âŒ Failed to revoke role ðŸŽµ from 243191787294949386 (will retry)
[2026-09-12 06:08:13Z] âŒ Failed to revoke role ðŸ’» from 193880505521930240 (will retry)
[2026-09-12 06:08:13Z] âŒ Failed to revoke role ðŸ’» from 194245240041897984 (will retry)
[2026-09-12 06:08:13Z] âŒ Failed to revoke role ðŸ’» from 333464277794947072 (will retry)
[2026-09-12 06:08:14Z] âŒ Failed to revoke role ðŸŒ¸ from 243191787294949386 (will retry)
[2026-09-12 06:08:14Z] âŒ Failed to revoke role ðŸŽ¬ from 195284975183069184 (will retry)
[2026-09-12 06:08:14Z] âŒ Failed to revoke role ðŸŽ¬ from 234479235551592448 (will retry)
[2026-09-12 06:08:14Z] âŒ Failed to revoke role ðŸŽ¬ from 243191787294949386 (will retry)
[2026-09-12 06:08:14Z] âŒ Failed to revoke role ðŸŽ¬ from 333464277794947072 (will retry)
[2026-09-12 06:08:15Z] âŒ Failed to revoke role ðŸˆ from 193880505521930240 (will retry)
[2026-09-12 06:08:15Z] âŒ Failed to revoke role ðŸˆ from 243191787294949386 (will retry)
[2026-09-12 06:08:15Z] âŒ Failed to revoke role ðŸŒ¸ from 193880505521930240 (will retry)
[2026-09-12 06:08:15Z] âŒ Failed to revoke role ðŸŒ¸ from 194245240041897984 (will retry)
[2026-09-12 06:08:15Z] âŒ Failed to revoke role ðŸŒ¸ from 195284975183069184 (will retry)
[2026-09-12 06:08:15Z] âŒ Failed to revoke role ðŸŒ¸ from 234479235551592448 (will retry)
[2026-09-12 06:08:15Z] âŒ Failed to revoke role ðŸŒ¸ from 333464277794947072 (will retry)
[2026-09-12 06:08:16Z] âŒ Failed to revoke role ðŸˆ from 195284975183069184 (will retry)
[2026-09-12 06:08:16Z] âŒ Failed to revoke role ðŸˆ from 234479235551592448 (will retry)
[2026-09-12 06:08:16Z] âŒ Failed to revoke role ðŸˆ from 333464277794947072 (will retry)
[2026-09-12 06:08:16Z] âŒ Failed to revoke role ðŸŽª from 193880505521930240 (will retry)
[2026-09-12 06:08:16Z] âŒ Failed to revoke role ðŸŽª from 195284975183069184 (will retry)
[2026-09-12 06:08:16Z] âŒ Failed to revoke role ðŸŽª from 234479235551592448 (will retry)
[2026-09-12 06:08:16Z] âŒ Failed to revoke role ðŸŽª from 243191787294949386 (will retry)
[2026-09-12 06:08:17Z] âŒ Failed to revoke role ðŸ¤ from 193880505521930240 (will retry)
[2026-09-12 06:08:17Z] âŒ Failed to revoke role ðŸ¤ from 195284975183069184 (will retry)
[2026-09-12 06:08:17Z] âŒ Failed to revoke role ðŸ¤ from 234479235551592448 (will retry)
[2026-09-12 06:08:17Z] âŒ Failed to revoke role ðŸ¤ from 243191787294949386 (will retry)
[2026-09-12 06:08:17Z] âŒ Failed to revoke role ðŸŽª from 194245240041897984 (will retry)
[2026-09-12 06:08:17Z] âŒ Failed to revoke role ðŸŽª from 333464277794947072 (will retry)
[2026-09-12 06:08:18Z] âŒ Failed to revoke role ðŸ¤ from 194245240041897984 (will retry)
[2026-09-12 06:08:18Z] âŒ Failed to revoke role ðŸ¤ from 333464277794947072 (will retry)
[2026-09-12 06:08:18Z] âŒ Failed to revoke role ðŸƒ from 193880505521930240 (will retry)
[2026-09-12 06:08:18Z] âŒ Failed to revoke role ðŸƒ from 194245240041897984 (will retry)
[2026-09-12 06:08:18Z] âŒ Failed to revoke role ðŸƒ from 195284975183069184 (will retry)
[2026-09-12 06:08:18Z] âŒ Failed to revoke role ðŸƒ from 243191787294949386 (will retry)
[2026-09-12 06:08:19Z] âŒ Failed to revoke role ðŸƒ from 333464277794947072 (will retry)
[2026-09-12 06:08:40Z] âŒ Failed to revoke role ðŸŽ® from 193880505521930240 (will retry)
[2026-09-12 06:08:40Z] âŒ Failed to revoke role ðŸŽ® from 243191787294949386 (will retry)
[2026-09-12 06:08:41Z] âŒ Failed to revoke role ðŸŽ¨ from 193880505521930240 (will retry)
[2026-09-12 06:08:41Z] âŒ Failed to revoke role ðŸŽ¨ from 243191787294949386 (will retry)
[2026-09-12 06:08:41Z] âŒ Failed to revoke role ðŸŽ® from 194245240041897984 (will retry)
[2026-09-12 06:08:41Z] âŒ Failed to revoke role ðŸŽ® from 195284975183069184 (will retry)
[2026-09-12 06:08:41Z] âŒ Failed to revoke role ðŸŽ® from 234479235551592448 (will retry)
[2026-09-12 06:08:41Z] âŒ Failed to revoke role ðŸŽ® from 333464277794947072 (will retry)
[2026-09-12 06:08:42Z] âŒ Failed to revoke role ðŸ² from 195284975183069184 (will retry)
[2026-09-12 06:08:42Z] âŒ Failed to revoke role ðŸ² from 243191787294949386 (will retry)
[2026-09-12 06:08:42Z] âŒ Failed to revoke role ðŸŽ¨ from 195284975183069184 (will retry)
[2026-09-12 06:08:42Z] âŒ Failed to revoke role ðŸŽ¨ from 234479235551592448 (will retry)
[2026-09-12 06:08:42Z] âŒ Failed to revoke role ðŸŽ¨ from 333464277794947072 (will retry)
[2026-09-12 06:08:42Z] âŒ Failed to revoke role ðŸ’» from 194245240041897984 (will retry)
[2026-09-12 06:08:43Z] âŒ Failed to revoke role ðŸŽµ from 193880505521930240 (will retry)
[2026-09-12 06:08:43Z] âŒ Failed to revoke role ðŸŽµ from 195284975183069184 (will retry)
[2026-09-12 06:08:43Z] âŒ Failed to revoke role ðŸŽµ from 243191787294949386 (will retry)
[2026-09-12 06:08:43Z] âŒ Failed to revoke role ðŸ’» from 193880505521930240 (will retry)
[2026-09-12 06:08:43Z] âŒ Failed to revoke role ðŸ’» from 333464277794947072 (will retry)
[2026-09-12 06:08:44Z] âŒ Failed to revoke role ðŸŒ¸ from 193880505521930240 (will retry)
[2026-09-12 06:08:44Z] âŒ Failed to revoke role ðŸŒ¸ from 243191787294949386 (will retry)
[2026-09-12 06:08:44Z] âŒ Failed to revoke role ðŸŽ¬ from 195284975183069184 (will retry)
[2026-09-12 06:08:44Z] âŒ Failed to revoke role ðŸŽ¬ from 234479235551592448 (will retry)
[2026-09-12 06:08:44Z] âŒ Failed to revoke role ðŸŽ¬ from 243191787294949386 (will retry)
[2026-09-12 06:08:44Z] âŒ Failed to revoke role ðŸŽ¬ from 333464277794947072 (will retry)
[2026-09-12 06:08:45Z] âŒ Failed to revoke role ðŸˆ from 193880505521930240 (will retry)
[2026-09-12 06:08:45Z] âŒ Failed to revoke role ðŸˆ from 195284975183069184 (will retry)
[2026-09-12 06:08:45Z] âŒ Failed to revoke role ðŸˆ from 243191787294949386 (will retry)
[2026-09-12 06:08:45Z] âŒ Failed to revoke role ðŸŒ¸ from 194245240041897984 (will retry)
[2026-09-12 06:08:45Z] âŒ Failed to revoke role ðŸŒ¸ from 195284975183069184 (will retry)
[2026-09-12 06:08:45Z] âŒ Failed to revoke role ðŸŒ¸ from 234479235551592448 (will retry)
[2026-09-12 06:08:45Z] âŒ Failed to revoke role ðŸŒ¸ from 333464277794947072 (will retry)
[2026-09-12 06:08:46Z] âŒ Failed to revoke role ðŸˆ from 234479235551592448 (will retry)
[2026-09-12 06:08:46Z] âŒ Failed to revoke role ðŸˆ from 333464277794947072 (will retry)
[2026-09-12 06:08:46Z] âŒ Failed to revoke role ðŸŽª from 193880505521930240 (will retry)
[2026-09-12 06:08:46Z] âŒ Failed to revoke role ðŸŽª from 194245240041897984 (will retry)
[2026-09-12 06:08:46Z] âŒ Failed to revoke role ðŸŽª from 195284975183069184 (will retry)
[2026-09-12 06:08:46Z] âŒ Failed to revoke role ðŸŽª from 234479235551592448 (will retry)
[2026-09-12 06:08:46Z] âŒ Failed to revoke role ðŸŽª from 243191787294949386 (will retry)
[2026-09-12 06:08:47Z] âŒ Failed to revoke role ðŸ¤ from 193880505521930240 (will retry)
[2026-09-12 06:08:47Z] âŒ Failed to revoke role ðŸ¤ from 195284975183069184 (will retry)
[2026-09-12 06:08:47Z] âŒ Failed to revoke role ðŸ¤ from 234479235551592448 (will retry)
[2026-09-12 06:08:47Z] âŒ Failed to revoke role ðŸ¤ from 243191787294949386 (will retry)
[2026-09-12 06:08:47Z] âŒ Failed to revoke role ðŸŽª from 333464277794947072 (will retry)
[2026-09-12 06:08:48Z] âŒ Failed to revoke role ðŸ¤ from 194245240041897984 (will retry)
[2026-09-12 06:08:48Z] âŒ Failed to revoke role ðŸ¤ from 333464277794947072 (will retry)
[2026-09-12 06:08:48Z] âŒ Failed to revoke role ðŸƒ from 193880505521930240 (will retry)
[2026-09-12 06:08:48Z] âŒ Failed to revoke role ðŸƒ from 194245240041897984 (will retry)
[2026-09-12 06:08:48Z] âŒ Failed to revoke role ðŸƒ from 195284975183069184 (will retry)
[2026-09-12 06:08:48Z] âŒ Failed to revoke role ðŸƒ from 243191787294949386 (will retry)
[2026-09-12 06:08:49Z] âŒ Failed to revoke role ðŸƒ from 333464277794947072 (will retry)
[2026-09-12 06:09:10Z] âŒ Failed to revoke role ðŸŽ® from 193880505521930240 (will retry)
[2026-09-12 06:09:10Z] âŒ Failed to revoke role ðŸŽ® from 243191787294949386 (will retry)
[2026-09-12 06:09:11Z] âŒ Failed to revoke role ðŸŽ¨ from 193880505521930240 (will retry)
[2026-09-12 06:09:11Z] âŒ Failed to revoke role ðŸŽ¨ from 195284975183069184 (will retry)
[2026-09-12 06:09:11Z] âŒ Failed to revoke role ðŸŽ¨ from 243191787294949386 (will retry)
[2026-09-12 06:09:11Z] âŒ Failed to revoke role ðŸŽ® from 194245240041897984 (will retry)
[2026-09-12 06:09:11Z] âŒ Failed to revoke role ðŸŽ® from 195284975183069184 (will retry)
[2026-09-12 06:09:11Z] âŒ Failed to revoke role ðŸŽ® from 234479235551592448 (will retry)
[2026-09-12 06:09:11Z] âŒ Failed to revoke role ðŸŽ® from 333464277794947072 (will retry)
[2026-09-12 06:09:12Z] âŒ Failed to revoke role ðŸ² from 243191787294949386 (will retry)
[2026-09-12 06:09:12Z] âŒ Failed to revoke role ðŸŽ¨ from 234479235551592448 (will retry)
[2026-09-12 06:09:12Z] âŒ Failed to revoke role ðŸŽ¨ from 333464277794947072 (will retry)
[2026-09-12 06:09:13Z] âŒ Failed to revoke role ðŸ² from 195284975183069184 (will retry)
[2026-09-12 06:09:13Z] âŒ Failed to revoke role ðŸ’» from 194245240041897984 (will retry)
[2026-09-12 06:09:16Z] âŒ Failed to revoke role ðŸŽµ from 193880505521930240 (will retry)
[2026-09-12 06:09:16Z] âŒ Failed to revoke role ðŸŽµ from 195284975183069184 (will retry)
[2026-09-12 06:09:16Z] âŒ Failed to revoke role ðŸŽµ from 243191787294949386 (will retry)
[2026-09-12 06:09:16Z] âŒ Failed to revoke role ðŸ’» from 193880505521930240 (will retry)
[2026-09-12 06:09:16Z] âŒ Failed to revoke role ðŸ’» from 333464277794947072 (will retry)
[2026-09-12 06:09:17Z] âŒ Failed to revoke role ðŸŽ¬ from 234479235551592448 (will retry)
[2026-09-12 06:09:17Z] âŒ Failed to revoke role ðŸŽ¬ from 243191787294949386 (will retry)
[2026-09-12 06:09:18Z] âŒ Failed to revoke role ðŸŒ¸ from 193880505521930240 (will retry)
[2026-09-12 06:09:18Z] âŒ Failed to revoke role ðŸŒ¸ from 195284975183069184 (will retry)
[2026-09-12 06:09:18Z] âŒ Failed to revoke role ðŸŒ¸ from 234479235551592448 (will retry)
[2026-09-12 06:09:18Z] âŒ Failed to revoke role ðŸŒ¸ from 243191787294949386 (will retry)
[2026-09-12 06:09:18Z] âŒ Failed to revoke role ðŸŽ¬ from 195284975183069184 (will retry)
[2026-09-12 06:09:18Z] âŒ Failed to revoke role ðŸŽ¬ from 333464277794947072 (will retry)
[2026-09-12 06:09:19Z] âŒ Failed to revoke role ðŸˆ from 193880505521930240 (will retry)
[2026-09-12 06:09:19Z] âŒ Failed to revoke role ðŸˆ from 195284975183069184 (will retry)
[2026-09-12 06:09:19Z] âŒ Failed to revoke role ðŸˆ from 234479235551592448 (will retry)
[2026-09-12 06:09:19Z] âŒ Failed to revoke role ðŸˆ from 243191787294949386 (will retry)
[2026-09-12 06:09:19Z] âŒ Failed to revoke role ðŸˆ from 333464277794947072 (will retry)
[2026-09-12 06:09:19Z] âŒ Failed to revoke role ðŸŒ¸ from 194245240041897984 (will retry)
[2026-09-12 06:09:19Z] âŒ Failed to revoke role ðŸŒ¸ from 333464277794947072 (will retry)
[2026-09-12 06:09:20Z] âŒ Failed to revoke role ðŸŽª from 193880505521930240 (will retry)
[2026-09-12 06:09:20Z] âŒ Failed to revoke role ðŸŽª from 194245240041897984 (will retry)
[2026-09-12 06:09:20Z] âŒ Failed to revoke role ðŸŽª from 195284975183069184 (will retry)
[2026-09-12 06:09:20Z] âŒ Failed to revoke role ðŸŽª from 234479235551592448 (will retry)
[2026-09-12 06:09:20Z] âŒ Failed to revoke role ðŸŽª from 243191787294949386 (will retry)
[2026-09-12 06:09:20Z] âŒ Failed to revoke role ðŸŽª from 333464277794947072 (will retry)
[2026-09-12 06:09:21Z] âŒ Failed to revoke role ðŸ¤ from 193880505521930240 (will retry)
[2026-09-12 06:09:21Z] âŒ Failed to revoke role ðŸ¤ from 194245240041897984 (will retry)
[2026-09-12 06:09:21Z] âŒ Failed to revoke role ðŸ¤ from 195284975183069184 (will retry)
[2026-09-12 06:09:21Z] âŒ Failed to revoke role ðŸ¤ from 234479235551592448 (will retry)
[2026-09-12 06:09:21Z] âŒ Failed to revoke role ðŸ¤ from 243191787294949386 (will retry)
[2026-09-12 06:09:21Z] âŒ Failed to revoke role ðŸ¤ from 333464277794947072 (will retry)
[2026-09-12 06:09:23Z] âŒ Failed to revoke role ðŸƒ from 193880505521930240 (will retry)
[2026-09-12 06:09:23Z] âŒ Failed to revoke role ðŸƒ from 243191787294949386 (will retry)
[2026-09-12 06:09:24Z] âŒ Failed to revoke role ðŸƒ from 194245240041897984 (will retry)
[2026-09-12 06:09:24Z] âŒ Failed to revoke role ðŸƒ from 195284975183069184 (will retry)
[2026-09-12 06:09:24Z] âŒ Failed to revoke role ðŸƒ from 333464277794947072 (will retry)
[2026-09-12 06:09:40Z] âŒ Failed to revoke role ðŸŽ® from 193880505521930240 (will retry)
[2026-09-12 06:09:40Z] âŒ Failed to revoke role ðŸŽ® from 243191787294949386 (will retry)
[2026-09-12 06:09:41Z] âŒ Failed to revoke role ðŸŽ¨ from 193880505521930240 (will retry)
[2026-09-12 06:09:41Z] âŒ Failed to revoke role ðŸŽ¨ from 243191787294949386 (will retry)
[2026-09-12 06:09:41Z] âŒ Failed to revoke role ðŸŽ® from 194245240041897984 (will retry)
[2026-09-12 06:09:41Z] âŒ Failed to revoke role ðŸŽ® from 195284975183069184 (will retry)
[2026-09-12 06:09:41Z] âŒ Failed to revoke role ðŸŽ® from 234479235551592448 (will retry)
[2026-09-12 06:09:41Z] âŒ Failed to revoke role ðŸŽ® from 333464277794947072 (will retry)
[2026-09-12 06:09:42Z] âŒ Failed to revoke role ðŸ² from 195284975183069184 (will retry)
[2026-09-12 06:09:42Z] âŒ Failed to revoke role ðŸ² from 243191787294949386 (will retry)
[2026-09-12 06:09:42Z] âŒ Failed to revoke role ðŸŽ¨ from 195284975183069184 (will retry)
[2026-09-12 06:09:42Z] âŒ Failed to revoke role ðŸŽ¨ from 234479235551592448 (will retry)
[2026-09-12 06:09:42Z] âŒ Failed to revoke role ðŸŽ¨ from 333464277794947072 (will retry)
[2026-09-12 06:09:43Z] âŒ Failed to revoke role ðŸŽµ from 193880505521930240 (will retry)
[2026-09-12 06:09:43Z] âŒ Failed to revoke role ðŸŽµ from 195284975183069184 (will retry)
[2026-09-12 06:09:43Z] âŒ Failed to revoke role ðŸŽµ from 243191787294949386 (will retry)
[2026-09-12 06:09:43Z] âŒ Failed to revoke role ðŸ’» from 193880505521930240 (will retry)
[2026-09-12 06:09:43Z] âŒ Failed to revoke role ðŸ’» from 194245240041897984 (will retry)
[2026-09-12 06:09:43Z] âŒ Failed to revoke role ðŸ’» from 333464277794947072 (will retry)
[2026-09-12 06:09:44Z] âŒ Failed to revoke role ðŸŒ¸ from 193880505521930240 (will retry)
[2026-09-12 06:09:44Z] âŒ Failed to revoke role ðŸŒ¸ from 243191787294949386 (will retry)
[2026-09-12 06:09:44Z] âŒ Failed to revoke role ðŸŽ¬ from 195284975183069184 (will retry)
[2026-09-12 06:09:44Z] âŒ Failed to revoke role ðŸŽ¬ from 234479235551592448 (will retry)
[2026-09-12 06:09:44Z] âŒ Failed to revoke role ðŸŽ¬ from 243191787294949386 (will retry)
[2026-09-12 06:09:44Z] âŒ Failed to revoke role ðŸŽ¬ from 333464277794947072 (will retry)
[2026-09-12 06:09:45Z] âŒ Failed to revoke role ðŸˆ from 193880505521930240 (will retry)
[2026-09-12 06:09:45Z] âŒ Failed to revoke role ðŸˆ from 195284975183069184 (will retry)
[2026-09-12 06:09:45Z] âŒ Failed to revoke role ðŸˆ from 243191787294949386 (will retry)
[2026-09-12 06:09:45Z] âŒ Failed to revoke role ðŸŒ¸ from 194245240041897984 (will retry)
[2026-09-12 06:09:45Z] âŒ Failed to revoke role ðŸŒ¸ from 195284975183069184 (will retry)
[2026-09-12 06:09:45Z] âŒ Failed to revoke role ðŸŒ¸ from 234479235551592448 (will retry)
[2026-09-12 06:09:45Z] âŒ Failed to revoke role ðŸŒ¸ from 333464277794947072 (will retry)
[2026-09-12 06:09:46Z] âŒ Failed to revoke role ðŸˆ from 234479235551592448 (will retry)
[2026-09-12 06:09:46Z] âŒ Failed to revoke role ðŸˆ from 333464277794947072 (will retry)
[2026-09-12 06:09:46Z] âŒ Failed to revoke role ðŸŽª from 193880505521930240 (will retry)
[2026-09-12 06:09:46Z] âŒ Failed to revoke role ðŸŽª from 195284975183069184 (will retry)
[2026-09-12 06:09:46Z] âŒ Failed to revoke role ðŸŽª from 234479235551592448 (will retry)
[2026-09-12 06:09:46Z] âŒ Failed to revoke role ðŸŽª from 243191787294949386 (will retry)
[2026-09-12 06:09:47Z] âŒ Failed to revoke role ðŸ¤ from 193880505521930240 (will retry)
[2026-09-12 06:09:47Z] âŒ Failed to revoke role ðŸ¤ from 194245240041897984 (will retry)
[2026-09-12 06:09:47Z] âŒ Failed to revoke role ðŸ¤ from 195284975183069184 (will retry)
[2026-09-12 06:09:47Z] âŒ Failed to revoke role ðŸ¤ from 234479235551592448 (will retry)
[2026-09-12 06:09:47Z] âŒ Failed to revoke role ðŸ¤ from 243191787294949386 (will retry)
[2026-09-12 06:09:47Z] âŒ Failed to revoke role ðŸŽª from 194245240041897984 (will retry)
[2026-09-12 06:09:47Z] âŒ Failed to revoke role ðŸŽª from 333464277794947072 (will retry)
[2026-09-12 06:09:48Z] âŒ Failed to revoke role ðŸ¤ from 333464277794947072 (will retry)
[2026-09-12 06:09:48Z] âŒ Failed to revoke role ðŸƒ from 193880505521930240 (will retry)
[2026-09-12 06:09:48Z] âŒ Failed to revoke role ðŸƒ from 194245240041897984 (will retry)
[2026-09-12 06:09:48Z] âŒ Failed to revoke role ðŸƒ from 195284975183069184 (will retry)
[2026-09-12 06:09:48Z] âŒ Failed to revoke role ðŸƒ from 243191787294949386 (will retry)
[2026-09-12 06:09:48Z] âŒ Failed to revoke role ðŸƒ from 333464277794947072 (will retry)
[2026-09-12 06:10:10Z] âŒ Failed to revoke role ðŸŽ® from 243191787294949386 (will retry)
[2026-09-12 06:10:11Z] âŒ Failed to revoke role ðŸŽ¨ from 243191787294949386 (will retry)
[2026-09-12 06:10:11Z] âŒ Failed to revoke role ðŸŽ® from 193880505521930240 (will retry)
[2026-09-12 06:10:11Z] âŒ Failed to revoke role ðŸŽ® from 194245240041897984 (will retry)
[2026-09-12 06:10:11Z] âŒ Failed to revoke role ðŸŽ® from 195284975183069184 (will retry)
[2026-09-12 06:10:11Z] âŒ Failed to revoke role ðŸŽ® from 234479235551592448 (will retry)
[2026-09-12 06:10:11Z] âŒ Failed to revoke role ðŸŽ® from 333464277794947072 (will retry)
[2026-09-12 06:10:12Z] âŒ Failed to revoke role ðŸ² from 195284975183069184 (will retry)
[2026-09-12 06:10:12Z] âŒ Failed to revoke role ðŸ² from 243191787294949386 (will retry)
[2026-09-12 06:10:12Z] âŒ Failed to revoke role ðŸŽ¨ from 193880505521930240 (will retry)
[2026-09-12 06:10:12Z] âŒ Failed to revoke role ðŸŽ¨ from 195284975183069184 (will retry)
[2026-09-12 06:10:12Z] âŒ Failed to revoke role ðŸŽ¨ from 234479235551592448 (will retry)
[2026-09-12 06:10:12Z] âŒ Failed to revoke role ðŸŽ¨ from 333464277794947072 (will retry)
[2026-09-12 06:10:13Z] âŒ Failed to revoke role ðŸŽµ from 193880505521930240 (will retry)
[2026-09-12 06:10:13Z] âŒ Failed to revoke role ðŸŽµ from 195284975183069184 (will retry)
[2026-09-12 06:10:13Z] âŒ Failed to revoke role ðŸŽµ from 243191787294949386 (will retry)
[2026-09-12 06:10:13Z] âŒ Failed to revoke role ðŸ’» from 193880505521930240 (will retry)
[2026-09-12 06:10:13Z] âŒ Failed to revoke role ðŸ’» from 194245240041897984 (will retry)
[2026-09-12 06:10:13Z] âŒ Failed to revoke role ðŸ’» from 333464277794947072 (will retry)
[2026-09-12 06:10:14Z] âŒ Failed to revoke role ðŸŒ¸ from 243191787294949386 (will retry)
[2026-09-12 06:10:14Z] âŒ Failed to revoke role ðŸŽ¬ from 195284975183069184 (will retry)
[2026-09-12 06:10:14Z] âŒ Failed to revoke role ðŸŽ¬ from 234479235551592448 (will retry)
[2026-09-12 06:10:14Z] âŒ Failed to revoke role ðŸŽ¬ from 243191787294949386 (will retry)
[2026-09-12 06:10:14Z] âŒ Failed to revoke role ðŸŽ¬ from 333464277794947072 (will retry)
[2026-09-12 06:10:15Z] âŒ Failed to revoke role ðŸˆ from 193880505521930240 (will retry)
[2026-09-12 06:10:15Z] âŒ Failed to revoke role ðŸˆ from 243191787294949386 (will retry)
[2026-09-12 06:10:15Z] âŒ Failed to revoke role ðŸŒ¸ from 193880505521930240 (will retry)
[2026-09-12 06:10:15Z] âŒ Failed to revoke role ðŸŒ¸ from 194245240041897984 (will retry)
[2026-09-12 06:10:15Z] âŒ Failed to revoke role ðŸŒ¸ from 195284975183069184 (will retry)
[2026-09-12 06:10:15Z] âŒ Failed to revoke role ðŸŒ¸ from 234479235551592448 (will retry)
[2026-09-12 06:10:15Z] âŒ Failed to revoke role ðŸŒ¸ from 333464277794947072 (will retry)
[2026-09-12 06:10:16Z] âŒ Failed to revoke role ðŸˆ from 195284975183069184 (will retry)
[2026-09-12 06:10:16Z] âŒ Failed to revoke role ðŸˆ from 234479235551592448 (will retry)
[2026-09-12 06:10:16Z] âŒ Failed to revoke role ðŸˆ from 333464277794947072 (will retry)
[2026-09-12 06:10:16Z] âŒ Failed to revoke role ðŸŽª from 193880505521930240 (will retry)
[2026-09-12 06:10:16Z] âŒ Failed to revoke role ðŸŽª from 195284975183069184 (will retry)
[2026-09-12 06:10:16Z] âŒ Failed to revoke role ðŸŽª from 243191787294949386 (will retry)
[2026-09-12 06:10:17Z] âŒ Failed to revoke role ðŸ¤ from 193880505521930240 (will retry)
[2026-09-12 06:10:17Z] âŒ Failed to revoke role ðŸ¤ from 195284975183069184 (will retry)
[2026-09-12 06:10:17Z] âŒ Failed to revoke role ðŸ¤ from 243191787294949386 (will retry)
[2026-09-12 06:10:17Z] âŒ Failed to revoke role ðŸŽª from 194245240041897984 (will retry)
[2026-09-12 06:10:17Z] âŒ Failed to revoke role ðŸŽª from 234479235551592448 (will retry)
[2026-09-12 06:10:17Z] âŒ Failed to revoke role ðŸŽª from 333464277794947072 (will retry)
[2026-09-12 06:10:18Z] âŒ Failed to revoke role ðŸ¤ from 194245240041897984 (will retry)
[2026-09-12 06:10:18Z] âŒ Failed to revoke role ðŸ¤ from 234479235551592448 (will retry)
[2026-09-12 06:10:18Z] âŒ Failed to revoke role ðŸ¤ from 333464277794947072 (will retry)
[2026-09-12 06:10:18Z] âŒ Failed to revoke role ðŸƒ from 193880505521930240 (will retry)
[2026-09-12 06:10:18Z] âŒ Failed to revoke role ðŸƒ from 243191787294949386 (will retry)
[2026-09-12 06:10:19Z] âŒ Failed to revoke role ðŸƒ from 194245240041897984 (will retry)
[2026-09-12 06:10:19Z] âŒ Failed to revoke role ðŸƒ from 195284975183069184 (will retry)
[2026-09-12 06:10:19Z] âŒ Failed to revoke role ðŸƒ from 333464277794947072 (will retry)
[2026-09-12 06:10:40Z] âŒ Failed to revoke role ðŸŽ® from 243191787294949386 (will retry)
[2026-09-12 06:10:41Z] âŒ Failed to revoke role ðŸŽ¨ from 193880505521930240 (will retry)
[2026-09-12 06:10:41Z] âŒ Failed to revoke role ðŸŽ¨ from 243191787294949386 (will retry)
[2026-09-12 06:10:41Z] âŒ Failed to revoke role ðŸŽ® from 193880505521930240 (will retry)
[2026-09-12 06:10:41Z] âŒ Failed to revoke role ðŸŽ® from 194245240041897984 (will retry)
[2026-09-12 06:10:41Z] âŒ Failed to revoke role ðŸŽ® from 195284975183069184 (will retry)
[2026-09-12 06:10:41Z] âŒ Failed to revoke role ðŸŽ® from 234479235551592448 (will retry)
[2026-09-12 06:10:41Z] âŒ Failed to revoke role ðŸŽ® from 333464277794947072 (will retry)
[2026-09-12 06:10:42Z] âŒ Failed to revoke role ðŸ² from 195284975183069184 (will retry)
[2026-09-12 06:10:42Z] âŒ Failed to revoke role ðŸ² from 243191787294949386 (will retry)
[2026-09-12 06:10:42Z] âŒ Failed to revoke role ðŸŽ¨ from 195284975183069184 (will retry)
[2026-09-12 06:10:42Z] âŒ Failed to revoke role ðŸŽ¨ from 234479235551592448 (will retry)
[2026-09-12 06:10:42Z] âŒ Failed to revoke role ðŸŽ¨ from 333464277794947072 (will retry)
[2026-09-12 06:10:43Z] âŒ Failed to revoke role ðŸŽµ from 193880505521930240 (will retry)
[2026-09-12 06:10:43Z] âŒ Failed to revoke role ðŸŽµ from 195284975183069184 (will retry)
[2026-09-12 06:10:43Z] âŒ Failed to revoke role ðŸŽµ from 243191787294949386 (will retry)
[2026-09-12 06:10:43Z] âŒ Failed to revoke role ðŸ’» from 193880505521930240 (will retry)
[2026-09-12 06:10:43Z] âŒ Failed to revoke role ðŸ’» from 194245240041897984 (will retry)
[2026-09-12 06:10:43Z] âŒ Failed to revoke role ðŸ’» from 333464277794947072 (will retry)
[2026-09-12 06:10:44Z] âŒ Failed to revoke role ðŸŒ¸ from 193880505521930240 (will retry)
[2026-09-12 06:10:44Z] âŒ Failed to revoke role ðŸŒ¸ from 243191787294949386 (will retry)
[2026-09-12 06:10:44Z] âŒ Failed to revoke role ðŸŽ¬ from 195284975183069184 (will retry)
[2026-09-12 06:10:44Z] âŒ Failed to revoke role ðŸŽ¬ from 234479235551592448 (will retry)
[2026-09-12 06:10:44Z] âŒ Failed to revoke role ðŸŽ¬ from 243191787294949386 (will retry)
[2026-09-12 06:10:44Z] âŒ Failed to revoke role ðŸŽ¬ from 333464277794947072 (will retry)
[2026-09-12 06:10:45Z] âŒ Failed to revoke role ðŸˆ from 193880505521930240 (will retry)
[2026-09-12 06:10:45Z] âŒ Failed to revoke role ðŸˆ from 243191787294949386 (will retry)
[2026-09-12 06:10:45Z] âŒ Failed to revoke role ðŸŒ¸ from 194245240041897984 (will retry)
[2026-09-12 06:10:45Z] âŒ Failed to revoke role ðŸŒ¸ from 195284975183069184 (will retry)
[2026-09-12 06:10:45Z] âŒ Failed to revoke role ðŸŒ¸ from 234479235551592448 (will retry)
[2026-09-12 06:10:45Z] âŒ Failed to revoke role ðŸŒ¸ from 333464277794947072 (will retry)
[2026-09-12 06:10:46Z] âŒ Failed to revoke role ðŸˆ from 195284975183069184 (will retry)
[2026-09-12 06:10:46Z] âŒ Failed to revoke role ðŸˆ from 234479235551592448 (will retry)
[2026-09-12 06:10:46Z] âŒ Failed to revoke role ðŸˆ from 333464277794947072 (will retry)
[2026-09-12 06:10:46Z] âŒ Failed to revoke role ðŸŽª from 193880505521930240 (will retry)
[2026-09-12 06:10:46Z] âŒ Failed to revoke role ðŸŽª from 243191787294949386 (will retry)
[2026-09-12 06:10:47Z] âŒ Failed to revoke role ðŸ¤ from 193880505521930240 (will retry)
[2026-09-12 06:10:47Z] âŒ Failed to revoke role ðŸ¤ from 195284975183069184 (will retry)
[2026-09-12 06:10:47Z] âŒ Failed to revoke role ðŸ¤ from 243191787294949386 (will retry)
[2026-09-12 06:10:47Z] âŒ Failed to revoke role ðŸŽª from 194245240041897984 (will retry)
[2026-09-12 06:10:47Z] âŒ Failed to revoke role ðŸŽª from 195284975183069184 (will retry)
[2026-09-12 06:10:47Z] âŒ Failed to revoke role ðŸŽª from 234479235551592448 (will retry)
[2026-09-12 06:10:47Z] âŒ Failed to revoke role ðŸŽª from 333464277794947072 (will retry)
[2026-09-12 06:10:48Z] âŒ Failed to revoke role ðŸ¤ from 194245240041897984 (will retry)
[2026-09-12 06:10:48Z] âŒ Failed to revoke role ðŸ¤ from 234479235551592448 (will retry)
[2026-09-12 06:10:48Z] âŒ Failed to revoke role ðŸ¤ from 333464277794947072 (will retry)
[2026-09-12 06:10:48Z] âŒ Failed to revoke role ðŸƒ from 193880505521930240 (will retry)
[2026-09-12 06:10:48Z] âŒ Failed to revoke role ðŸƒ from 195284975183069184 (will retry)
[2026-09-12 06:10:48Z] âŒ Failed to revoke role ðŸƒ from 243191787294949386 (will retry)
[2026-09-12 06:10:49Z] âŒ Failed to revoke role ðŸƒ from 194245240041897984 (will retry)
[2026-09-12 06:10:49Z] âŒ Failed to revoke role ðŸƒ from 333464277794947072 (will retry)
[2026-09-12 06:11:10Z] âŒ Failed to revoke role ðŸŽ® from 193880505521930240 (will retry)
[2026-09-12 06:11:10Z] âŒ Failed to revoke role ðŸŽ® from 243191787294949386 (will retry)
[2026-09-12 06:11:11Z] âŒ Failed to revoke role ðŸŽ¨ from 193880505521930240 (will retry)
[2026-09-12 06:11:11Z] âŒ Failed to revoke role ðŸŽ¨ from 243191787294949386 (will retry)
[2026-09-12 06:11:11Z] âŒ Failed to revoke role ðŸŽ® from 194245240041897984 (will retry)
[2026-09-12 06:11:11Z] âŒ Failed to revoke role ðŸŽ® from 195284975183069184 (will retry)
[2026-09-12 06:11:11Z] âŒ Failed to revoke role ðŸŽ® from 234479235551592448 (will retry)
[2026-09-12 06:11:11Z] âŒ Failed to revoke role ðŸŽ® from 333464277794947072 (will retry)
[2026-09-12 06:11:12Z] âŒ Failed to revoke role ðŸŽ¨ from 195284975183069184 (will retry)
[2026-09-12 06:11:12Z] âŒ Failed to revoke role ðŸŽ¨ from 234479235551592448 (will retry)
[2026-09-12 06:11:12Z] âŒ Failed to revoke role ðŸŽ¨ from 333464277794947072 (will retry)
[2026-09-12 06:11:13Z] âŒ Failed to revoke role ðŸ² from 195284975183069184 (will retry)
[2026-09-12 06:11:13Z] âŒ Failed to revoke role ðŸ² from 243191787294949386 (will retry)
[2026-09-12 06:11:13Z] âŒ Failed to revoke role ðŸ’» from 193880505521930240 (will retry)
[2026-09-12 06:11:13Z] âŒ Failed to revoke role ðŸ’» from 194245240041897984 (will retry)
[2026-09-12 06:11:13Z] âŒ Failed to revoke role ðŸ’» from 333464277794947072 (will retry)
[2026-09-12 06:11:14Z] âŒ Failed to revoke role ðŸŽ¬ from 234479235551592448 (will retry)
[2026-09-12 06:11:14Z] âŒ Failed to revoke role ðŸŽ¬ from 243191787294949386 (will retry)
[2026-09-12 06:11:14Z] âŒ Failed to revoke role ðŸŽµ from 193880505521930240 (will retry)
[2026-09-12 06:11:14Z] âŒ Failed to revoke role ðŸŽµ from 195284975183069184 (will retry)
[2026-09-12 06:11:14Z] âŒ Failed to revoke role ðŸŽµ from 243191787294949386 (will retry)
[2026-09-12 06:11:15Z] âŒ Failed to revoke role ðŸŒ¸ from 193880505521930240 (will retry)
[2026-09-12 06:11:15Z] âŒ Failed to revoke role ðŸŒ¸ from 195284975183069184 (will retry)
[2026-09-12 06:11:15Z] âŒ Failed to revoke role ðŸŒ¸ from 234479235551592448 (will retry)
[2026-09-12 06:11:15Z] âŒ Failed to revoke role ðŸŒ¸ from 243191787294949386 (will retry)
[2026-09-12 06:11:15Z] âŒ Failed to revoke role ðŸŽ¬ from 195284975183069184 (will retry)
[2026-09-12 06:11:15Z] âŒ Failed to revoke role ðŸŽ¬ from 333464277794947072 (will retry)
[2026-09-12 06:11:16Z] âŒ Failed to revoke role ðŸˆ from 193880505521930240 (will retry)
[2026-09-12 06:11:16Z] âŒ Failed to revoke role ðŸˆ from 195284975183069184 (will retry)
[2026-09-12 06:11:16Z] âŒ Failed to revoke role ðŸˆ from 234479235551592448 (will retry)
[2026-09-12 06:11:16Z] âŒ Failed to revoke role ðŸˆ from 243191787294949386 (will retry)
[2026-09-12 06:11:16Z] âŒ Failed to revoke role ðŸŒ¸ from 194245240041897984 (will retry)
[2026-09-12 06:11:16Z] âŒ Failed to revoke role ðŸŒ¸ from 333464277794947072 (will retry)
[2026-09-12 06:11:17Z] âŒ Failed to revoke role ðŸˆ from 333464277794947072 (will retry)
[2026-09-12 06:11:17Z] âŒ Failed to revoke role ðŸŽª from 193880505521930240 (will retry)
[2026-09-12 06:11:17Z] âŒ Failed to revoke role ðŸŽª from 194245240041897984 (will retry)
[2026-09-12 06:11:17Z] âŒ Failed to revoke role ðŸŽª from 195284975183069184 (will retry)
[2026-09-12 06:11:17Z] âŒ Failed to revoke role ðŸŽª from 234479235551592448 (will retry)
[2026-09-12 06:11:17Z] âŒ Failed to revoke role ðŸŽª from 243191787294949386 (will retry)
[2026-09-12 06:11:18Z] âŒ Failed to revoke role ðŸ¤ from 193880505521930240 (will retry)
[2026-09-12 06:11:18Z] âŒ Failed to revoke role ðŸ¤ from 194245240041897984 (will retry)
[2026-09-12 06:11:18Z] âŒ Failed to revoke role ðŸ¤ from 195284975183069184 (will retry)
[2026-09-12 06:11:18Z] âŒ Failed to revoke role ðŸ¤ from 234479235551592448 (will retry)
[2026-09-12 06:11:18Z] âŒ Failed to revoke role ðŸ¤ from 243191787294949386 (will retry)
[2026-09-12 06:11:18Z] âŒ Failed to revoke role ðŸŽª from 333464277794947072 (will retry)
[2026-09-12 06:11:19Z] âŒ Failed to revoke role ðŸ¤ from 333464277794947072 (will retry)
[2026-09-12 06:11:19Z] âŒ Failed to revoke role ðŸƒ from 193880505521930240 (will retry)
[2026-09-12 06:11:19Z] âŒ Failed to revoke role ðŸƒ from 194245240041897984 (will retry)
[2026-09-12 06:11:19Z] âŒ Failed to revoke role ðŸƒ from 195284975183069184 (will retry)
[2026-09-12 06:11:19Z] âŒ Failed to revoke role ðŸƒ from 243191787294949386 (will retry)
[2026-09-12 06:11:19Z] âŒ Failed to revoke role ðŸƒ from 333464277794947072 (will retry)
[2026-09-12 06:11:40Z] âŒ Failed to revoke role ðŸŽ® from 193880505521930240 (will retry)
[2026-09-12 06:11:40Z] âŒ Failed to revoke role ðŸŽ® from 243191787294949386 (will retry)
[2026-09-12 06:11:41Z] âŒ Failed to revoke role ðŸŽ¨ from 193880505521930240 (will retry)
[2026-09-12 06:11:41Z] âŒ Failed to revoke role ðŸŽ¨ from 243191787294949386 (will retry)
[2026-09-12 06:11:41Z] âŒ Failed to revoke role ðŸŽ® from 194245240041897984 (will retry)
[2026-09-12 06:11:41Z] âŒ Failed to revoke role ðŸŽ® from 195284975183069184 (will retry)
[2026-09-12 06:11:41Z] âŒ Failed to revoke role ðŸŽ® from 234479235551592448 (will retry)
[2026-09-12 06:11:41Z] âŒ Failed to revoke role ðŸŽ® from 333464277794947072 (will retry)
[2026-09-12 06:11:42Z] âŒ Failed to revoke role ðŸ² from 195284975183069184 (will retry)
[2026-09-12 06:11:42Z] âŒ Failed to revoke role ðŸ² from 243191787294949386 (will retry)
[2026-09-12 06:11:42Z] âŒ Failed to revoke role ðŸŽ¨ from 195284975183069184 (will retry)
[2026-09-12 06:11:42Z] âŒ Failed to revoke role ðŸŽ¨ from 234479235551592448 (will retry)
[2026-09-12 06:11:42Z] âŒ Failed to revoke role ðŸŽ¨ from 333464277794947072 (will retry)
[2026-09-12 06:11:43Z] âŒ Failed to revoke role ðŸŽµ from 193880505521930240 (will retry)
[2026-09-12 06:11:43Z] âŒ Failed to revoke role ðŸŽµ from 195284975183069184 (will retry)
[2026-09-12 06:11:43Z] âŒ Failed to revoke role ðŸŽµ from 243191787294949386 (will retry)
[2026-09-12 06:11:43Z] âŒ Failed to revoke role ðŸ’» from 193880505521930240 (will retry)
[2026-09-12 06:11:43Z] âŒ Failed to revoke role ðŸ’» from 194245240041897984 (will retry)
[2026-09-12 06:11:43Z] âŒ Failed to revoke role ðŸ’» from 333464277794947072 (will retry)
[2026-09-12 06:11:44Z] âŒ Failed to revoke role ðŸŒ¸ from 193880505521930240 (will retry)
[2026-09-12 06:11:44Z] âŒ Failed to revoke role ðŸŒ¸ from 243191787294949386 (will retry)
[2026-09-12 06:11:44Z] âŒ Failed to revoke role ðŸŽ¬ from 195284975183069184 (will retry)
[2026-09-12 06:11:44Z] âŒ Failed to revoke role ðŸŽ¬ from 234479235551592448 (will retry)
[2026-09-12 06:11:44Z] âŒ Failed to revoke role ðŸŽ¬ from 243191787294949386 (will retry)
[2026-09-12 06:11:44Z] âŒ Failed to revoke role ðŸŽ¬ from 333464277794947072 (will retry)
[2026-09-12 06:11:45Z] âŒ Failed to revoke role ðŸˆ from 193880505521930240 (will retry)
[2026-09-12 06:11:45Z] âŒ Failed to revoke role ðŸˆ from 195284975183069184 (will retry)
[2026-09-12 06:11:45Z] âŒ Failed to revoke role ðŸˆ from 243191787294949386 (will retry)
[2026-09-12 06:11:45Z] âŒ Failed to revoke role ðŸŒ¸ from 194245240041897984 (will retry)
[2026-09-12 06:11:45Z] âŒ Failed to revoke role ðŸŒ¸ from 195284975183069184 (will retry)
[2026-09-12 06:11:45Z] âŒ Failed to revoke role ðŸŒ¸ from 234479235551592448 (will retry)
[2026-09-12 06:11:45Z] âŒ Failed to revoke role ðŸŒ¸ from 333464277794947072 (will retry)
[2026-09-12 06:11:46Z] âŒ Failed to revoke role ðŸˆ from 234479235551592448 (will retry)
[2026-09-12 06:11:46Z] âŒ Failed to revoke role ðŸˆ from 333464277794947072 (will retry)
[2026-09-12 06:11:46Z] âŒ Failed to revoke role ðŸŽª from 193880505521930240 (will retry)
[2026-09-12 06:11:46Z] âŒ Failed to revoke role ðŸŽª from 195284975183069184 (will retry)
[2026-09-12 06:11:46Z] âŒ Failed to revoke role ðŸŽª from 243191787294949386 (will retry)
[2026-09-12 06:11:47Z] âŒ Failed to revoke role ðŸ¤ from 243191787294949386 (will retry)
[2026-09-12 06:11:47Z] âŒ Failed to revoke role ðŸŽª from 194245240041897984 (will retry)
[2026-09-12 06:11:47Z] âŒ Failed to revoke role ðŸŽª from 234479235551592448 (will retry)
[2026-09-12 06:11:47Z] âŒ Failed to revoke role ðŸŽª from 333464277794947072 (will retry)
[2026-09-12 06:11:48Z] âŒ Failed to revoke role ðŸ¤ from 193880505521930240 (will retry)
[2026-09-12 06:11:48Z] âŒ Failed to revoke role ðŸ¤ from 194245240041897984 (will retry)
[2026-09-12 06:11:48Z] âŒ Failed to revoke role ðŸ¤ from 195284975183069184 (will retry)
[2026-09-12 06:11:48Z] âŒ Failed to revoke role ðŸ¤ from 234479235551592448 (will retry)
[2026-09-12 06:11:48Z] âŒ Failed to revoke role ðŸ¤ from 333464277794947072 (will retry)
[2026-09-12 06:11:49Z] âŒ Failed to revoke role ðŸƒ from 193880505521930240 (will retry)
[2026-09-12 06:11:49Z] âŒ Failed to revoke role ðŸƒ from 194245240041897984 (will retry)
[2026-09-12 06:11:49Z] âŒ Failed to revoke role ðŸƒ from 195284975183069184 (will retry)
[2026-09-12 06:11:49Z] âŒ Failed to revoke role ðŸƒ from 243191787294949386 (will retry)
[2026-09-12 06:11:49Z] âŒ Failed to revoke role ðŸƒ from 333464277794947072 (will retry)
[2026-09-12 06:12:10Z] âŒ Failed to revoke role ðŸŽ® from 243191787294949386 (will retry)
[2026-09-12 06:12:11Z] âŒ Failed to revoke role ðŸŽ¨ from 193880505521930240 (will retry)
[2026-09-12 06:12:11Z] âŒ Failed to revoke role ðŸŽ¨ from 243191787294949386 (will retry)
[2026-09-12 06:12:11Z] âŒ Failed to revoke role ðŸŽ® from 193880505521930240 (will retry)
[2026-09-12 06:12:11Z] âŒ Failed to revoke role ðŸŽ® from 194245240041897984 (will retry)
[2026-09-12 06:12:11Z] âŒ Failed to revoke role ðŸŽ® from 195284975183069184 (will retry)
[2026-09-12 06:12:11Z] âŒ Failed to revoke role ðŸŽ® from 234479235551592448 (will retry)
[2026-09-12 06:12:11Z] âŒ Failed to revoke role ðŸŽ® from 333464277794947072 (will retry)
[2026-09-12 06:12:12Z] âŒ Failed to revoke role ðŸ² from 195284975183069184 (will retry)
[2026-09-12 06:12:12Z] âŒ Failed to revoke role ðŸ² from 243191787294949386 (will retry)
[2026-09-12 06:12:12Z] âŒ Failed to revoke role ðŸŽ¨ from 195284975183069184 (will retry)
[2026-09-12 06:12:12Z] âŒ Failed to revoke role ðŸŽ¨ from 234479235551592448 (will retry)
[2026-09-12 06:12:12Z] âŒ Failed to revoke role ðŸŽ¨ from 333464277794947072 (will retry)
[2026-09-12 06:12:13Z] âŒ Failed to revoke role ðŸŽµ from 193880505521930240 (will retry)
[2026-09-12 06:12:13Z] âŒ Failed to revoke role ðŸŽµ from 195284975183069184 (will retry)
[2026-09-12 06:12:13Z] âŒ Failed to revoke role ðŸŽµ from 243191787294949386 (will retry)
[2026-09-12 06:12:13Z] âŒ Failed to revoke role ðŸ’» from 193880505521930240 (will retry)
[2026-09-12 06:12:13Z] âŒ Failed to revoke role ðŸ’» from 194245240041897984 (will retry)
[2026-09-12 06:12:13Z] âŒ Failed to revoke role ðŸ’» from 333464277794947072 (will retry)
[2026-09-12 06:12:14Z] âŒ Failed to revoke role ðŸŒ¸ from 243191787294949386 (will retry)
[2026-09-12 06:12:14Z] âŒ Failed to revoke role ðŸŽ¬ from 195284975183069184 (will retry)
[2026-09-12 06:12:14Z] âŒ Failed to revoke role ðŸŽ¬ from 234479235551592448 (will retry)
[2026-09-12 06:12:14Z] âŒ Failed to revoke role ðŸŽ¬ from 243191787294949386 (will retry)
[2026-09-12 06:12:14Z] âŒ Failed to revoke role ðŸŽ¬ from 333464277794947072 (will retry)
[2026-09-12 06:12:15Z] âŒ Failed to revoke role ðŸˆ from 193880505521930240 (will retry)
[2026-09-12 06:12:15Z] âŒ Failed to revoke role ðŸˆ from 243191787294949386 (will retry)
[2026-09-12 06:12:15Z] âŒ Failed to revoke role ðŸŒ¸ from 193880505521930240 (will retry)
[2026-09-12 06:12:15Z] âŒ Failed to revoke role ðŸŒ¸ from 194245240041897984 (will retry)
[2026-09-12 06:12:15Z] âŒ Failed to revoke role ðŸŒ¸ from 195284975183069184 (will retry)
[2026-09-12 06:12:15Z] âŒ Failed to revoke role ðŸŒ¸ from 234479235551592448 (will retry)
[2026-09-12 06:12:15Z] âŒ Failed to revoke role ðŸŒ¸ from 333464277794947072 (will retry)
[2026-09-12 06:12:16Z] âŒ Failed to revoke role ðŸˆ from 195284975183069184 (will retry)
[2026-09-12 06:12:16Z] âŒ Failed to revoke role ðŸˆ from 234479235551592448 (will retry)
[2026-09-12 06:12:16Z] âŒ Failed to revoke role ðŸˆ from 333464277794947072 (will retry)
[2026-09-12 06:12:16Z] âŒ Failed to revoke role ðŸŽª from 193880505521930240 (will retry)
[2026-09-12 06:12:16Z] âŒ Failed to revoke role ðŸŽª from 195284975183069184 (will retry)
[2026-09-12 06:12:16Z] âŒ Failed to revoke role ðŸŽª from 243191787294949386 (will retry)
[2026-09-12 06:12:17Z] âŒ Failed to revoke role ðŸ¤ from 193880505521930240 (will retry)
[2026-09-12 06:12:17Z] âŒ Failed to revoke role ðŸ¤ from 195284975183069184 (will retry)
[2026-09-12 06:12:17Z] âŒ Failed to revoke role ðŸ¤ from 243191787294949386 (will retry)
[2026-09-12 06:12:17Z] âŒ Failed to revoke role ðŸŽª from 194245240041897984 (will retry)
[2026-09-12 06:12:17Z] âŒ Failed to revoke role ðŸŽª from 234479235551592448 (will retry)
[2026-09-12 06:12:17Z] âŒ Failed to revoke role ðŸŽª from 333464277794947072 (will retry)
[2026-09-12 06:12:18Z] âŒ Failed to revoke role ðŸ¤ from 194245240041897984 (will retry)
[2026-09-12 06:12:18Z] âŒ Failed to revoke role ðŸ¤ from 234479235551592448 (will retry)
[2026-09-12 06:12:18Z] âŒ Failed to revoke role ðŸ¤ from 333464277794947072 (will retry)
[2026-09-12 06:12:18Z] âŒ Failed to revoke role ðŸƒ from 193880505521930240 (will retry)
[2026-09-12 06:12:18Z] âŒ Failed to revoke role ðŸƒ from 195284975183069184 (will retry)
[2026-09-12 06:12:18Z] âŒ Failed to revoke role ðŸƒ from 243191787294949386 (will retry)
[2026-09-12 06:12:19Z] âŒ Failed to revoke role ðŸƒ from 194245240041897984 (will retry)
[2026-09-12 06:12:19Z] âŒ Failed to revoke role ðŸƒ from 333464277794947072 (will retry)
[2026-09-12 06:12:40Z] âŒ Failed to revoke role ðŸŽ® from 243191787294949386 (will retry)
[2026-09-12 06:12:41Z] âŒ Failed to revoke role ðŸŽ® from 193880505521930240 (will retry)
[2026-09-12 06:12:41Z] âŒ Failed to revoke role ðŸŽ® from 194245240041897984 (will retry)
[2026-09-12 06:12:41Z] âŒ Failed to revoke role ðŸŽ® from 195284975183069184 (will retry)
[2026-09-12 06:12:41Z] âŒ Failed to revoke role ðŸŽ® from 234479235551592448 (will retry)
[2026-09-12 06:12:41Z] âŒ Failed to revoke role ðŸŽ® from 333464277794947072 (will retry)
[2026-09-12 06:12:42Z] âŒ Failed to revoke role ðŸŽ¨ from 193880505521930240 (will retry)
[2026-09-12 06:12:42Z] âŒ Failed to revoke role ðŸŽ¨ from 195284975183069184 (will retry)
[2026-09-12 06:12:42Z] âŒ Failed to revoke role ðŸŽ¨ from 234479235551592448 (will retry)
[2026-09-12 06:12:42Z] âŒ Failed to revoke role ðŸŽ¨ from 243191787294949386 (will retry)
[2026-09-12 06:12:42Z] âŒ Failed to revoke role ðŸŽ¨ from 333464277794947072 (will retry)
[2026-09-12 06:12:43Z] âŒ Failed to revoke role ðŸ² from 195284975183069184 (will retry)
[2026-09-12 06:12:43Z] âŒ Failed to revoke role ðŸ² from 243191787294949386 (will retry)
[2026-09-12 06:12:43Z] âŒ Failed to revoke role ðŸ’» from 193880505521930240 (will retry)
[2026-09-12 06:12:43Z] âŒ Failed to revoke role ðŸ’» from 194245240041897984 (will retry)
[2026-09-12 06:12:43Z] âŒ Failed to revoke role ðŸ’» from 333464277794947072 (will retry)
[2026-09-12 06:12:44Z] âŒ Failed to revoke role ðŸŽ¬ from 195284975183069184 (will retry)
[2026-09-12 06:12:44Z] âŒ Failed to revoke role ðŸŽ¬ from 234479235551592448 (will retry)
[2026-09-12 06:12:44Z] âŒ Failed to revoke role ðŸŽ¬ from 243191787294949386 (will retry)
[2026-09-12 06:12:44Z] âŒ Failed to revoke role ðŸŽ¬ from 333464277794947072 (will retry)
[2026-09-12 06:12:44Z] âŒ Failed to revoke role ðŸŽµ from 193880505521930240 (will retry)
[2026-09-12 06:12:44Z] âŒ Failed to revoke role ðŸŽµ from 195284975183069184 (will retry)
[2026-09-12 06:12:44Z] âŒ Failed to revoke role ðŸŽµ from 243191787294949386 (will retry)
[2026-09-12 06:12:45Z] âŒ Failed to revoke role ðŸŒ¸ from 193880505521930240 (will retry)
[2026-09-12 06:12:45Z] âŒ Failed to revoke role ðŸŒ¸ from 194245240041897984 (will retry)
[2026-09-12 06:12:45Z] âŒ Failed to revoke role ðŸŒ¸ from 195284975183069184 (will retry)
[2026-09-12 06:12:45Z] âŒ Failed to revoke role ðŸŒ¸ from 234479235551592448 (will retry)
[2026-09-12 06:12:45Z] âŒ Failed to revoke role ðŸŒ¸ from 243191787294949386 (will retry)
[2026-09-12 06:12:45Z] âŒ Failed to revoke role ðŸŒ¸ from 333464277794947072 (will retry)
[2026-09-12 06:12:46Z] âŒ Failed to revoke role ðŸˆ from 193880505521930240 (will retry)
[2026-09-12 06:12:46Z] âŒ Failed to revoke role ðŸˆ from 195284975183069184 (will retry)
[2026-09-12 06:12:46Z] âŒ Failed to revoke role ðŸˆ from 234479235551592448 (will retry)
[2026-09-12 06:12:46Z] âŒ Failed to revoke role ðŸˆ from 243191787294949386 (will retry)
[2026-09-12 06:12:46Z] âŒ Failed to revoke role ðŸˆ from 333464277794947072 (will retry)
[2026-09-12 06:12:46Z] âŒ Failed to revoke role ðŸŽª from 243191787294949386 (will retry)
[2026-09-12 06:12:47Z] âŒ Failed to revoke role ðŸ¤ from 243191787294949386 (will retry)
[2026-09-12 06:12:47Z] âŒ Failed to revoke role ðŸŽª from 193880505521930240 (will retry)
[2026-09-12 06:12:47Z] âŒ Failed to revoke role ðŸŽª from 194245240041897984 (will retry)
[2026-09-12 06:12:47Z] âŒ Failed to revoke role ðŸŽª from 195284975183069184 (will retry)
[2026-09-12 06:12:47Z] âŒ Failed to revoke role ðŸŽª from 234479235551592448 (will retry)
[2026-09-12 06:12:47Z] âŒ Failed to revoke role ðŸŽª from 333464277794947072 (will retry)
[2026-09-12 06:12:48Z] âŒ Failed to revoke role ðŸ¤ from 193880505521930240 (will retry)
[2026-09-12 06:12:48Z] âŒ Failed to revoke role ðŸ¤ from 194245240041897984 (will retry)
[2026-09-12 06:12:48Z] âŒ Failed to revoke role ðŸ¤ from 195284975183069184 (will retry)
[2026-09-12 06:12:48Z] âŒ Failed to revoke role ðŸ¤ from 234479235551592448 (will retry)
[2026-09-12 06:12:48Z] âŒ Failed to revoke role ðŸ¤ from 333464277794947072 (will retry)
[2026-09-12 06:12:48Z] âŒ Failed to revoke role ðŸƒ from 243191787294949386 (will retry)
[2026-09-12 06:12:49Z] âŒ Failed to revoke role ðŸƒ from 193880505521930240 (will retry)
[2026-09-12 06:12:49Z] âŒ Failed to revoke role ðŸƒ from 194245240041897984 (will retry)
[2026-09-12 06:12:49Z] âŒ Failed to revoke role ðŸƒ from 195284975183069184 (will retry)
[2026-09-12 06:12:49Z] âŒ Failed to revoke role ðŸƒ from 333464277794947072 (will retry)
[2026-09-12 06:13:11Z] âŒ Failed to revoke role ðŸŽ® from 193880505521930240 (will retry)
[2026-09-12 06:13:11Z] âŒ Failed to revoke role ðŸŽ® from 194245240041897984 (will retry)
[2026-09-12 06:13:11Z] âŒ Failed to revoke role ðŸŽ® from 195284975183069184 (will retry)
[2026-09-12 06:13:11Z] âŒ Failed to revoke role ðŸŽ® from 234479235551592448 (will retry)
[2026-09-12 06:13:11Z] âŒ Failed to revoke role ðŸŽ® from 243191787294949386 (will retry)
[2026-09-12 06:13:11Z] âŒ Failed to revoke role ðŸŽ® from 333464277794947072 (will retry)
[2026-09-12 06:13:12Z] âŒ Failed to revoke role ðŸ² from 243191787294949386 (will retry)
[2026-09-12 06:13:12Z] âŒ Failed to revoke role ðŸŽ¨ from 193880505521930240 (will retry)
[2026-09-12 06:13:12Z] âŒ Failed to revoke role ðŸŽ¨ from 195284975183069184 (will retry)
[2026-09-12 06:13:12Z] âŒ Failed to revoke role ðŸŽ¨ from 234479235551592448 (will retry)
[2026-09-12 06:13:12Z] âŒ Failed to revoke role ðŸŽ¨ from 243191787294949386 (will retry)
[2026-09-12 06:13:12Z] âŒ Failed to revoke role ðŸŽ¨ from 333464277794947072 (will retry)
[2026-09-12 06:13:13Z] âŒ Failed to revoke role ðŸ² from 195284975183069184 (will retry)
[2026-09-12 06:13:13Z] âŒ Failed to revoke role ðŸŽµ from 193880505521930240 (will retry)
[2026-09-12 06:13:13Z] âŒ Failed to revoke role ðŸŽµ from 243191787294949386 (will retry)
[2026-09-12 06:13:13Z] âŒ Failed to revoke role ðŸ’» from 193880505521930240 (will retry)
[2026-09-12 06:13:13Z] âŒ Failed to revoke role ðŸ’» from 194245240041897984 (will retry)
[2026-09-12 06:13:13Z] âŒ Failed to revoke role ðŸ’» from 333464277794947072 (will retry)
[2026-09-12 06:13:14Z] âŒ Failed to revoke role ðŸŽ¬ from 195284975183069184 (will retry)
[2026-09-12 06:13:14Z] âŒ Failed to revoke role ðŸŽ¬ from 234479235551592448 (will retry)
[2026-09-12 06:13:14Z] âŒ Failed to revoke role ðŸŽ¬ from 243191787294949386 (will retry)
[2026-09-12 06:13:14Z] âŒ Failed to revoke role ðŸŽ¬ from 333464277794947072 (will retry)
[2026-09-12 06:13:14Z] âŒ Failed to revoke role ðŸŽµ from 195284975183069184 (will retry)
[2026-09-12 06:13:15Z] âŒ Failed to revoke role ðŸˆ from 243191787294949386 (will retry)
[2026-09-12 06:13:15Z] âŒ Failed to revoke role ðŸŒ¸ from 193880505521930240 (will retry)
[2026-09-12 06:13:15Z] âŒ Failed to revoke role ðŸŒ¸ from 194245240041897984 (will retry)
[2026-09-12 06:13:15Z] âŒ Failed to revoke role ðŸŒ¸ from 195284975183069184 (will retry)
[2026-09-12 06:13:15Z] âŒ Failed to revoke role ðŸŒ¸ from 234479235551592448 (will retry)
[2026-09-12 06:13:15Z] âŒ Failed to revoke role ðŸŒ¸ from 243191787294949386 (will retry)
[2026-09-12 06:13:15Z] âŒ Failed to revoke role ðŸŒ¸ from 333464277794947072 (will retry)
[2026-09-12 06:13:16Z] âŒ Failed to revoke role ðŸˆ from 193880505521930240 (will retry)
[2026-09-12 06:13:16Z] âŒ Failed to revoke role ðŸˆ from 195284975183069184 (will retry)
[2026-09-12 06:13:16Z] âŒ Failed to revoke role ðŸˆ from 234479235551592448 (will retry)
[2026-09-12 06:13:16Z] âŒ Failed to revoke role ðŸˆ from 333464277794947072 (will retry)
[2026-09-12 06:13:17Z] âŒ Failed to revoke role ðŸŽª from 193880505521930240 (will retry)
[2026-09-12 06:13:17Z] âŒ Failed to revoke role ðŸŽª from 194245240041897984 (will retry)
[2026-09-12 06:13:17Z] âŒ Failed to revoke role ðŸŽª from 195284975183069184 (will retry)
[2026-09-12 06:13:17Z] âŒ Failed to revoke role ðŸŽª from 234479235551592448 (will retry)
[2026-09-12 06:13:17Z] âŒ Failed to revoke role ðŸŽª from 243191787294949386 (will retry)
[2026-09-12 06:13:17Z] âŒ Failed to revoke role ðŸŽª from 333464277794947072 (will retry)
[2026-09-12 06:13:18Z] âŒ Failed to revoke role ðŸ¤ from 193880505521930240 (will retry)
[2026-09-12 06:13:18Z] âŒ Failed to revoke role ðŸ¤ from 194245240041897984 (will retry)
[2026-09-12 06:13:18Z] âŒ Failed to revoke role ðŸ¤ from 195284975183069184 (will retry)
[2026-09-12 06:13:18Z] âŒ Failed to revoke role ðŸ¤ from 234479235551592448 (will retry)
[2026-09-12 06:13:18Z] âŒ Failed to revoke role ðŸ¤ from 243191787294949386 (will retry)
[2026-09-12 06:13:18Z] âŒ Failed to revoke role ðŸ¤ from 333464277794947072 (will retry)
[2026-09-12 06:13:18Z] âŒ Failed to revoke role ðŸƒ from 243191787294949386 (will retry)
[2026-09-12 06:13:19Z] âŒ Failed to revoke role ðŸƒ from 193880505521930240 (will retry)
[2026-09-12 06:13:19Z] âŒ Failed to revoke role ðŸƒ from 194245240041897984 (will retry)
[2026-09-12 06:13:19Z] âŒ Failed to revoke role ðŸƒ from 195284975183069184 (will retry)
[2026-09-12 06:13:19Z] âŒ Failed to revoke role ðŸƒ from 333464277794947072 (will retry)
[2026-09-12 06:13:40Z] âŒ Failed to revoke role ðŸŽ® from 193880505521930240 (will retry)
[2026-09-12 06:13:40Z] âŒ Failed to revoke role ðŸŽ® from 243191787294949386 (will retry)
[2026-09-12 06:13:41Z] âŒ Failed to revoke role ðŸŽ¨ from 193880505521930240 (will retry)
[2026-09-12 06:13:41Z] âŒ Failed to revoke role ðŸŽ¨ from 243191787294949386 (will retry)
[2026-09-12 06:13:41Z] âŒ Failed to revoke role ðŸŽ® from 194245240041897984 (will retry)
[2026-09-12 06:13:41Z] âŒ Failed to revoke role ðŸŽ® from 195284975183069184 (will retry)
[2026-09-12 06:13:41Z] âŒ Failed to revoke role ðŸŽ® from 234479235551592448 (will retry)
[2026-09-12 06:13:41Z] âŒ Failed to revoke role ðŸŽ® from 333464277794947072 (will retry)
[2026-09-12 06:13:42Z] âŒ Failed to revoke role ðŸ² from 195284975183069184 (will retry)
[2026-09-12 06:13:42Z] âŒ Failed to revoke role ðŸ² from 243191787294949386 (will retry)
[2026-09-12 06:13:42Z] âŒ Failed to revoke role ðŸŽ¨ from 195284975183069184 (will retry)
[2026-09-12 06:13:42Z] âŒ Failed to revoke role ðŸŽ¨ from 234479235551592448 (will retry)
[2026-09-12 06:13:42Z] âŒ Failed to revoke role ðŸŽ¨ from 333464277794947072 (will retry)
[2026-09-12 06:13:43Z] âŒ Failed to revoke role ðŸŽµ from 193880505521930240 (will retry)
[2026-09-12 06:13:43Z] âŒ Failed to revoke role ðŸŽµ from 195284975183069184 (will retry)
[2026-09-12 06:13:43Z] âŒ Failed to revoke role ðŸŽµ from 243191787294949386 (will retry)
[2026-09-12 06:13:43Z] âŒ Failed to revoke role ðŸ’» from 193880505521930240 (will retry)
[2026-09-12 06:13:43Z] âŒ Failed to revoke role ðŸ’» from 194245240041897984 (will retry)
[2026-09-12 06:13:43Z] âŒ Failed to revoke role ðŸ’» from 333464277794947072 (will retry)
[2026-09-12 06:13:44Z] âŒ Failed to revoke role ðŸŒ¸ from 193880505521930240 (will retry)
[2026-09-12 06:13:44Z] âŒ Failed to revoke role ðŸŒ¸ from 243191787294949386 (will retry)
[2026-09-12 06:13:44Z] âŒ Failed to revoke role ðŸŽ¬ from 195284975183069184 (will retry)
[2026-09-12 06:13:44Z] âŒ Failed to revoke role ðŸŽ¬ from 234479235551592448 (will retry)
[2026-09-12 06:13:44Z] âŒ Failed to revoke role ðŸŽ¬ from 243191787294949386 (will retry)
[2026-09-12 06:13:44Z] âŒ Failed to revoke role ðŸŽ¬ from 333464277794947072 (will retry)
[2026-09-12 06:13:45Z] âŒ Failed to revoke role ðŸˆ from 193880505521930240 (will retry)
[2026-09-12 06:13:45Z] âŒ Failed to revoke role ðŸˆ from 243191787294949386 (will retry)
[2026-09-12 06:13:45Z] âŒ Failed to revoke role ðŸŒ¸ from 194245240041897984 (will retry)
[2026-09-12 06:13:45Z] âŒ Failed to revoke role ðŸŒ¸ from 195284975183069184 (will retry)
[2026-09-12 06:13:45Z] âŒ Failed to revoke role ðŸŒ¸ from 234479235551592448 (will retry)
[2026-09-12 06:13:45Z] âŒ Failed to revoke role ðŸŒ¸ from 333464277794947072 (will retry)
[2026-09-12 06:13:46Z] âŒ Failed to revoke role ðŸˆ from 195284975183069184 (will retry)
[2026-09-12 06:13:46Z] âŒ Failed to revoke role ðŸˆ from 234479235551592448 (will retry)
[2026-09-12 06:13:46Z] âŒ Failed to revoke role ðŸˆ from 333464277794947072 (will retry)
[2026-09-12 06:13:46Z] âŒ Failed to revoke role ðŸŽª from 193880505521930240 (will retry)
[2026-09-12 06:13:46Z] âŒ Failed to revoke role ðŸŽª from 195284975183069184 (will retry)
[2026-09-12 06:13:46Z] âŒ Failed to revoke role ðŸŽª from 243191787294949386 (will retry)
[2026-09-12 06:13:47Z] âŒ Failed to revoke role ðŸ¤ from 193880505521930240 (will retry)
[2026-09-12 06:13:47Z] âŒ Failed to revoke role ðŸ¤ from 195284975183069184 (will retry)
[2026-09-12 06:13:47Z] âŒ Failed to revoke role ðŸ¤ from 234479235551592448 (will retry)
[2026-09-12 06:13:47Z] âŒ Failed to revoke role ðŸ¤ from 243191787294949386 (will retry)
[2026-09-12 06:13:47Z] âŒ Failed to revoke role ðŸŽª from 194245240041897984 (will retry)
[2026-09-12 06:13:47Z] âŒ Failed to revoke role ðŸŽª from 234479235551592448 (will retry)
[2026-09-12 06:13:47Z] âŒ Failed to revoke role ðŸŽª from 333464277794947072 (will retry)
[2026-09-12 06:13:48Z] âŒ Failed to revoke role ðŸ¤ from 194245240041897984 (will retry)
[2026-09-12 06:13:48Z] âŒ Failed to revoke role ðŸ¤ from 333464277794947072 (will retry)
[2026-09-12 06:13:48Z] âŒ Failed to revoke role ðŸƒ from 193880505521930240 (will retry)
[2026-09-12 06:13:48Z] âŒ Failed to revoke role ðŸƒ from 194245240041897984 (will retry)
[2026-09-12 06:13:48Z] âŒ Failed to revoke role ðŸƒ from 195284975183069184 (will retry)
[2026-09-12 06:13:48Z] âŒ Failed to revoke role ðŸƒ from 243191787294949386 (will retry)
[2026-09-12 06:13:49Z] âŒ Failed to revoke role ðŸƒ from 333464277794947072 (will retry)
[2026-09-12 06:14:10Z] âŒ Failed to revoke role ðŸŽ® from 193880505521930240 (will retry)
[2026-09-12 06:14:10Z] âŒ Failed to revoke role ðŸŽ® from 243191787294949386 (will retry)
[2026-09-12 06:14:11Z] âŒ Failed to revoke role ðŸŽ¨ from 193880505521930240 (will retry)
[2026-09-12 06:14:11Z] âŒ Failed to revoke role ðŸŽ¨ from 243191787294949386 (will retry)
[2026-09-12 06:14:11Z] âŒ Failed to revoke role ðŸŽ® from 194245240041897984 (will retry)
[2026-09-12 06:14:11Z] âŒ Failed to revoke role ðŸŽ® from 195284975183069184 (will retry)
[2026-09-12 06:14:11Z] âŒ Failed to revoke role ðŸŽ® from 234479235551592448 (will retry)
[2026-09-12 06:14:11Z] âŒ Failed to revoke role ðŸŽ® from 333464277794947072 (will retry)
[2026-09-12 06:14:12Z] âŒ Failed to revoke role ðŸ² from 195284975183069184 (will retry)
[2026-09-12 06:14:12Z] âŒ Failed to revoke role ðŸ² from 243191787294949386 (will retry)
[2026-09-12 06:14:12Z] âŒ Failed to revoke role ðŸŽ¨ from 195284975183069184 (will retry)
[2026-09-12 06:14:12Z] âŒ Failed to revoke role ðŸŽ¨ from 234479235551592448 (will retry)
[2026-09-12 06:14:12Z] âŒ Failed to revoke role ðŸŽ¨ from 333464277794947072 (will retry)
[2026-09-12 06:14:13Z] âŒ Failed to revoke role ðŸŽµ from 193880505521930240 (will retry)
[2026-09-12 06:14:13Z] âŒ Failed to revoke role ðŸŽµ from 195284975183069184 (will retry)
[2026-09-12 06:14:13Z] âŒ Failed to revoke role ðŸŽµ from 243191787294949386 (will retry)
[2026-09-12 06:14:13Z] âŒ Failed to revoke role ðŸ’» from 193880505521930240 (will retry)
[2026-09-12 06:14:13Z] âŒ Failed to revoke role ðŸ’» from 194245240041897984 (will retry)
[2026-09-12 06:14:13Z] âŒ Failed to revoke role ðŸ’» from 333464277794947072 (will retry)
[2026-09-12 06:14:14Z] âŒ Failed to revoke role ðŸŽ¬ from 195284975183069184 (will retry)
[2026-09-12 06:14:14Z] âŒ Failed to revoke role ðŸŽ¬ from 234479235551592448 (will retry)
[2026-09-12 06:14:14Z] âŒ Failed to revoke role ðŸŽ¬ from 243191787294949386 (will retry)
[2026-09-12 06:14:14Z] âŒ Failed to revoke role ðŸŽ¬ from 333464277794947072 (will retry)
[2026-09-12 06:14:15Z] âŒ Failed to revoke role ðŸŒ¸ from 193880505521930240 (will retry)
[2026-09-12 06:14:15Z] âŒ Failed to revoke role ðŸŒ¸ from 194245240041897984 (will retry)
[2026-09-12 06:14:15Z] âŒ Failed to revoke role ðŸŒ¸ from 195284975183069184 (will retry)
[2026-09-12 06:14:15Z] âŒ Failed to revoke role ðŸŒ¸ from 234479235551592448 (will retry)
[2026-09-12 06:14:15Z] âŒ Failed to revoke role ðŸŒ¸ from 243191787294949386 (will retry)
[2026-09-12 06:14:15Z] âŒ Failed to revoke role ðŸŒ¸ from 333464277794947072 (will retry)
[2026-09-12 06:14:16Z] âŒ Failed to revoke role ðŸˆ from 193880505521930240 (will retry)
[2026-09-12 06:14:16Z] âŒ Failed to revoke role ðŸˆ from 195284975183069184 (will retry)
[2026-09-12 06:14:16Z] âŒ Failed to revoke role ðŸˆ from 234479235551592448 (will retry)
[2026-09-12 06:14:16Z] âŒ Failed to revoke role ðŸˆ from 243191787294949386 (will retry)
[2026-09-12 06:14:16Z] âŒ Failed to revoke role ðŸˆ from 333464277794947072 (will retry)
[2026-09-12 06:14:16Z] âŒ Failed to revoke role ðŸŽª from 243191787294949386 (will retry)
[2026-09-12 06:14:17Z] âŒ Failed to revoke role ðŸ¤ from 193880505521930240 (will retry)
[2026-09-12 06:14:17Z] âŒ Failed to revoke role ðŸ¤ from 243191787294949386 (will retry)
[2026-09-12 06:14:17Z] âŒ Failed to revoke role ðŸŽª from 193880505521930240 (will retry)
[2026-09-12 06:14:17Z] âŒ Failed to revoke role ðŸŽª from 194245240041897984 (will retry)
[2026-09-12 06:14:17Z] âŒ Failed to revoke role ðŸŽª from 195284975183069184 (will retry)
[2026-09-12 06:14:17Z] âŒ Failed to revoke role ðŸŽª from 234479235551592448 (will retry)
[2026-09-12 06:14:17Z] âŒ Failed to revoke role ðŸŽª from 333464277794947072 (will retry)
[2026-09-12 06:14:18Z] âŒ Failed to revoke role ðŸ¤ from 194245240041897984 (will retry)
[2026-09-12 06:14:18Z] âŒ Failed to revoke role ðŸ¤ from 195284975183069184 (will retry)
[2026-09-12 06:14:18Z] âŒ Failed to revoke role ðŸ¤ from 234479235551592448 (will retry)
[2026-09-12 06:14:18Z] âŒ Failed to revoke role ðŸ¤ from 333464277794947072 (will retry)
[2026-09-12 06:14:18Z] âŒ Failed to revoke role ðŸƒ from 193880505521930240 (will retry)
[2026-09-12 06:14:18Z] âŒ Failed to revoke role ðŸƒ from 243191787294949386 (will retry)
[2026-09-12 06:14:19Z] âŒ Failed to revoke role ðŸƒ from 194245240041897984 (will retry)
[2026-09-12 06:14:19Z] âŒ Failed to revoke role ðŸƒ from 195284975183069184 (will retry)
[2026-09-12 06:14:19Z] âŒ Failed to revoke role ðŸƒ from 333464277794947072 (will retry)
[2026-09-12 06:14:40Z] âŒ Failed to revoke role ðŸŽ® from 193880505521930240 (will retry)
[2026-09-12 06:14:40Z] âŒ Failed to revoke role ðŸŽ® from 243191787294949386 (will retry)
[2026-09-12 06:14:41Z] âŒ Failed to revoke role ðŸŽ¨ from 193880505521930240 (will retry)
[2026-09-12 06:14:41Z] âŒ Failed to revoke role ðŸŽ¨ from 243191787294949386 (will retry)
[2026-09-12 06:14:41Z] âŒ Failed to revoke role ðŸŽ® from 194245240041897984 (will retry)
[2026-09-12 06:14:41Z] âŒ Failed to revoke role ðŸŽ® from 195284975183069184 (will retry)
[2026-09-12 06:14:41Z] âŒ Failed to revoke role ðŸŽ® from 234479235551592448 (will retry)
[2026-09-12 06:14:41Z] âŒ Failed to revoke role ðŸŽ® from 333464277794947072 (will retry)
[2026-09-12 06:14:42Z] âŒ Failed to revoke role ðŸ² from 195284975183069184 (will retry)
[2026-09-12 06:14:42Z] âŒ Failed to revoke role ðŸ² from 243191787294949386 (will retry)
[2026-09-12 06:14:42Z] âŒ Failed to revoke role ðŸŽ¨ from 195284975183069184 (will retry)
[2026-09-12 06:14:42Z] âŒ Failed to revoke role ðŸŽ¨ from 234479235551592448 (will retry)
[2026-09-12 06:14:42Z] âŒ Failed to revoke role ðŸŽ¨ from 333464277794947072 (will retry)
[2026-09-12 06:14:43Z] âŒ Failed to revoke role ðŸŽµ from 193880505521930240 (will retry)
[2026-09-12 06:14:43Z] âŒ Failed to revoke role ðŸŽµ from 195284975183069184 (will retry)
[2026-09-12 06:14:43Z] âŒ Failed to revoke role ðŸŽµ from 243191787294949386 (will retry)
[2026-09-12 06:14:43Z] âŒ Failed to revoke role ðŸ’» from 193880505521930240 (will retry)
[2026-09-12 06:14:43Z] âŒ Failed to revoke role ðŸ’» from 194245240041897984 (will retry)
[2026-09-12 06:14:43Z] âŒ Failed to revoke role ðŸ’» from 333464277794947072 (will retry)
[2026-09-12 06:14:44Z] âŒ Failed to revoke role ðŸŒ¸ from 193880505521930240 (will retry)
[2026-09-12 06:14:44Z] âŒ Failed to revoke role ðŸŒ¸ from 243191787294949386 (will retry)
[2026-09-12 06:14:44Z] âŒ Failed to revoke role ðŸŽ¬ from 195284975183069184 (will retry)
[2026-09-12 06:14:44Z] âŒ Failed to revoke role ðŸŽ¬ from 234479235551592448 (will retry)
[2026-09-12 06:14:44Z] âŒ Failed to revoke role ðŸŽ¬ from 243191787294949386 (will retry)
[2026-09-12 06:14:44Z] âŒ Failed to revoke role ðŸŽ¬ from 333464277794947072 (will retry)
[2026-09-12 06:14:45Z] âŒ Failed to revoke role ðŸˆ from 193880505521930240 (will retry)
[2026-09-12 06:14:45Z] âŒ Failed to revoke role ðŸˆ from 243191787294949386 (will retry)
[2026-09-12 06:14:45Z] âŒ Failed to revoke role ðŸŒ¸ from 194245240041897984 (will retry)
[2026-09-12 06:14:45Z] âŒ Failed to revoke role ðŸŒ¸ from 195284975183069184 (will retry)
[2026-09-12 06:14:45Z] âŒ Failed to revoke role ðŸŒ¸ from 234479235551592448 (will retry)
[2026-09-12 06:14:45Z] âŒ Failed to revoke role ðŸŒ¸ from 333464277794947072 (will retry)
[2026-09-12 06:14:46Z] âŒ Failed to revoke role ðŸˆ from 195284975183069184 (will retry)
[2026-09-12 06:14:46Z] âŒ Failed to revoke role ðŸˆ from 234479235551592448 (will retry)
[2026-09-12 06:14:46Z] âŒ Failed to revoke role ðŸˆ from 333464277794947072 (will retry)
[2026-09-12 06:14:46Z] âŒ Failed to revoke role ðŸŽª from 193880505521930240 (will retry)
[2026-09-12 06:14:46Z] âŒ Failed to revoke role ðŸŽª from 195284975183069184 (will retry)
[2026-09-12 06:14:46Z] âŒ Failed to revoke role ðŸŽª from 243191787294949386 (will retry)
[2026-09-12 06:14:47Z] âŒ Failed to revoke role ðŸ¤ from 193880505521930240 (will retry)
[2026-09-12 06:14:47Z] âŒ Failed to revoke role ðŸ¤ from 195284975183069184 (will retry)
[2026-09-12 06:14:47Z] âŒ Failed to revoke role ðŸ¤ from 234479235551592448 (will retry)
[2026-09-12 06:14:47Z] âŒ Failed to revoke role ðŸ¤ from 243191787294949386 (will retry)
[2026-09-12 06:14:47Z] âŒ Failed to revoke role ðŸŽª from 194245240041897984 (will retry)
[2026-09-12 06:14:47Z] âŒ Failed to revoke role ðŸŽª from 234479235551592448 (will retry)
[2026-09-12 06:14:47Z] âŒ Failed to revoke role ðŸŽª from 333464277794947072 (will retry)
[2026-09-12 06:14:48Z] âŒ Failed to revoke role ðŸ¤ from 194245240041897984 (will retry)
[2026-09-12 06:14:48Z] âŒ Failed to revoke role ðŸ¤ from 333464277794947072 (will retry)
[2026-09-12 06:14:48Z] âŒ Failed to revoke role ðŸƒ from 193880505521930240 (will retry)
[2026-09-12 06:14:48Z] âŒ Failed to revoke role ðŸƒ from 194245240041897984 (will retry)
[2026-09-12 06:14:48Z] âŒ Failed to revoke role ðŸƒ from 195284975183069184 (will retry)
[2026-09-12 06:14:48Z] âŒ Failed to revoke role ðŸƒ from 243191787294949386 (will retry)
[2026-09-12 06:14:48Z] âŒ Failed to revoke role ðŸƒ from 333464277794947072 (will retry)
[2026-09-12 06:15:10Z] âŒ Failed to revoke role ðŸŽ® from 193880505521930240 (will retry)
[2026-09-12 06:15:10Z] âŒ Failed to revoke role ðŸŽ® from 243191787294949386 (will retry)
[2026-09-12 06:15:11Z] âŒ Failed to revoke role ðŸŽ¨ from 193880505521930240 (will retry)
[2026-09-12 06:15:11Z] âŒ Failed to revoke role ðŸŽ¨ from 243191787294949386 (will retry)
[2026-09-12 06:15:11Z] âŒ Failed to revoke role ðŸŽ® from 194245240041897984 (will retry)
[2026-09-12 06:15:11Z] âŒ Failed to revoke role ðŸŽ® from 195284975183069184 (will retry)
[2026-09-12 06:15:11Z] âŒ Failed to revoke role ðŸŽ® from 234479235551592448 (will retry)
[2026-09-12 06:15:11Z] âŒ Failed to revoke role ðŸŽ® from 333464277794947072 (will retry)
[2026-09-12 06:15:12Z] âŒ Failed to revoke role ðŸ² from 195284975183069184 (will retry)
[2026-09-12 06:15:12Z] âŒ Failed to revoke role ðŸ² from 243191787294949386 (will retry)
[2026-09-12 06:15:12Z] âŒ Failed to revoke role ðŸŽ¨ from 195284975183069184 (will retry)
[2026-09-12 06:15:12Z] âŒ Failed to revoke role ðŸŽ¨ from 234479235551592448 (will retry)
[2026-09-12 06:15:12Z] âŒ Failed to revoke role ðŸŽ¨ from 333464277794947072 (will retry)
[2026-09-12 06:15:12Z] âŒ Failed to revoke role ðŸ’» from 194245240041897984 (will retry)
[2026-09-12 06:15:13Z] âŒ Failed to revoke role ðŸŽµ from 193880505521930240 (will retry)
[2026-09-12 06:15:13Z] âŒ Failed to revoke role ðŸŽµ from 195284975183069184 (will retry)
[2026-09-12 06:15:13Z] âŒ Failed to revoke role ðŸŽµ from 243191787294949386 (will retry)
[2026-09-12 06:15:13Z] âŒ Failed to revoke role ðŸ’» from 193880505521930240 (will retry)
[2026-09-12 06:15:13Z] âŒ Failed to revoke role ðŸ’» from 333464277794947072 (will retry)
[2026-09-12 06:15:14Z] âŒ Failed to revoke role ðŸŒ¸ from 193880505521930240 (will retry)
[2026-09-12 06:15:14Z] âŒ Failed to revoke role ðŸŒ¸ from 195284975183069184 (will retry)
[2026-09-12 06:15:14Z] âŒ Failed to revoke role ðŸŒ¸ from 243191787294949386 (will retry)
[2026-09-12 06:15:14Z] âŒ Failed to revoke role ðŸŽ¬ from 195284975183069184 (will retry)
[2026-09-12 06:15:14Z] âŒ Failed to revoke role ðŸŽ¬ from 234479235551592448 (will retry)
[2026-09-12 06:15:14Z] âŒ Failed to revoke role ðŸŽ¬ from 243191787294949386 (will retry)
[2026-09-12 06:15:14Z] âŒ Failed to revoke role ðŸŽ¬ from 333464277794947072 (will retry)
[2026-09-12 06:15:15Z] âŒ Failed to revoke role ðŸˆ from 193880505521930240 (will retry)
[2026-09-12 06:15:15Z] âŒ Failed to revoke role ðŸˆ from 195284975183069184 (will retry)
[2026-09-12 06:15:15Z] âŒ Failed to revoke role ðŸˆ from 243191787294949386 (will retry)
[2026-09-12 06:15:15Z] âŒ Failed to revoke role ðŸŒ¸ from 194245240041897984 (will retry)
[2026-09-12 06:15:15Z] âŒ Failed to revoke role ðŸŒ¸ from 234479235551592448 (will retry)
[2026-09-12 06:15:15Z] âŒ Failed to revoke role ðŸŒ¸ from 333464277794947072 (will retry)
[2026-09-12 06:15:16Z] âŒ Failed to revoke role ðŸˆ from 234479235551592448 (will retry)
[2026-09-12 06:15:16Z] âŒ Failed to revoke role ðŸˆ from 333464277794947072 (will retry)
[2026-09-12 06:15:16Z] âŒ Failed to revoke role ðŸŽª from 193880505521930240 (will retry)
[2026-09-12 06:15:16Z] âŒ Failed to revoke role ðŸŽª from 194245240041897984 (will retry)
[2026-09-12 06:15:16Z] âŒ Failed to revoke role ðŸŽª from 195284975183069184 (will retry)
[2026-09-12 06:15:16Z] âŒ Failed to revoke role ðŸŽª from 234479235551592448 (will retry)
[2026-09-12 06:15:16Z] âŒ Failed to revoke role ðŸŽª from 243191787294949386 (will retry)
[2026-09-12 06:15:17Z] âŒ Failed to revoke role ðŸ¤ from 193880505521930240 (will retry)
[2026-09-12 06:15:17Z] âŒ Failed to revoke role ðŸ¤ from 194245240041897984 (will retry)
[2026-09-12 06:15:17Z] âŒ Failed to revoke role ðŸ¤ from 195284975183069184 (will retry)
[2026-09-12 06:15:17Z] âŒ Failed to revoke role ðŸ¤ from 234479235551592448 (will retry)
[2026-09-12 06:15:17Z] âŒ Failed to revoke role ðŸ¤ from 243191787294949386 (will retry)
[2026-09-12 06:15:17Z] âŒ Failed to revoke role ðŸŽª from 333464277794947072 (will retry)
[2026-09-12 06:15:18Z] âŒ Failed to revoke role ðŸ¤ from 333464277794947072 (will retry)
[2026-09-12 06:15:18Z] âŒ Failed to revoke role ðŸƒ from 193880505521930240 (will retry)
[2026-09-12 06:15:18Z] âŒ Failed to revoke role ðŸƒ from 194245240041897984 (will retry)
[2026-09-12 06:15:18Z] âŒ Failed to revoke role ðŸƒ from 195284975183069184 (will retry)
[2026-09-12 06:15:18Z] âŒ Failed to revoke role ðŸƒ from 243191787294949386 (will retry)
[2026-09-12 06:15:18Z] âŒ Failed to revoke role ðŸƒ from 333464277794947072 (will retry)
[2026-09-12 06:15:40Z] âŒ Failed to revoke role ðŸŽ® from 193880505521930240 (will retry)
[2026-09-12 06:15:40Z] âŒ Failed to revoke role ðŸŽ® from 243191787294949386 (will retry)
[2026-09-12 06:15:41Z] âŒ Failed to revoke role ðŸŽ¨ from 193880505521930240 (will retry)
[2026-09-12 06:15:41Z] âŒ Failed to revoke role ðŸŽ¨ from 243191787294949386 (will retry)
[2026-09-12 06:15:41Z] âŒ Failed to revoke role ðŸŽ® from 194245240041897984 (will retry)
[2026-09-12 06:15:41Z] âŒ Failed to revoke role ðŸŽ® from 195284975183069184 (will retry)
[2026-09-12 06:15:41Z] âŒ Failed to revoke role ðŸŽ® from 234479235551592448 (will retry)
[2026-09-12 06:15:41Z] âŒ Failed to revoke role ðŸŽ® from 333464277794947072 (will retry)
[2026-09-12 06:15:42Z] âŒ Failed to revoke role ðŸ² from 195284975183069184 (will retry)
[2026-09-12 06:15:42Z] âŒ Failed to revoke role ðŸ² from 243191787294949386 (will retry)
[2026-09-12 06:15:42Z] âŒ Failed to revoke role ðŸŽ¨ from 195284975183069184 (will retry)
[2026-09-12 06:15:42Z] âŒ Failed to revoke role ðŸŽ¨ from 234479235551592448 (will retry)
[2026-09-12 06:15:42Z] âŒ Failed to revoke role ðŸŽ¨ from 333464277794947072 (will retry)
[2026-09-12 06:15:43Z] âŒ Failed to revoke role ðŸŽµ from 193880505521930240 (will retry)
[2026-09-12 06:15:43Z] âŒ Failed to revoke role ðŸŽµ from 195284975183069184 (will retry)
[2026-09-12 06:15:43Z] âŒ Failed to revoke role ðŸŽµ from 243191787294949386 (will retry)
[2026-09-12 06:15:43Z] âŒ Failed to revoke role ðŸ’» from 193880505521930240 (will retry)
[2026-09-12 06:15:43Z] âŒ Failed to revoke role ðŸ’» from 194245240041897984 (will retry)
[2026-09-12 06:15:43Z] âŒ Failed to revoke role ðŸ’» from 333464277794947072 (will retry)
[2026-09-12 06:15:44Z] âŒ Failed to revoke role ðŸŒ¸ from 193880505521930240 (will retry)
[2026-09-12 06:15:44Z] âŒ Failed to revoke role ðŸŒ¸ from 243191787294949386 (will retry)
[2026-09-12 06:15:44Z] âŒ Failed to revoke role ðŸŽ¬ from 195284975183069184 (will retry)
[2026-09-12 06:15:44Z] âŒ Failed to revoke role ðŸŽ¬ from 234479235551592448 (will retry)
[2026-09-12 06:15:44Z] âŒ Failed to revoke role ðŸŽ¬ from 243191787294949386 (will retry)
[2026-09-12 06:15:44Z] âŒ Failed to revoke role ðŸŽ¬ from 333464277794947072 (will retry)
[2026-09-12 06:15:45Z] âŒ Failed to revoke role ðŸˆ from 193880505521930240 (will retry)
[2026-09-12 06:15:45Z] âŒ Failed to revoke role ðŸˆ from 243191787294949386 (will retry)
[2026-09-12 06:15:45Z] âŒ Failed to revoke role ðŸŒ¸ from 194245240041897984 (will retry)
[2026-09-12 06:15:45Z] âŒ Failed to revoke role ðŸŒ¸ from 195284975183069184 (will retry)
[2026-09-12 06:15:45Z] âŒ Failed to revoke role ðŸŒ¸ from 234479235551592448 (will retry)
[2026-09-12 06:15:45Z] âŒ Failed to revoke role ðŸŒ¸ from 333464277794947072 (will retry)
[2026-09-12 06:15:46Z] âŒ Failed to revoke role ðŸˆ from 195284975183069184 (will retry)
[2026-09-12 06:15:46Z] âŒ Failed to revoke role ðŸˆ from 234479235551592448 (will retry)
[2026-09-12 06:15:46Z] âŒ Failed to revoke role ðŸˆ from 333464277794947072 (will retry)
[2026-09-12 06:15:46Z] âŒ Failed to revoke role ðŸŽª from 193880505521930240 (will retry)
[2026-09-12 06:15:46Z] âŒ Failed to revoke role ðŸŽª from 195284975183069184 (will retry)
[2026-09-12 06:15:46Z] âŒ Failed to revoke role ðŸŽª from 243191787294949386 (will retry)
[2026-09-12 06:15:47Z] âŒ Failed to revoke role ðŸ¤ from 193880505521930240 (will retry)
[2026-09-12 06:15:47Z] âŒ Failed to revoke role ðŸ¤ from 195284975183069184 (will retry)
[2026-09-12 06:15:47Z] âŒ Failed to revoke role ðŸ¤ from 234479235551592448 (will retry)
[2026-09-12 06:15:47Z] âŒ Failed to revoke role ðŸ¤ from 243191787294949386 (will retry)
[2026-09-12 06:15:47Z] âŒ Failed to revoke role ðŸŽª from 194245240041897984 (will retry)
[2026-09-12 06:15:47Z] âŒ Failed to revoke role ðŸŽª from 234479235551592448 (will retry)
[2026-09-12 06:15:47Z] âŒ Failed to revoke role ðŸŽª from 333464277794947072 (will retry)
[2026-09-12 06:15:48Z] âŒ Failed to revoke role ðŸ¤ from 194245240041897984 (will retry)
[2026-09-12 06:15:48Z] âŒ Failed to revoke role ðŸ¤ from 333464277794947072 (will retry)
[2026-09-12 06:15:48Z] âŒ Failed to revoke role ðŸƒ from 243191787294949386 (will retry)
[2026-09-12 06:15:49Z] âŒ Failed to revoke role ðŸƒ from 193880505521930240 (will retry)
[2026-09-12 06:15:49Z] âŒ Failed to revoke role ðŸƒ from 194245240041897984 (will retry)
[2026-09-12 06:15:49Z] âŒ Failed to revoke role ðŸƒ from 195284975183069184 (will retry)
[2026-09-12 06:15:49Z] âŒ Failed to revoke role ðŸƒ from 333464277794947072 (will retry)
[2026-09-12 06:16:10Z] âŒ Failed to revoke role ðŸŽ® from 193880505521930240 (will retry)
[2026-09-12 06:16:10Z] âŒ Failed to revoke role ðŸŽ® from 243191787294949386 (will retry)
[2026-09-12 06:16:11Z] âŒ Failed to revoke role ðŸŽ¨ from 193880505521930240 (will retry)
[2026-09-12 06:16:11Z] âŒ Failed to revoke role ðŸŽ¨ from 243191787294949386 (will retry)
[2026-09-12 06:16:11Z] âŒ Failed to revoke role ðŸŽ® from 194245240041897984 (will retry)
[2026-09-12 06:16:11Z] âŒ Failed to revoke role ðŸŽ® from 195284975183069184 (will retry)
[2026-09-12 06:16:11Z] âŒ Failed to revoke role ðŸŽ® from 234479235551592448 (will retry)
[2026-09-12 06:16:11Z] âŒ Failed to revoke role ðŸŽ® from 333464277794947072 (will retry)
[2026-09-12 06:16:12Z] âŒ Failed to revoke role ðŸ² from 195284975183069184 (will retry)
[2026-09-12 06:16:12Z] âŒ Failed to revoke role ðŸ² from 243191787294949386 (will retry)
[2026-09-12 06:16:12Z] âŒ Failed to revoke role ðŸŽ¨ from 195284975183069184 (will retry)
[2026-09-12 06:16:12Z] âŒ Failed to revoke role ðŸŽ¨ from 234479235551592448 (will retry)
[2026-09-12 06:16:12Z] âŒ Failed to revoke role ðŸŽ¨ from 333464277794947072 (will retry)
[2026-09-12 06:16:13Z] âŒ Failed to revoke role ðŸŽµ from 193880505521930240 (will retry)
[2026-09-12 06:16:13Z] âŒ Failed to revoke role ðŸŽµ from 195284975183069184 (will retry)
[2026-09-12 06:16:13Z] âŒ Failed to revoke role ðŸŽµ from 243191787294949386 (will retry)
[2026-09-12 06:16:13Z] âŒ Failed to revoke role ðŸ’» from 193880505521930240 (will retry)
[2026-09-12 06:16:13Z] âŒ Failed to revoke role ðŸ’» from 194245240041897984 (will retry)
[2026-09-12 06:16:13Z] âŒ Failed to revoke role ðŸ’» from 333464277794947072 (will retry)
[2026-09-12 06:16:14Z] âŒ Failed to revoke role ðŸŒ¸ from 193880505521930240 (will retry)
[2026-09-12 06:16:14Z] âŒ Failed to revoke role ðŸŒ¸ from 243191787294949386 (will retry)
[2026-09-12 06:16:14Z] âŒ Failed to revoke role ðŸŽ¬ from 195284975183069184 (will retry)
[2026-09-12 06:16:14Z] âŒ Failed to revoke role ðŸŽ¬ from 234479235551592448 (will retry)
[2026-09-12 06:16:14Z] âŒ Failed to revoke role ðŸŽ¬ from 243191787294949386 (will retry)
[2026-09-12 06:16:14Z] âŒ Failed to revoke role ðŸŽ¬ from 333464277794947072 (will retry)
[2026-09-12 06:16:15Z] âŒ Failed to revoke role ðŸˆ from 193880505521930240 (will retry)
[2026-09-12 06:16:15Z] âŒ Failed to revoke role ðŸˆ from 243191787294949386 (will retry)
[2026-09-12 06:16:15Z] âŒ Failed to revoke role ðŸŒ¸ from 194245240041897984 (will retry)
[2026-09-12 06:16:15Z] âŒ Failed to revoke role ðŸŒ¸ from 195284975183069184 (will retry)
[2026-09-12 06:16:15Z] âŒ Failed to revoke role ðŸŒ¸ from 234479235551592448 (will retry)
[2026-09-12 06:16:15Z] âŒ Failed to revoke role ðŸŒ¸ from 333464277794947072 (will retry)
[2026-09-12 06:16:16Z] âŒ Failed to revoke role ðŸˆ from 195284975183069184 (will retry)
[2026-09-12 06:16:16Z] âŒ Failed to revoke role ðŸˆ from 234479235551592448 (will retry)
[2026-09-12 06:16:16Z] âŒ Failed to revoke role ðŸˆ from 333464277794947072 (will retry)
[2026-09-12 06:16:16Z] âŒ Failed to revoke role ðŸŽª from 193880505521930240 (will retry)
[2026-09-12 06:16:16Z] âŒ Failed to revoke role ðŸŽª from 195284975183069184 (will retry)
[2026-09-12 06:16:16Z] âŒ Failed to revoke role ðŸŽª from 234479235551592448 (will retry)
[2026-09-12 06:16:16Z] âŒ Failed to revoke role ðŸŽª from 243191787294949386 (will retry)
[2026-09-12 06:16:17Z] âŒ Failed to revoke role ðŸ¤ from 193880505521930240 (will retry)
[2026-09-12 06:16:17Z] âŒ Failed to revoke role ðŸ¤ from 195284975183069184 (will retry)
[2026-09-12 06:16:17Z] âŒ Failed to revoke role ðŸ¤ from 234479235551592448 (will retry)
[2026-09-12 06:16:17Z] âŒ Failed to revoke role ðŸ¤ from 243191787294949386 (will retry)
[2026-09-12 06:16:17Z] âŒ Failed to revoke role ðŸŽª from 194245240041897984 (will retry)
[2026-09-12 06:16:17Z] âŒ Failed to revoke role ðŸŽª from 333464277794947072 (will retry)
[2026-09-12 06:16:18Z] âŒ Failed to revoke role ðŸ¤ from 194245240041897984 (will retry)
[2026-09-12 06:16:18Z] âŒ Failed to revoke role ðŸ¤ from 333464277794947072 (will retry)
[2026-09-12 06:16:18Z] âŒ Failed to revoke role ðŸƒ from 193880505521930240 (will retry)
[2026-09-12 06:16:18Z] âŒ Failed to revoke role ðŸƒ from 194245240041897984 (will retry)
[2026-09-12 06:16:18Z] âŒ Failed to revoke role ðŸƒ from 195284975183069184 (will retry)
[2026-09-12 06:16:18Z] âŒ Failed to revoke role ðŸƒ from 243191787294949386 (will retry)
[2026-09-12 06:16:19Z] âŒ Failed to revoke role ðŸƒ from 333464277794947072 (will retry)
[2026-09-12 06:16:40Z] âŒ Failed to revoke role ðŸŽ® from 193880505521930240 (will retry)
[2026-09-12 06:16:40Z] âŒ Failed to revoke role ðŸŽ® from 243191787294949386 (will retry)
[2026-09-12 06:16:41Z] âŒ Failed to revoke role ðŸŽ¨ from 193880505521930240 (will retry)
[2026-09-12 06:16:41Z] âŒ Failed to revoke role ðŸŽ¨ from 243191787294949386 (will retry)
[2026-09-12 06:16:41Z] âŒ Failed to revoke role ðŸŽ® from 194245240041897984 (will retry)
[2026-09-12 06:16:41Z] âŒ Failed to revoke role ðŸŽ® from 195284975183069184 (will retry)
[2026-09-12 06:16:41Z] âŒ Failed to revoke role ðŸŽ® from 234479235551592448 (will retry)
[2026-09-12 06:16:41Z] âŒ Failed to revoke role ðŸŽ® from 333464277794947072 (will retry)
[2026-09-12 06:16:42Z] âŒ Failed to revoke role ðŸ² from 195284975183069184 (will retry)
[2026-09-12 06:16:42Z] âŒ Failed to revoke role ðŸ² from 243191787294949386 (will retry)
[2026-09-12 06:16:42Z] âŒ Failed to revoke role ðŸŽ¨ from 195284975183069184 (will retry)
[2026-09-12 06:16:42Z] âŒ Failed to revoke role ðŸŽ¨ from 234479235551592448 (will retry)
[2026-09-12 06:16:42Z] âŒ Failed to revoke role ðŸŽ¨ from 333464277794947072 (will retry)
[2026-09-12 06:16:43Z] âŒ Failed to revoke role ðŸŽµ from 193880505521930240 (will retry)
[2026-09-12 06:16:43Z] âŒ Failed to revoke role ðŸŽµ from 195284975183069184 (will retry)
[2026-09-12 06:16:43Z] âŒ Failed to revoke role ðŸŽµ from 243191787294949386 (will retry)
[2026-09-12 06:16:43Z] âŒ Failed to revoke role ðŸ’» from 193880505521930240 (will retry)
[2026-09-12 06:16:43Z] âŒ Failed to revoke role ðŸ’» from 194245240041897984 (will retry)
[2026-09-12 06:16:43Z] âŒ Failed to revoke role ðŸ’» from 333464277794947072 (will retry)
[2026-09-12 06:16:44Z] âŒ Failed to revoke role ðŸŒ¸ from 243191787294949386 (will retry)
[2026-09-12 06:16:44Z] âŒ Failed to revoke role ðŸŽ¬ from 195284975183069184 (will retry)
[2026-09-12 06:16:44Z] âŒ Failed to revoke role ðŸŽ¬ from 234479235551592448 (will retry)
[2026-09-12 06:16:44Z] âŒ Failed to revoke role ðŸŽ¬ from 243191787294949386 (will retry)
[2026-09-12 06:16:44Z] âŒ Failed to revoke role ðŸŽ¬ from 333464277794947072 (will retry)
[2026-09-12 06:16:45Z] âŒ Failed to revoke role ðŸˆ from 243191787294949386 (will retry)
[2026-09-12 06:16:45Z] âŒ Failed to revoke role ðŸŒ¸ from 193880505521930240 (will retry)
[2026-09-12 06:16:45Z] âŒ Failed to revoke role ðŸŒ¸ from 194245240041897984 (will retry)
[2026-09-12 06:16:45Z] âŒ Failed to revoke role ðŸŒ¸ from 195284975183069184 (will retry)
[2026-09-12 06:16:45Z] âŒ Failed to revoke role ðŸŒ¸ from 234479235551592448 (will retry)
[2026-09-12 06:16:45Z] âŒ Failed to revoke role ðŸŒ¸ from 333464277794947072 (will retry)
[2026-09-12 06:16:46Z] âŒ Failed to revoke role ðŸˆ from 193880505521930240 (will retry)
[2026-09-12 06:16:46Z] âŒ Failed to revoke role ðŸˆ from 195284975183069184 (will retry)
[2026-09-12 06:16:46Z] âŒ Failed to revoke role ðŸˆ from 234479235551592448 (will retry)
[2026-09-12 06:16:46Z] âŒ Failed to revoke role ðŸˆ from 333464277794947072 (will retry)
[2026-09-12 06:16:46Z] âŒ Failed to revoke role ðŸŽª from 193880505521930240 (will retry)
[2026-09-12 06:16:46Z] âŒ Failed to revoke role ðŸŽª from 243191787294949386 (will retry)
[2026-09-12 06:16:47Z] âŒ Failed to revoke role ðŸ¤ from 193880505521930240 (will retry)
[2026-09-12 06:16:47Z] âŒ Failed to revoke role ðŸ¤ from 195284975183069184 (will retry)
[2026-09-12 06:16:47Z] âŒ Failed to revoke role ðŸ¤ from 243191787294949386 (will retry)
[2026-09-12 06:16:47Z] âŒ Failed to revoke role ðŸŽª from 194245240041897984 (will retry)
[2026-09-12 06:16:47Z] âŒ Failed to revoke role ðŸŽª from 195284975183069184 (will retry)
[2026-09-12 06:16:47Z] âŒ Failed to revoke role ðŸŽª from 234479235551592448 (will retry)
[2026-09-12 06:16:47Z] âŒ Failed to revoke role ðŸŽª from 333464277794947072 (will retry)
[2026-09-12 06:16:48Z] âŒ Failed to revoke role ðŸ¤ from 194245240041897984 (will retry)
[2026-09-12 06:16:48Z] âŒ Failed to revoke role ðŸ¤ from 234479235551592448 (will retry)
[2026-09-12 06:16:48Z] âŒ Failed to revoke role ðŸ¤ from 333464277794947072 (will retry)
[2026-09-12 06:16:48Z] âŒ Failed to revoke role ðŸƒ from 193880505521930240 (will retry)
[2026-09-12 06:16:48Z] âŒ Failed to revoke role ðŸƒ from 195284975183069184 (will retry)
[2026-09-12 06:16:48Z] âŒ Failed to revoke role ðŸƒ from 243191787294949386 (will retry)
[2026-09-12 06:16:49Z] âŒ Failed to revoke role ðŸƒ from 194245240041897984 (will retry)
[2026-09-12 06:16:49Z] âŒ Failed to revoke role ðŸƒ from 333464277794947072 (will retry)
[2026-09-12 06:17:10Z] âŒ Failed to revoke role ðŸŽ® from 193880505521930240 (will retry)
[2026-09-12 06:17:10Z] âŒ Failed to revoke role ðŸŽ® from 243191787294949386 (will retry)
[2026-09-12 06:17:11Z] âŒ Failed to revoke role ðŸŽ¨ from 193880505521930240 (will retry)
[2026-09-12 06:17:11Z] âŒ Failed to revoke role ðŸŽ¨ from 243191787294949386 (will retry)
[2026-09-12 06:17:11Z] âŒ Failed to revoke role ðŸŽ® from 194245240041897984 (will retry)
[2026-09-12 06:17:11Z] âŒ Failed to revoke role ðŸŽ® from 195284975183069184 (will retry)
[2026-09-12 06:17:11Z] âŒ Failed to revoke role ðŸŽ® from 234479235551592448 (will retry)
[2026-09-12 06:17:11Z] âŒ Failed to revoke role ðŸŽ® from 333464277794947072 (will retry)
[2026-09-12 06:17:12Z] âŒ Failed to revoke role ðŸ² from 243191787294949386 (will retry)
[2026-09-12 06:17:12Z] âŒ Failed to revoke role ðŸŽ¨ from 195284975183069184 (will retry)
[2026-09-12 06:17:12Z] âŒ Failed to revoke role ðŸŽ¨ from 234479235551592448 (will retry)
[2026-09-12 06:17:12Z] âŒ Failed to revoke role ðŸŽ¨ from 333464277794947072 (will retry)
[2026-09-12 06:17:13Z] âŒ Failed to revoke role ðŸ² from 195284975183069184 (will retry)
[2026-09-12 06:17:13Z] âŒ Failed to revoke role ðŸŽµ from 193880505521930240 (will retry)
[2026-09-12 06:17:13Z] âŒ Failed to revoke role ðŸŽµ from 243191787294949386 (will retry)
[2026-09-12 06:17:13Z] âŒ Failed to revoke role ðŸ’» from 193880505521930240 (will retry)
[2026-09-12 06:17:13Z] âŒ Failed to revoke role ðŸ’» from 194245240041897984 (will retry)
[2026-09-12 06:17:13Z] âŒ Failed to revoke role ðŸ’» from 333464277794947072 (will retry)
[2026-09-12 06:17:14Z] âŒ Failed to revoke role ðŸŒ¸ from 243191787294949386 (will retry)
[2026-09-12 06:17:14Z] âŒ Failed to revoke role ðŸŽ¬ from 195284975183069184 (will retry)
[2026-09-12 06:17:14Z] âŒ Failed to revoke role ðŸŽ¬ from 234479235551592448 (will retry)
[2026-09-12 06:17:14Z] âŒ Failed to revoke role ðŸŽ¬ from 243191787294949386 (will retry)
[2026-09-12 06:17:14Z] âŒ Failed to revoke role ðŸŽ¬ from 333464277794947072 (will retry)
[2026-09-12 06:17:14Z] âŒ Failed to revoke role ðŸŽµ from 195284975183069184 (will retry)
[2026-09-12 06:17:15Z] âŒ Failed to revoke role ðŸˆ from 243191787294949386 (will retry)
[2026-09-12 06:17:15Z] âŒ Failed to revoke role ðŸŒ¸ from 193880505521930240 (will retry)
[2026-09-12 06:17:15Z] âŒ Failed to revoke role ðŸŒ¸ from 194245240041897984 (will retry)
[2026-09-12 06:17:15Z] âŒ Failed to revoke role ðŸŒ¸ from 195284975183069184 (will retry)
[2026-09-12 06:17:15Z] âŒ Failed to revoke role ðŸŒ¸ from 234479235551592448 (will retry)
[2026-09-12 06:17:15Z] âŒ Failed to revoke role ðŸŒ¸ from 333464277794947072 (will retry)
[2026-09-12 06:17:16Z] âŒ Failed to revoke role ðŸˆ from 193880505521930240 (will retry)
[2026-09-12 06:17:16Z] âŒ Failed to revoke role ðŸˆ from 195284975183069184 (will retry)
[2026-09-12 06:17:16Z] âŒ Failed to revoke role ðŸˆ from 234479235551592448 (will retry)
[2026-09-12 06:17:16Z] âŒ Failed to revoke role ðŸˆ from 333464277794947072 (will retry)
[2026-09-12 06:17:16Z] âŒ Failed to revoke role ðŸŽª from 193880505521930240 (will retry)
[2026-09-12 06:17:16Z] âŒ Failed to revoke role ðŸŽª from 195284975183069184 (will retry)
[2026-09-12 06:17:16Z] âŒ Failed to revoke role ðŸŽª from 243191787294949386 (will retry)
[2026-09-12 06:17:17Z] âŒ Failed to revoke role ðŸ¤ from 193880505521930240 (will retry)
[2026-09-12 06:17:17Z] âŒ Failed to revoke role ðŸ¤ from 195284975183069184 (will retry)
[2026-09-12 06:17:17Z] âŒ Failed to revoke role ðŸ¤ from 243191787294949386 (will retry)
[2026-09-12 06:17:17Z] âŒ Failed to revoke role ðŸŽª from 194245240041897984 (will retry)
[2026-09-12 06:17:17Z] âŒ Failed to revoke role ðŸŽª from 234479235551592448 (will retry)
[2026-09-12 06:17:17Z] âŒ Failed to revoke role ðŸŽª from 333464277794947072 (will retry)
[2026-09-12 06:17:18Z] âŒ Failed to revoke role ðŸ¤ from 194245240041897984 (will retry)
[2026-09-12 06:17:18Z] âŒ Failed to revoke role ðŸ¤ from 234479235551592448 (will retry)
[2026-09-12 06:17:18Z] âŒ Failed to revoke role ðŸ¤ from 333464277794947072 (will retry)
[2026-09-12 06:17:18Z] âŒ Failed to revoke role ðŸƒ from 193880505521930240 (will retry)
[2026-09-12 06:17:18Z] âŒ Failed to revoke role ðŸƒ from 243191787294949386 (will retry)
[2026-09-12 06:17:19Z] âŒ Failed to revoke role ðŸƒ from 194245240041897984 (will retry)
[2026-09-12 06:17:19Z] âŒ Failed to revoke role ðŸƒ from 195284975183069184 (will retry)
[2026-09-12 06:17:19Z] âŒ Failed to revoke role ðŸƒ from 333464277794947072 (will retry)
[2026-09-12 06:17:40Z] âŒ Failed to revoke role ðŸŽ® from 193880505521930240 (will retry)
[2026-09-12 06:17:40Z] âŒ Failed to revoke role ðŸŽ® from 243191787294949386 (will retry)
[2026-09-12 06:17:41Z] âŒ Failed to revoke role ðŸŽ¨ from 193880505521930240 (will retry)
[2026-09-12 06:17:41Z] âŒ Failed to revoke role ðŸŽ¨ from 243191787294949386 (will retry)
[2026-09-12 06:17:41Z] âŒ Failed to revoke role ðŸŽ® from 194245240041897984 (will retry)
[2026-09-12 06:17:41Z] âŒ Failed to revoke role ðŸŽ® from 195284975183069184 (will retry)
[2026-09-12 06:17:41Z] âŒ Failed to revoke role ðŸŽ® from 234479235551592448 (will retry)
[2026-09-12 06:17:41Z] âŒ Failed to revoke role ðŸŽ® from 333464277794947072 (will retry)
[2026-09-12 06:17:42Z] âŒ Failed to revoke role ðŸ² from 195284975183069184 (will retry)
[2026-09-12 06:17:42Z] âŒ Failed to revoke role ðŸ² from 243191787294949386 (will retry)
[2026-09-12 06:17:42Z] âŒ Failed to revoke role ðŸŽ¨ from 195284975183069184 (will retry)
[2026-09-12 06:17:42Z] âŒ Failed to revoke role ðŸŽ¨ from 234479235551592448 (will retry)
[2026-09-12 06:17:42Z] âŒ Failed to revoke role ðŸŽ¨ from 333464277794947072 (will retry)
[2026-09-12 06:17:43Z] âŒ Failed to revoke role ðŸŽµ from 193880505521930240 (will retry)
[2026-09-12 06:17:43Z] âŒ Failed to revoke role ðŸŽµ from 195284975183069184 (will retry)
[2026-09-12 06:17:43Z] âŒ Failed to revoke role ðŸŽµ from 243191787294949386 (will retry)
[2026-09-12 06:17:43Z] âŒ Failed to revoke role ðŸ’» from 193880505521930240 (will retry)
[2026-09-12 06:17:43Z] âŒ Failed to revoke role ðŸ’» from 194245240041897984 (will retry)
[2026-09-12 06:17:43Z] âŒ Failed to revoke role ðŸ’» from 333464277794947072 (will retry)
[2026-09-12 06:17:44Z] âŒ Failed to revoke role ðŸŽ¬ from 195284975183069184 (will retry)
[2026-09-12 06:17:44Z] âŒ Failed to revoke role ðŸŽ¬ from 234479235551592448 (will retry)
[2026-09-12 06:17:44Z] âŒ Failed to revoke role ðŸŽ¬ from 243191787294949386 (will retry)
[2026-09-12 06:17:44Z] âŒ Failed to revoke role ðŸŽ¬ from 333464277794947072 (will retry)
[2026-09-12 06:17:45Z] âŒ Failed to revoke role ðŸŒ¸ from 193880505521930240 (will retry)
[2026-09-12 06:17:45Z] âŒ Failed to revoke role ðŸŒ¸ from 194245240041897984 (will retry)
[2026-09-12 06:17:45Z] âŒ Failed to revoke role ðŸŒ¸ from 195284975183069184 (will retry)
[2026-09-12 06:17:45Z] âŒ Failed to revoke role ðŸŒ¸ from 234479235551592448 (will retry)
[2026-09-12 06:17:45Z] âŒ Failed to revoke role ðŸŒ¸ from 243191787294949386 (will retry)
[2026-09-12 06:17:45Z] âŒ Failed to revoke role ðŸŒ¸ from 333464277794947072 (will retry)
[2026-09-12 06:17:46Z] âŒ Failed to revoke role ðŸˆ from 193880505521930240 (will retry)
[2026-09-12 06:17:46Z] âŒ Failed to revoke role ðŸˆ from 195284975183069184 (will retry)
[2026-09-12 06:17:46Z] âŒ Failed to revoke role ðŸˆ from 234479235551592448 (will retry)
[2026-09-12 06:17:46Z] âŒ Failed to revoke role ðŸˆ from 243191787294949386 (will retry)
[2026-09-12 06:17:46Z] âŒ Failed to revoke role ðŸˆ from 333464277794947072 (will retry)
[2026-09-12 06:17:47Z] âŒ Failed to revoke role ðŸ¤ from 243191787294949386 (will retry)
[2026-09-12 06:17:47Z] âŒ Failed to revoke role ðŸŽª from 193880505521930240 (will retry)
[2026-09-12 06:17:47Z] âŒ Failed to revoke role ðŸŽª from 194245240041897984 (will retry)
[2026-09-12 06:17:47Z] âŒ Failed to revoke role ðŸŽª from 195284975183069184 (will retry)
[2026-09-12 06:17:47Z] âŒ Failed to revoke role ðŸŽª from 234479235551592448 (will retry)
[2026-09-12 06:17:47Z] âŒ Failed to revoke role ðŸŽª from 243191787294949386 (will retry)
[2026-09-12 06:17:47Z] âŒ Failed to revoke role ðŸŽª from 333464277794947072 (will retry)
[2026-09-12 06:17:48Z] âŒ Failed to revoke role ðŸ¤ from 193880505521930240 (will retry)
[2026-09-12 06:17:48Z] âŒ Failed to revoke role ðŸ¤ from 194245240041897984 (will retry)
[2026-09-12 06:17:48Z] âŒ Failed to revoke role ðŸ¤ from 195284975183069184 (will retry)
[2026-09-12 06:17:48Z] âŒ Failed to revoke role ðŸ¤ from 234479235551592448 (will retry)
[2026-09-12 06:17:48Z] âŒ Failed to revoke role ðŸ¤ from 333464277794947072 (will retry)
[2026-09-12 06:17:48Z] âŒ Failed to revoke role ðŸƒ from 193880505521930240 (will retry)
[2026-09-12 06:17:48Z] âŒ Failed to revoke role ðŸƒ from 243191787294949386 (will retry)
[2026-09-12 06:17:49Z] âŒ Failed to revoke role ðŸƒ from 194245240041897984 (will retry)
[2026-09-12 06:17:49Z] âŒ Failed to revoke role ðŸƒ from 195284975183069184 (will retry)
[2026-09-12 06:17:49Z] âŒ Failed to revoke role ðŸƒ from 333464277794947072 (will retry)
[2026-09-12 06:18:10Z] âŒ Failed to revoke role ðŸŽ® from 193880505521930240 (will retry)
[2026-09-12 06:18:10Z] âŒ Failed to revoke role ðŸŽ® from 243191787294949386 (will retry)
[2026-09-12 06:18:11Z] âŒ Failed to revoke role ðŸŽ¨ from 193880505521930240 (will retry)
[2026-09-12 06:18:11Z] âŒ Failed to revoke role ðŸŽ¨ from 195284975183069184 (will retry)
[2026-09-12 06:18:11Z] âŒ Failed to revoke role ðŸŽ¨ from 243191787294949386 (will retry)
[2026-09-12 06:18:11Z] âŒ Failed to revoke role ðŸŽ® from 194245240041897984 (will retry)
[2026-09-12 06:18:11Z] âŒ Failed to revoke role ðŸŽ® from 195284975183069184 (will retry)
[2026-09-12 06:18:11Z] âŒ Failed to revoke role ðŸŽ® from 234479235551592448 (will retry)
[2026-09-12 06:18:11Z] âŒ Failed to revoke role ðŸŽ® from 333464277794947072 (will retry)
[2026-09-12 06:18:12Z] âŒ Failed to revoke role ðŸ² from 195284975183069184 (will retry)
[2026-09-12 06:18:12Z] âŒ Failed to revoke role ðŸ² from 243191787294949386 (will retry)
[2026-09-12 06:18:12Z] âŒ Failed to revoke role ðŸŽ¨ from 234479235551592448 (will retry)
[2026-09-12 06:18:12Z] âŒ Failed to revoke role ðŸŽ¨ from 333464277794947072 (will retry)
[2026-09-12 06:18:13Z] âŒ Failed to revoke role ðŸŽµ from 193880505521930240 (will retry)
[2026-09-12 06:18:13Z] âŒ Failed to revoke role ðŸŽµ from 195284975183069184 (will retry)
[2026-09-12 06:18:13Z] âŒ Failed to revoke role ðŸŽµ from 243191787294949386 (will retry)
[2026-09-12 06:18:13Z] âŒ Failed to revoke role ðŸ’» from 193880505521930240 (will retry)
[2026-09-12 06:18:13Z] âŒ Failed to revoke role ðŸ’» from 194245240041897984 (will retry)
[2026-09-12 06:18:13Z] âŒ Failed to revoke role ðŸ’» from 333464277794947072 (will retry)
[2026-09-12 06:18:14Z] âŒ Failed to revoke role ðŸŒ¸ from 243191787294949386 (will retry)
[2026-09-12 06:18:14Z] âŒ Failed to revoke role ðŸŽ¬ from 195284975183069184 (will retry)
[2026-09-12 06:18:14Z] âŒ Failed to revoke role ðŸŽ¬ from 234479235551592448 (will retry)
[2026-09-12 06:18:14Z] âŒ Failed to revoke role ðŸŽ¬ from 243191787294949386 (will retry)
[2026-09-12 06:18:14Z] âŒ Failed to revoke role ðŸŽ¬ from 333464277794947072 (will retry)
[2026-09-12 06:18:15Z] âŒ Failed to revoke role ðŸˆ from 193880505521930240 (will retry)
[2026-09-12 06:18:15Z] âŒ Failed to revoke role ðŸˆ from 243191787294949386 (will retry)
[2026-09-12 06:18:15Z] âŒ Failed to revoke role ðŸŒ¸ from 193880505521930240 (will retry)
[2026-09-12 06:18:15Z] âŒ Failed to revoke role ðŸŒ¸ from 194245240041897984 (will retry)
[2026-09-12 06:18:15Z] âŒ Failed to revoke role ðŸŒ¸ from 195284975183069184 (will retry)
[2026-09-12 06:18:15Z] âŒ Failed to revoke role ðŸŒ¸ from 234479235551592448 (will retry)
[2026-09-12 06:18:15Z] âŒ Failed to revoke role ðŸŒ¸ from 333464277794947072 (will retry)
[2026-09-12 06:18:16Z] âŒ Failed to revoke role ðŸˆ from 195284975183069184 (will retry)
[2026-09-12 06:18:16Z] âŒ Failed to revoke role ðŸˆ from 234479235551592448 (will retry)
[2026-09-12 06:18:16Z] âŒ Failed to revoke role ðŸˆ from 333464277794947072 (will retry)
[2026-09-12 06:18:16Z] âŒ Failed to revoke role ðŸŽª from 193880505521930240 (will retry)
[2026-09-12 06:18:16Z] âŒ Failed to revoke role ðŸŽª from 195284975183069184 (will retry)
[2026-09-12 06:18:16Z] âŒ Failed to revoke role ðŸŽª from 234479235551592448 (will retry)
[2026-09-12 06:18:16Z] âŒ Failed to revoke role ðŸŽª from 243191787294949386 (will retry)
[2026-09-12 06:18:17Z] âŒ Failed to revoke role ðŸ¤ from 193880505521930240 (will retry)
[2026-09-12 06:18:17Z] âŒ Failed to revoke role ðŸ¤ from 195284975183069184 (will retry)
[2026-09-12 06:18:17Z] âŒ Failed to revoke role ðŸ¤ from 234479235551592448 (will retry)
[2026-09-12 06:18:17Z] âŒ Failed to revoke role ðŸ¤ from 243191787294949386 (will retry)
[2026-09-12 06:18:17Z] âŒ Failed to revoke role ðŸŽª from 194245240041897984 (will retry)
[2026-09-12 06:18:17Z] âŒ Failed to revoke role ðŸŽª from 333464277794947072 (will retry)
[2026-09-12 06:18:18Z] âŒ Failed to revoke role ðŸ¤ from 194245240041897984 (will retry)
[2026-09-12 06:18:18Z] âŒ Failed to revoke role ðŸ¤ from 333464277794947072 (will retry)
[2026-09-12 06:18:18Z] âŒ Failed to revoke role ðŸƒ from 193880505521930240 (will retry)
[2026-09-12 06:18:18Z] âŒ Failed to revoke role ðŸƒ from 194245240041897984 (will retry)
[2026-09-12 06:18:18Z] âŒ Failed to revoke role ðŸƒ from 195284975183069184 (will retry)
[2026-09-12 06:18:18Z] âŒ Failed to revoke role ðŸƒ from 243191787294949386 (will retry)
[2026-09-12 06:18:19Z] âŒ Failed to revoke role ðŸƒ from 333464277794947072 (will retry)
[2026-09-12 06:18:40Z] âŒ Failed to revoke role ðŸŽ® from 193880505521930240 (will retry)
[2026-09-12 06:18:40Z] âŒ Failed to revoke role ðŸŽ® from 243191787294949386 (will retry)
[2026-09-12 06:18:41Z] âŒ Failed to revoke role ðŸŽ¨ from 193880505521930240 (will retry)
[2026-09-12 06:18:41Z] âŒ Failed to revoke role ðŸŽ¨ from 243191787294949386 (will retry)
[2026-09-12 06:18:41Z] âŒ Failed to revoke role ðŸŽ® from 194245240041897984 (will retry)
[2026-09-12 06:18:41Z] âŒ Failed to revoke role ðŸŽ® from 195284975183069184 (will retry)
[2026-09-12 06:18:41Z] âŒ Failed to revoke role ðŸŽ® from 234479235551592448 (will retry)
[2026-09-12 06:18:41Z] âŒ Failed to revoke role ðŸŽ® from 333464277794947072 (will retry)
[2026-09-12 06:18:42Z] âŒ Failed to revoke role ðŸ² from 195284975183069184 (will retry)
[2026-09-12 06:18:42Z] âŒ Failed to revoke role ðŸ² from 243191787294949386 (will retry)
[2026-09-12 06:18:42Z] âŒ Failed to revoke role ðŸŽ¨ from 195284975183069184 (will retry)
[2026-09-12 06:18:42Z] âŒ Failed to revoke role ðŸŽ¨ from 234479235551592448 (will retry)
[2026-09-12 06:18:42Z] âŒ Failed to revoke role ðŸŽ¨ from 333464277794947072 (will retry)
[2026-09-12 06:18:42Z] âŒ Failed to revoke role ðŸ’» from 194245240041897984 (will retry)
[2026-09-12 06:18:43Z] âŒ Failed to revoke role ðŸŽµ from 193880505521930240 (will retry)
[2026-09-12 06:18:43Z] âŒ Failed to revoke role ðŸŽµ from 195284975183069184 (will retry)
[2026-09-12 06:18:43Z] âŒ Failed to revoke role ðŸŽµ from 243191787294949386 (will retry)
[2026-09-12 06:18:43Z] âŒ Failed to revoke role ðŸ’» from 193880505521930240 (will retry)
[2026-09-12 06:18:43Z] âŒ Failed to revoke role ðŸ’» from 333464277794947072 (will retry)
[2026-09-12 06:18:44Z] âŒ Failed to revoke role ðŸŒ¸ from 193880505521930240 (will retry)
[2026-09-12 06:18:44Z] âŒ Failed to revoke role ðŸŒ¸ from 195284975183069184 (will retry)
[2026-09-12 06:18:44Z] âŒ Failed to revoke role ðŸŒ¸ from 243191787294949386 (will retry)
[2026-09-12 06:18:44Z] âŒ Failed to revoke role ðŸŽ¬ from 195284975183069184 (will retry)
[2026-09-12 06:18:44Z] âŒ Failed to revoke role ðŸŽ¬ from 234479235551592448 (will retry)
[2026-09-12 06:18:44Z] âŒ Failed to revoke role ðŸŽ¬ from 243191787294949386 (will retry)
[2026-09-12 06:18:44Z] âŒ Failed to revoke role ðŸŽ¬ from 333464277794947072 (will retry)
[2026-09-12 06:18:45Z] âŒ Failed to revoke role ðŸˆ from 193880505521930240 (will retry)
[2026-09-12 06:18:45Z] âŒ Failed to revoke role ðŸˆ from 195284975183069184 (will retry)
[2026-09-12 06:18:45Z] âŒ Failed to revoke role ðŸˆ from 243191787294949386 (will retry)
[2026-09-12 06:18:45Z] âŒ Failed to revoke role ðŸŒ¸ from 194245240041897984 (will retry)
[2026-09-12 06:18:45Z] âŒ Failed to revoke role ðŸŒ¸ from 234479235551592448 (will retry)
[2026-09-12 06:18:45Z] âŒ Failed to revoke role ðŸŒ¸ from 333464277794947072 (will retry)
[2026-09-12 06:18:46Z] âŒ Failed to revoke role ðŸˆ from 234479235551592448 (will retry)
[2026-09-12 06:18:46Z] âŒ Failed to revoke role ðŸˆ from 333464277794947072 (will retry)
[2026-09-12 06:18:46Z] âŒ Failed to revoke role ðŸŽª from 193880505521930240 (will retry)
[2026-09-12 06:18:46Z] âŒ Failed to revoke role ðŸŽª from 195284975183069184 (will retry)
[2026-09-12 06:18:46Z] âŒ Failed to revoke role ðŸŽª from 234479235551592448 (will retry)
[2026-09-12 06:18:46Z] âŒ Failed to revoke role ðŸŽª from 243191787294949386 (will retry)
[2026-09-12 06:18:47Z] âŒ Failed to revoke role ðŸ¤ from 193880505521930240 (will retry)
[2026-09-12 06:18:47Z] âŒ Failed to revoke role ðŸ¤ from 194245240041897984 (will retry)
[2026-09-12 06:18:47Z] âŒ Failed to revoke role ðŸ¤ from 195284975183069184 (will retry)
[2026-09-12 06:18:47Z] âŒ Failed to revoke role ðŸ¤ from 234479235551592448 (will retry)
[2026-09-12 06:18:47Z] âŒ Failed to revoke role ðŸ¤ from 243191787294949386 (will retry)
[2026-09-12 06:18:47Z] âŒ Failed to revoke role ðŸŽª from 194245240041897984 (will retry)
[2026-09-12 06:18:47Z] âŒ Failed to revoke role ðŸŽª from 333464277794947072 (will retry)
[2026-09-12 06:18:48Z] âŒ Failed to revoke role ðŸ¤ from 333464277794947072 (will retry)
[2026-09-12 06:18:48Z] âŒ Failed to revoke role ðŸƒ from 193880505521930240 (will retry)
[2026-09-12 06:18:48Z] âŒ Failed to revoke role ðŸƒ from 194245240041897984 (will retry)
[2026-09-12 06:18:48Z] âŒ Failed to revoke role ðŸƒ from 195284975183069184 (will retry)
[2026-09-12 06:18:48Z] âŒ Failed to revoke role ðŸƒ from 243191787294949386 (will retry)
[2026-09-12 06:18:48Z] âŒ Failed to revoke role ðŸƒ from 333464277794947072 (will retry)
[2026-09-12 06:19:10Z] âŒ Failed to revoke role ðŸŽ® from 193880505521930240 (will retry)
[2026-09-12 06:19:10Z] âŒ Failed to revoke role ðŸŽ® from 243191787294949386 (will retry)
[2026-09-12 06:19:11Z] âŒ Failed to revoke role ðŸŽ¨ from 193880505521930240 (will retry)
[2026-09-12 06:19:11Z] âŒ Failed to revoke role ðŸŽ¨ from 243191787294949386 (will retry)
[2026-09-12 06:19:11Z] âŒ Failed to revoke role ðŸŽ® from 194245240041897984 (will retry)
[2026-09-12 06:19:11Z] âŒ Failed to revoke role ðŸŽ® from 195284975183069184 (will retry)
[2026-09-12 06:19:11Z] âŒ Failed to revoke role ðŸŽ® from 234479235551592448 (will retry)
[2026-09-12 06:19:11Z] âŒ Failed to revoke role ðŸŽ® from 333464277794947072 (will retry)
[2026-09-12 06:19:12Z] âŒ Failed to revoke role ðŸ² from 195284975183069184 (will retry)
[2026-09-12 06:19:12Z] âŒ Failed to revoke role ðŸ² from 243191787294949386 (will retry)
[2026-09-12 06:19:12Z] âŒ Failed to revoke role ðŸŽ¨ from 195284975183069184 (will retry)
[2026-09-12 06:19:12Z] âŒ Failed to revoke role ðŸŽ¨ from 234479235551592448 (will retry)
[2026-09-12 06:19:12Z] âŒ Failed to revoke role ðŸŽ¨ from 333464277794947072 (will retry)
[2026-09-12 06:19:13Z] âŒ Failed to revoke role ðŸŽµ from 193880505521930240 (will retry)
[2026-09-12 06:19:13Z] âŒ Failed to revoke role ðŸŽµ from 195284975183069184 (will retry)
[2026-09-12 06:19:13Z] âŒ Failed to revoke role ðŸŽµ from 243191787294949386 (will retry)
[2026-09-12 06:19:13Z] âŒ Failed to revoke role ðŸ’» from 193880505521930240 (will retry)
[2026-09-12 06:19:13Z] âŒ Failed to revoke role ðŸ’» from 194245240041897984 (will retry)
[2026-09-12 06:19:13Z] âŒ Failed to revoke role ðŸ’» from 333464277794947072 (will retry)
[2026-09-12 06:19:14Z] âŒ Failed to revoke role ðŸŒ¸ from 193880505521930240 (will retry)
[2026-09-12 06:19:14Z] âŒ Failed to revoke role ðŸŒ¸ from 195284975183069184 (will retry)
[2026-09-12 06:19:14Z] âŒ Failed to revoke role ðŸŒ¸ from 243191787294949386 (will retry)
[2026-09-12 06:19:14Z] âŒ Failed to revoke role ðŸŽ¬ from 195284975183069184 (will retry)
[2026-09-12 06:19:14Z] âŒ Failed to revoke role ðŸŽ¬ from 234479235551592448 (will retry)
[2026-09-12 06:19:14Z] âŒ Failed to revoke role ðŸŽ¬ from 243191787294949386 (will retry)
[2026-09-12 06:19:14Z] âŒ Failed to revoke role ðŸŽ¬ from 333464277794947072 (will retry)
[2026-09-12 06:19:15Z] âŒ Failed to revoke role ðŸŒ¸ from 234479235551592448 (will retry)
[2026-09-12 06:19:16Z] âŒ Failed to revoke role ðŸˆ from 243191787294949386 (will retry)
[2026-09-12 06:19:16Z] âŒ Failed to revoke role ðŸŒ¸ from 194245240041897984 (will retry)
[2026-09-12 06:19:16Z] âŒ Failed to revoke role ðŸŒ¸ from 333464277794947072 (will retry)
[2026-09-12 06:19:17Z] âŒ Failed to revoke role ðŸˆ from 193880505521930240 (will retry)
[2026-09-12 06:19:17Z] âŒ Failed to revoke role ðŸˆ from 195284975183069184 (will retry)
[2026-09-12 06:19:17Z] âŒ Failed to revoke role ðŸˆ from 234479235551592448 (will retry)
[2026-09-12 06:19:17Z] âŒ Failed to revoke role ðŸˆ from 333464277794947072 (will retry)
[2026-09-12 06:19:18Z] âŒ Failed to revoke role ðŸŽª from 193880505521930240 (will retry)
[2026-09-12 06:19:18Z] âŒ Failed to revoke role ðŸŽª from 194245240041897984 (will retry)
[2026-09-12 06:19:18Z] âŒ Failed to revoke role ðŸŽª from 195284975183069184 (will retry)
[2026-09-12 06:19:18Z] âŒ Failed to revoke role ðŸŽª from 234479235551592448 (will retry)
[2026-09-12 06:19:18Z] âŒ Failed to revoke role ðŸŽª from 243191787294949386 (will retry)
[2026-09-12 06:19:18Z] âŒ Failed to revoke role ðŸŽª from 333464277794947072 (will retry)
[2026-09-12 06:19:19Z] âŒ Failed to revoke role ðŸ¤ from 193880505521930240 (will retry)
[2026-09-12 06:19:19Z] âŒ Failed to revoke role ðŸ¤ from 194245240041897984 (will retry)
[2026-09-12 06:19:19Z] âŒ Failed to revoke role ðŸ¤ from 195284975183069184 (will retry)
[2026-09-12 06:19:19Z] âŒ Failed to revoke role ðŸ¤ from 234479235551592448 (will retry)
[2026-09-12 06:19:19Z] âŒ Failed to revoke role ðŸ¤ from 243191787294949386 (will retry)
[2026-09-12 06:19:19Z] âŒ Failed to revoke role ðŸ¤ from 333464277794947072 (will retry)
[2026-09-12 06:19:20Z] âŒ Failed to revoke role ðŸƒ from 193880505521930240 (will retry)
[2026-09-12 06:19:20Z] âŒ Failed to revoke role ðŸƒ from 194245240041897984 (will retry)
[2026-09-12 06:19:20Z] âŒ Failed to revoke role ðŸƒ from 195284975183069184 (will retry)
[2026-09-12 06:19:20Z] âŒ Failed to revoke role ðŸƒ from 243191787294949386 (will retry)
[2026-09-12 06:19:20Z] âŒ Failed to revoke role ðŸƒ from 333464277794947072 (will retry)
[2026-09-12 06:19:40Z] âŒ Failed to revoke role ðŸŽ® from 193880505521930240 (will retry)
[2026-09-12 06:19:40Z] âŒ Failed to revoke role ðŸŽ® from 243191787294949386 (will retry)
[2026-09-12 06:19:41Z] âŒ Failed to revoke role ðŸŽ¨ from 193880505521930240 (will retry)
[2026-09-12 06:19:41Z] âŒ Failed to revoke role ðŸŽ¨ from 243191787294949386 (will retry)
[2026-09-12 06:19:41Z] âŒ Failed to revoke role ðŸŽ® from 194245240041897984 (will retry)
[2026-09-12 06:19:41Z] âŒ Failed to revoke role ðŸŽ® from 195284975183069184 (will retry)
[2026-09-12 06:19:41Z] âŒ Failed to revoke role ðŸŽ® from 234479235551592448 (will retry)
[2026-09-12 06:19:41Z] âŒ Failed to revoke role ðŸŽ® from 333464277794947072 (will retry)
[2026-09-12 06:19:42Z] âŒ Failed to revoke role ðŸ² from 243191787294949386 (will retry)
[2026-09-12 06:19:42Z] âŒ Failed to revoke role ðŸŽ¨ from 195284975183069184 (will retry)
[2026-09-12 06:19:42Z] âŒ Failed to revoke role ðŸŽ¨ from 234479235551592448 (will retry)
[2026-09-12 06:19:42Z] âŒ Failed to revoke role ðŸŽ¨ from 333464277794947072 (will retry)
[2026-09-12 06:19:43Z] âŒ Failed to revoke role ðŸ² from 195284975183069184 (will retry)
[2026-09-12 06:19:43Z] âŒ Failed to revoke role ðŸŽµ from 193880505521930240 (will retry)
[2026-09-12 06:19:43Z] âŒ Failed to revoke role ðŸŽµ from 243191787294949386 (will retry)
[2026-09-12 06:19:43Z] âŒ Failed to revoke role ðŸ’» from 193880505521930240 (will retry)
[2026-09-12 06:19:43Z] âŒ Failed to revoke role ðŸ’» from 194245240041897984 (will retry)
[2026-09-12 06:19:43Z] âŒ Failed to revoke role ðŸ’» from 333464277794947072 (will retry)
[2026-09-12 06:19:44Z] âŒ Failed to revoke role ðŸŽ¬ from 234479235551592448 (will retry)
[2026-09-12 06:19:44Z] âŒ Failed to revoke role ðŸŽ¬ from 243191787294949386 (will retry)
[2026-09-12 06:19:44Z] âŒ Failed to revoke role ðŸŽ¬ from 333464277794947072 (will retry)
[2026-09-12 06:19:44Z] âŒ Failed to revoke role ðŸŽµ from 195284975183069184 (will retry)
[2026-09-12 06:19:46Z] âŒ Failed to revoke role ðŸŒ¸ from 193880505521930240 (will retry)
[2026-09-12 06:19:46Z] âŒ Failed to revoke role ðŸŒ¸ from 195284975183069184 (will retry)
[2026-09-12 06:19:46Z] âŒ Failed to revoke role ðŸŒ¸ from 243191787294949386 (will retry)
[2026-09-12 06:19:46Z] âŒ Failed to revoke role ðŸŽ¬ from 195284975183069184 (will retry)
[2026-09-12 06:19:47Z] âŒ Failed to revoke role ðŸˆ from 243191787294949386 (will retry)
[2026-09-12 06:19:47Z] âŒ Failed to revoke role ðŸŒ¸ from 194245240041897984 (will retry)
[2026-09-12 06:19:47Z] âŒ Failed to revoke role ðŸŒ¸ from 234479235551592448 (will retry)
[2026-09-12 06:19:47Z] âŒ Failed to revoke role ðŸŒ¸ from 333464277794947072 (will retry)
[2026-09-12 06:19:48Z] âŒ Failed to revoke role ðŸˆ from 193880505521930240 (will retry)
[2026-09-12 06:19:48Z] âŒ Failed to revoke role ðŸˆ from 195284975183069184 (will retry)
[2026-09-12 06:19:48Z] âŒ Failed to revoke role ðŸˆ from 234479235551592448 (will retry)
[2026-09-12 06:19:48Z] âŒ Failed to revoke role ðŸˆ from 333464277794947072 (will retry)
[2026-09-12 06:19:48Z] âŒ Failed to revoke role ðŸŽª from 193880505521930240 (will retry)
[2026-09-12 06:19:48Z] âŒ Failed to revoke role ðŸŽª from 243191787294949386 (will retry)
[2026-09-12 06:19:49Z] âŒ Failed to revoke role ðŸ¤ from 193880505521930240 (will retry)
[2026-09-12 06:19:49Z] âŒ Failed to revoke role ðŸ¤ from 195284975183069184 (will retry)
[2026-09-12 06:19:49Z] âŒ Failed to revoke role ðŸ¤ from 243191787294949386 (will retry)
[2026-09-12 06:19:49Z] âŒ Failed to revoke role ðŸŽª from 194245240041897984 (will retry)
[2026-09-12 06:19:49Z] âŒ Failed to revoke role ðŸŽª from 195284975183069184 (will retry)
[2026-09-12 06:19:49Z] âŒ Failed to revoke role ðŸŽª from 234479235551592448 (will retry)
[2026-09-12 06:19:49Z] âŒ Failed to revoke role ðŸŽª from 333464277794947072 (will retry)
[2026-09-12 06:19:50Z] âŒ Failed to revoke role ðŸ¤ from 194245240041897984 (will retry)
[2026-09-12 06:19:50Z] âŒ Failed to revoke role ðŸ¤ from 234479235551592448 (will retry)
[2026-09-12 06:19:50Z] âŒ Failed to revoke role ðŸ¤ from 333464277794947072 (will retry)
[2026-09-12 06:19:50Z] âŒ Failed to revoke role ðŸƒ from 193880505521930240 (will retry)
[2026-09-12 06:19:50Z] âŒ Failed to revoke role ðŸƒ from 195284975183069184 (will retry)
[2026-09-12 06:19:50Z] âŒ Failed to revoke role ðŸƒ from 243191787294949386 (will retry)
[2026-09-12 06:19:51Z] âŒ Failed to revoke role ðŸƒ from 194245240041897984 (will retry)
[2026-09-12 06:19:51Z] âŒ Failed to revoke role ðŸƒ from 333464277794947072 (will retry)
[2026-09-12 06:20:10Z] âŒ Failed to revoke role ðŸŽ® from 193880505521930240 (will retry)
[2026-09-12 06:20:10Z] âŒ Failed to revoke role ðŸŽ® from 243191787294949386 (will retry)
[2026-09-12 06:20:11Z] âŒ Failed to revoke role ðŸŽ¨ from 193880505521930240 (will retry)
[2026-09-12 06:20:11Z] âŒ Failed to revoke role ðŸŽ¨ from 243191787294949386 (will retry)
[2026-09-12 06:20:11Z] âŒ Failed to revoke role ðŸŽ® from 194245240041897984 (will retry)
[2026-09-12 06:20:11Z] âŒ Failed to revoke role ðŸŽ® from 195284975183069184 (will retry)
[2026-09-12 06:20:11Z] âŒ Failed to revoke role ðŸŽ® from 234479235551592448 (will retry)
[2026-09-12 06:20:11Z] âŒ Failed to revoke role ðŸŽ® from 333464277794947072 (will retry)
[2026-09-12 06:20:12Z] âŒ Failed to revoke role ðŸ² from 195284975183069184 (will retry)
[2026-09-12 06:20:12Z] âŒ Failed to revoke role ðŸ² from 243191787294949386 (will retry)
[2026-09-12 06:20:12Z] âŒ Failed to revoke role ðŸŽ¨ from 195284975183069184 (will retry)
[2026-09-12 06:20:12Z] âŒ Failed to revoke role ðŸŽ¨ from 234479235551592448 (will retry)
[2026-09-12 06:20:12Z] âŒ Failed to revoke role ðŸŽ¨ from 333464277794947072 (will retry)
[2026-09-12 06:20:13Z] âŒ Failed to revoke role ðŸ’» from 193880505521930240 (will retry)
[2026-09-12 06:20:13Z] âŒ Failed to revoke role ðŸ’» from 194245240041897984 (will retry)
[2026-09-12 06:20:13Z] âŒ Failed to revoke role ðŸ’» from 333464277794947072 (will retry)
[2026-09-12 06:20:14Z] âŒ Failed to revoke role ðŸŽ¬ from 195284975183069184 (will retry)
[2026-09-12 06:20:14Z] âŒ Failed to revoke role ðŸŽ¬ from 234479235551592448 (will retry)
[2026-09-12 06:20:14Z] âŒ Failed to revoke role ðŸŽ¬ from 243191787294949386 (will retry)
[2026-09-12 06:20:14Z] âŒ Failed to revoke role ðŸŽ¬ from 333464277794947072 (will retry)
[2026-09-12 06:20:14Z] âŒ Failed to revoke role ðŸŽµ from 193880505521930240 (will retry)
[2026-09-12 06:20:14Z] âŒ Failed to revoke role ðŸŽµ from 195284975183069184 (will retry)
[2026-09-12 06:20:14Z] âŒ Failed to revoke role ðŸŽµ from 243191787294949386 (will retry)
[2026-09-12 06:20:15Z] âŒ Failed to revoke role ðŸŒ¸ from 193880505521930240 (will retry)
[2026-09-12 06:20:15Z] âŒ Failed to revoke role ðŸŒ¸ from 194245240041897984 (will retry)
[2026-09-12 06:20:15Z] âŒ Failed to revoke role ðŸŒ¸ from 195284975183069184 (will retry)
[2026-09-12 06:20:15Z] âŒ Failed to revoke role ðŸŒ¸ from 234479235551592448 (will retry)
[2026-09-12 06:20:15Z] âŒ Failed to revoke role ðŸŒ¸ from 243191787294949386 (will retry)
[2026-09-12 06:20:15Z] âŒ Failed to revoke role ðŸŒ¸ from 333464277794947072 (will retry)
[2026-09-12 06:20:16Z] âŒ Failed to revoke role ðŸˆ from 193880505521930240 (will retry)
[2026-09-12 06:20:16Z] âŒ Failed to revoke role ðŸˆ from 195284975183069184 (will retry)
[2026-09-12 06:20:16Z] âŒ Failed to revoke role ðŸˆ from 234479235551592448 (will retry)
[2026-09-12 06:20:16Z] âŒ Failed to revoke role ðŸˆ from 243191787294949386 (will retry)
[2026-09-12 06:20:16Z] âŒ Failed to revoke role ðŸˆ from 333464277794947072 (will retry)
[2026-09-12 06:20:17Z] âŒ Failed to revoke role ðŸŽª from 193880505521930240 (will retry)
[2026-09-12 06:20:17Z] âŒ Failed to revoke role ðŸŽª from 194245240041897984 (will retry)
[2026-09-12 06:20:17Z] âŒ Failed to revoke role ðŸŽª from 195284975183069184 (will retry)
[2026-09-12 06:20:17Z] âŒ Failed to revoke role ðŸŽª from 234479235551592448 (will retry)
[2026-09-12 06:20:17Z] âŒ Failed to revoke role ðŸŽª from 243191787294949386 (will retry)
[2026-09-12 06:20:17Z] âŒ Failed to revoke role ðŸŽª from 333464277794947072 (will retry)
[2026-09-12 06:20:18Z] âŒ Failed to revoke role ðŸ¤ from 193880505521930240 (will retry)
[2026-09-12 06:20:18Z] âŒ Failed to revoke role ðŸ¤ from 194245240041897984 (will retry)
[2026-09-12 06:20:18Z] âŒ Failed to revoke role ðŸ¤ from 195284975183069184 (will retry)
[2026-09-12 06:20:18Z] âŒ Failed to revoke role ðŸ¤ from 234479235551592448 (will retry)
[2026-09-12 06:20:18Z] âŒ Failed to revoke role ðŸ¤ from 243191787294949386 (will retry)
[2026-09-12 06:20:18Z] âŒ Failed to revoke role ðŸ¤ from 333464277794947072 (will retry)
[2026-09-12 06:20:19Z] âŒ Failed to revoke role ðŸƒ from 193880505521930240 (will retry)
[2026-09-12 06:20:19Z] âŒ Failed to revoke role ðŸƒ from 194245240041897984 (will retry)
[2026-09-12 06:20:19Z] âŒ Failed to revoke role ðŸƒ from 195284975183069184 (will retry)
[2026-09-12 06:20:19Z] âŒ Failed to revoke role ðŸƒ from 243191787294949386 (will retry)
[2026-09-12 06:20:19Z] âŒ Failed to revoke role ðŸƒ from 333464277794947072 (will retry)
[2026-09-12 06:20:40Z] âŒ Failed to revoke role ðŸŽ® from 193880505521930240 (will retry)
[2026-09-12 06:20:40Z] âŒ Failed to revoke role ðŸŽ® from 243191787294949386 (will retry)
[2026-09-12 06:20:41Z] âŒ Failed to revoke role ðŸŽ¨ from 193880505521930240 (will retry)
[2026-09-12 06:20:41Z] âŒ Failed to revoke role ðŸŽ¨ from 243191787294949386 (will retry)
[2026-09-12 06:20:41Z] âŒ Failed to revoke role ðŸŽ® from 194245240041897984 (will retry)
[2026-09-12 06:20:41Z] âŒ Failed to revoke role ðŸŽ® from 195284975183069184 (will retry)
[2026-09-12 06:20:41Z] âŒ Failed to revoke role ðŸŽ® from 234479235551592448 (will retry)
[2026-09-12 06:20:41Z] âŒ Failed to revoke role ðŸŽ® from 333464277794947072 (will retry)
[2026-09-12 06:20:42Z] âŒ Failed to revoke role ðŸ² from 195284975183069184 (will retry)
[2026-09-12 06:20:42Z] âŒ Failed to revoke role ðŸ² from 243191787294949386 (will retry)
[2026-09-12 06:20:42Z] âŒ Failed to revoke role ðŸŽ¨ from 195284975183069184 (will retry)
[2026-09-12 06:20:42Z] âŒ Failed to revoke role ðŸŽ¨ from 234479235551592448 (will retry)
[2026-09-12 06:20:42Z] âŒ Failed to revoke role ðŸŽ¨ from 333464277794947072 (will retry)
[2026-09-12 06:20:42Z] âŒ Failed to revoke role ðŸ’» from 194245240041897984 (will retry)
[2026-09-12 06:20:43Z] âŒ Failed to revoke role ðŸŽµ from 193880505521930240 (will retry)
[2026-09-12 06:20:43Z] âŒ Failed to revoke role ðŸŽµ from 195284975183069184 (will retry)
[2026-09-12 06:20:43Z] âŒ Failed to revoke role ðŸŽµ from 243191787294949386 (will retry)
[2026-09-12 06:20:43Z] âŒ Failed to revoke role ðŸ’» from 193880505521930240 (will retry)
[2026-09-12 06:20:43Z] âŒ Failed to revoke role ðŸ’» from 333464277794947072 (will retry)
[2026-09-12 06:20:44Z] âŒ Failed to revoke role ðŸŒ¸ from 193880505521930240 (will retry)
[2026-09-12 06:20:44Z] âŒ Failed to revoke role ðŸŒ¸ from 243191787294949386 (will retry)
[2026-09-12 06:20:44Z] âŒ Failed to revoke role ðŸŽ¬ from 195284975183069184 (will retry)
[2026-09-12 06:20:44Z] âŒ Failed to revoke role ðŸŽ¬ from 234479235551592448 (will retry)
[2026-09-12 06:20:44Z] âŒ Failed to revoke role ðŸŽ¬ from 243191787294949386 (will retry)
[2026-09-12 06:20:44Z] âŒ Failed to revoke role ðŸŽ¬ from 333464277794947072 (will retry)
[2026-09-12 06:20:45Z] âŒ Failed to revoke role ðŸˆ from 193880505521930240 (will retry)
[2026-09-12 06:20:45Z] âŒ Failed to revoke role ðŸˆ from 195284975183069184 (will retry)
[2026-09-12 06:20:45Z] âŒ Failed to revoke role ðŸˆ from 243191787294949386 (will retry)
[2026-09-12 06:20:45Z] âŒ Failed to revoke role ðŸŒ¸ from 194245240041897984 (will retry)
[2026-09-12 06:20:45Z] âŒ Failed to revoke role ðŸŒ¸ from 195284975183069184 (will retry)
[2026-09-12 06:20:45Z] âŒ Failed to revoke role ðŸŒ¸ from 234479235551592448 (will retry)
[2026-09-12 06:20:45Z] âŒ Failed to revoke role ðŸŒ¸ from 333464277794947072 (will retry)
[2026-09-12 06:20:46Z] âŒ Failed to revoke role ðŸˆ from 234479235551592448 (will retry)
[2026-09-12 06:20:46Z] âŒ Failed to revoke role ðŸˆ from 333464277794947072 (will retry)
[2026-09-12 06:20:46Z] âŒ Failed to revoke role ðŸŽª from 193880505521930240 (will retry)
[2026-09-12 06:20:46Z] âŒ Failed to revoke role ðŸŽª from 195284975183069184 (will retry)
[2026-09-12 06:20:46Z] âŒ Failed to revoke role ðŸŽª from 234479235551592448 (will retry)
[2026-09-12 06:20:46Z] âŒ Failed to revoke role ðŸŽª from 243191787294949386 (will retry)
[2026-09-12 06:20:47Z] âŒ Failed to revoke role ðŸ¤ from 193880505521930240 (will retry)
[2026-09-12 06:20:47Z] âŒ Failed to revoke role ðŸ¤ from 194245240041897984 (will retry)
[2026-09-12 06:20:47Z] âŒ Failed to revoke role ðŸ¤ from 195284975183069184 (will retry)
[2026-09-12 06:20:47Z] âŒ Failed to revoke role ðŸ¤ from 234479235551592448 (will retry)
[2026-09-12 06:20:47Z] âŒ Failed to revoke role ðŸ¤ from 243191787294949386 (will retry)
[2026-09-12 06:20:47Z] âŒ Failed to revoke role ðŸŽª from 194245240041897984 (will retry)
[2026-09-12 06:20:47Z] âŒ Failed to revoke role ðŸŽª from 333464277794947072 (will retry)
[2026-09-12 06:20:48Z] âŒ Failed to revoke role ðŸ¤ from 333464277794947072 (will retry)
[2026-09-12 06:20:48Z] âŒ Failed to revoke role ðŸƒ from 193880505521930240 (will retry)
[2026-09-12 06:20:48Z] âŒ Failed to revoke role ðŸƒ from 194245240041897984 (will retry)
[2026-09-12 06:20:48Z] âŒ Failed to revoke role ðŸƒ from 195284975183069184 (will retry)
[2026-09-12 06:20:48Z] âŒ Failed to revoke role ðŸƒ from 243191787294949386 (will retry)
[2026-09-12 06:20:48Z] âŒ Failed to revoke role ðŸƒ from 333464277794947072 (will retry)
[2026-09-12 06:21:10Z] âŒ Failed to revoke role ðŸŽ® from 193880505521930240 (will retry)
[2026-09-12 06:21:10Z] âŒ Failed to revoke role ðŸŽ® from 243191787294949386 (will retry)
[2026-09-12 06:21:11Z] âŒ Failed to revoke role ðŸŽ¨ from 193880505521930240 (will retry)
[2026-09-12 06:21:11Z] âŒ Failed to revoke role ðŸŽ¨ from 243191787294949386 (will retry)
[2026-09-12 06:21:11Z] âŒ Failed to revoke role ðŸŽ® from 194245240041897984 (will retry)
[2026-09-12 06:21:11Z] âŒ Failed to revoke role ðŸŽ® from 195284975183069184 (will retry)
[2026-09-12 06:21:11Z] âŒ Failed to revoke role ðŸŽ® from 234479235551592448 (will retry)
[2026-09-12 06:21:11Z] âŒ Failed to revoke role ðŸŽ® from 333464277794947072 (will retry)
[2026-09-12 06:21:12Z] âŒ Failed to revoke role ðŸ² from 195284975183069184 (will retry)
[2026-09-12 06:21:12Z] âŒ Failed to revoke role ðŸ² from 243191787294949386 (will retry)
[2026-09-12 06:21:12Z] âŒ Failed to revoke role ðŸŽ¨ from 195284975183069184 (will retry)
[2026-09-12 06:21:12Z] âŒ Failed to revoke role ðŸŽ¨ from 234479235551592448 (will retry)
[2026-09-12 06:21:12Z] âŒ Failed to revoke role ðŸŽ¨ from 333464277794947072 (will retry)
[2026-09-12 06:21:13Z] âŒ Failed to revoke role ðŸŽµ from 193880505521930240 (will retry)
[2026-09-12 06:21:13Z] âŒ Failed to revoke role ðŸŽµ from 195284975183069184 (will retry)
[2026-09-12 06:21:13Z] âŒ Failed to revoke role ðŸŽµ from 243191787294949386 (will retry)
[2026-09-12 06:21:13Z] âŒ Failed to revoke role ðŸ’» from 193880505521930240 (will retry)
[2026-09-12 06:21:13Z] âŒ Failed to revoke role ðŸ’» from 194245240041897984 (will retry)
[2026-09-12 06:21:13Z] âŒ Failed to revoke role ðŸ’» from 333464277794947072 (will retry)
[2026-09-12 06:21:14Z] âŒ Failed to revoke role ðŸŒ¸ from 193880505521930240 (will retry)
[2026-09-12 06:21:14Z] âŒ Failed to revoke role ðŸŒ¸ from 195284975183069184 (will retry)
[2026-09-12 06:21:14Z] âŒ Failed to revoke role ðŸŒ¸ from 243191787294949386 (will retry)
[2026-09-12 06:21:14Z] âŒ Failed to revoke role ðŸŽ¬ from 195284975183069184 (will retry)
[2026-09-12 06:21:14Z] âŒ Failed to revoke role ðŸŽ¬ from 234479235551592448 (will retry)
[2026-09-12 06:21:14Z] âŒ Failed to revoke role ðŸŽ¬ from 243191787294949386 (will retry)
[2026-09-12 06:21:14Z] âŒ Failed to revoke role ðŸŽ¬ from 333464277794947072 (will retry)
[2026-09-12 06:21:15Z] âŒ Failed to revoke role ðŸˆ from 193880505521930240 (will retry)
[2026-09-12 06:21:15Z] âŒ Failed to revoke role ðŸˆ from 195284975183069184 (will retry)
[2026-09-12 06:21:15Z] âŒ Failed to revoke role ðŸˆ from 243191787294949386 (will retry)
[2026-09-12 06:21:15Z] âŒ Failed to revoke role ðŸŒ¸ from 194245240041897984 (will retry)
[2026-09-12 06:21:15Z] âŒ Failed to revoke role ðŸŒ¸ from 234479235551592448 (will retry)
[2026-09-12 06:21:15Z] âŒ Failed to revoke role ðŸŒ¸ from 333464277794947072 (will retry)
[2026-09-12 06:21:16Z] âŒ Failed to revoke role ðŸˆ from 234479235551592448 (will retry)
[2026-09-12 06:21:16Z] âŒ Failed to revoke role ðŸˆ from 333464277794947072 (will retry)
[2026-09-12 06:21:16Z] âŒ Failed to revoke role ðŸŽª from 193880505521930240 (will retry)
[2026-09-12 06:21:16Z] âŒ Failed to revoke role ðŸŽª from 194245240041897984 (will retry)
[2026-09-12 06:21:16Z] âŒ Failed to revoke role ðŸŽª from 195284975183069184 (will retry)
[2026-09-12 06:21:16Z] âŒ Failed to revoke role ðŸŽª from 234479235551592448 (will retry)
[2026-09-12 06:21:16Z] âŒ Failed to revoke role ðŸŽª from 243191787294949386 (will retry)
[2026-09-12 06:21:17Z] âŒ Failed to revoke role ðŸ¤ from 193880505521930240 (will retry)
[2026-09-12 06:21:17Z] âŒ Failed to revoke role ðŸ¤ from 194245240041897984 (will retry)
[2026-09-12 06:21:17Z] âŒ Failed to revoke role ðŸ¤ from 195284975183069184 (will retry)
[2026-09-12 06:21:17Z] âŒ Failed to revoke role ðŸ¤ from 234479235551592448 (will retry)
[2026-09-12 06:21:17Z] âŒ Failed to revoke role ðŸ¤ from 243191787294949386 (will retry)
[2026-09-12 06:21:17Z] âŒ Failed to revoke role ðŸŽª from 333464277794947072 (will retry)
[2026-09-12 06:21:18Z] âŒ Failed to revoke role ðŸ¤ from 333464277794947072 (will retry)
[2026-09-12 06:21:18Z] âŒ Failed to revoke role ðŸƒ from 193880505521930240 (will retry)
[2026-09-12 06:21:18Z] âŒ Failed to revoke role ðŸƒ from 194245240041897984 (will retry)
[2026-09-12 06:21:18Z] âŒ Failed to revoke role ðŸƒ from 195284975183069184 (will retry)
[2026-09-12 06:21:18Z] âŒ Failed to revoke role ðŸƒ from 243191787294949386 (will retry)
[2026-09-12 06:21:18Z] âŒ Failed to revoke role ðŸƒ from 333464277794947072 (will retry)
[2026-09-12 06:21:40Z] âŒ Failed to revoke role ðŸŽ® from 193880505521930240 (will retry)
[2026-09-12 06:21:40Z] âŒ Failed to revoke role ðŸŽ® from 243191787294949386 (will retry)
[2026-09-12 06:21:41Z] âŒ Failed to revoke role ðŸŽ® from 194245240041897984 (will retry)
[2026-09-12 06:21:41Z] âŒ Failed to revoke role ðŸŽ® from 195284975183069184 (will retry)
[2026-09-12 06:21:41Z] âŒ Failed to revoke role ðŸŽ® from 234479235551592448 (will retry)
[2026-09-12 06:21:42Z] âŒ Failed to revoke role ðŸŽ¨ from 193880505521930240 (will retry)
[2026-09-12 06:21:42Z] âŒ Failed to revoke role ðŸŽ¨ from 195284975183069184 (will retry)
[2026-09-12 06:21:42Z] âŒ Failed to revoke role ðŸŽ¨ from 234479235551592448 (will retry)
[2026-09-12 06:21:42Z] âŒ Failed to revoke role ðŸŽ¨ from 243191787294949386 (will retry)
[2026-09-12 06:21:42Z] âŒ Failed to revoke role ðŸŽ¨ from 333464277794947072 (will retry)
[2026-09-12 06:21:42Z] âŒ Failed to revoke role ðŸŽ® from 333464277794947072 (will retry)
[2026-09-12 06:21:43Z] âŒ Failed to revoke role ðŸ² from 195284975183069184 (will retry)
[2026-09-12 06:21:43Z] âŒ Failed to revoke role ðŸ² from 243191787294949386 (will retry)
[2026-09-12 06:21:43Z] âŒ Failed to revoke role ðŸ’» from 193880505521930240 (will retry)
[2026-09-12 06:21:43Z] âŒ Failed to revoke role ðŸ’» from 194245240041897984 (will retry)
[2026-09-12 06:21:43Z] âŒ Failed to revoke role ðŸ’» from 333464277794947072 (will retry)
[2026-09-12 06:21:44Z] âŒ Failed to revoke role ðŸŽ¬ from 195284975183069184 (will retry)
[2026-09-12 06:21:44Z] âŒ Failed to revoke role ðŸŽ¬ from 234479235551592448 (will retry)
[2026-09-12 06:21:44Z] âŒ Failed to revoke role ðŸŽ¬ from 243191787294949386 (will retry)
[2026-09-12 06:21:44Z] âŒ Failed to revoke role ðŸŽ¬ from 333464277794947072 (will retry)
[2026-09-12 06:21:44Z] âŒ Failed to revoke role ðŸŽµ from 193880505521930240 (will retry)
[2026-09-12 06:21:44Z] âŒ Failed to revoke role ðŸŽµ from 195284975183069184 (will retry)
[2026-09-12 06:21:44Z] âŒ Failed to revoke role ðŸŽµ from 243191787294949386 (will retry)
[2026-09-12 06:21:45Z] âŒ Failed to revoke role ðŸŒ¸ from 193880505521930240 (will retry)
[2026-09-12 06:21:45Z] âŒ Failed to revoke role ðŸŒ¸ from 194245240041897984 (will retry)
[2026-09-12 06:21:45Z] âŒ Failed to revoke role ðŸŒ¸ from 195284975183069184 (will retry)
[2026-09-12 06:21:45Z] âŒ Failed to revoke role ðŸŒ¸ from 234479235551592448 (will retry)
[2026-09-12 06:21:45Z] âŒ Failed to revoke role ðŸŒ¸ from 243191787294949386 (will retry)
[2026-09-12 06:21:45Z] âŒ Failed to revoke role ðŸŒ¸ from 333464277794947072 (will retry)
[2026-09-12 06:21:46Z] âŒ Failed to revoke role ðŸˆ from 193880505521930240 (will retry)
[2026-09-12 06:21:46Z] âŒ Failed to revoke role ðŸˆ from 195284975183069184 (will retry)
[2026-09-12 06:21:46Z] âŒ Failed to revoke role ðŸˆ from 234479235551592448 (will retry)
[2026-09-12 06:21:46Z] âŒ Failed to revoke role ðŸˆ from 243191787294949386 (will retry)
[2026-09-12 06:21:46Z] âŒ Failed to revoke role ðŸˆ from 333464277794947072 (will retry)
[2026-09-12 06:21:46Z] âŒ Failed to revoke role ðŸŽª from 243191787294949386 (will retry)
[2026-09-12 06:21:47Z] âŒ Failed to revoke role ðŸ¤ from 243191787294949386 (will retry)
[2026-09-12 06:21:47Z] âŒ Failed to revoke role ðŸŽª from 193880505521930240 (will retry)
[2026-09-12 06:21:47Z] âŒ Failed to revoke role ðŸŽª from 194245240041897984 (will retry)
[2026-09-12 06:21:47Z] âŒ Failed to revoke role ðŸŽª from 195284975183069184 (will retry)
[2026-09-12 06:21:47Z] âŒ Failed to revoke role ðŸŽª from 234479235551592448 (will retry)
[2026-09-12 06:21:47Z] âŒ Failed to revoke role ðŸŽª from 333464277794947072 (will retry)
[2026-09-12 06:21:48Z] âŒ Failed to revoke role ðŸ¤ from 193880505521930240 (will retry)
[2026-09-12 06:21:48Z] âŒ Failed to revoke role ðŸ¤ from 194245240041897984 (will retry)
[2026-09-12 06:21:48Z] âŒ Failed to revoke role ðŸ¤ from 195284975183069184 (will retry)
[2026-09-12 06:21:48Z] âŒ Failed to revoke role ðŸ¤ from 234479235551592448 (will retry)
[2026-09-12 06:21:48Z] âŒ Failed to revoke role ðŸ¤ from 333464277794947072 (will retry)
[2026-09-12 06:21:48Z] âŒ Failed to revoke role ðŸƒ from 193880505521930240 (will retry)
[2026-09-12 06:21:48Z] âŒ Failed to revoke role ðŸƒ from 243191787294949386 (will retry)
[2026-09-12 06:21:49Z] âŒ Failed to revoke role ðŸƒ from 194245240041897984 (will retry)
[2026-09-12 06:21:49Z] âŒ Failed to revoke role ðŸƒ from 195284975183069184 (will retry)
[2026-09-12 06:21:49Z] âŒ Failed to revoke role ðŸƒ from 333464277794947072 (will retry)
[2026-09-12 06:22:10Z] âŒ Failed to revoke role ðŸŽ® from 193880505521930240 (will retry)
[2026-09-12 06:22:10Z] âŒ Failed to revoke role ðŸŽ® from 243191787294949386 (will retry)
[2026-09-12 06:22:11Z] âŒ Failed to revoke role ðŸŽ¨ from 193880505521930240 (will retry)
[2026-09-12 06:22:11Z] âŒ Failed to revoke role ðŸŽ¨ from 243191787294949386 (will retry)
[2026-09-12 06:22:11Z] âŒ Failed to revoke role ðŸŽ® from 194245240041897984 (will retry)
[2026-09-12 06:22:11Z] âŒ Failed to revoke role ðŸŽ® from 195284975183069184 (will retry)
[2026-09-12 06:22:11Z] âŒ Failed to revoke role ðŸŽ® from 234479235551592448 (will retry)
[2026-09-12 06:22:11Z] âŒ Failed to revoke role ðŸŽ® from 333464277794947072 (will retry)
[2026-09-12 06:22:12Z] âŒ Failed to revoke role ðŸ² from 195284975183069184 (will retry)
[2026-09-12 06:22:12Z] âŒ Failed to revoke role ðŸ² from 243191787294949386 (will retry)
[2026-09-12 06:22:12Z] âŒ Failed to revoke role ðŸŽ¨ from 195284975183069184 (will retry)
[2026-09-12 06:22:12Z] âŒ Failed to revoke role ðŸŽ¨ from 234479235551592448 (will retry)
[2026-09-12 06:22:12Z] âŒ Failed to revoke role ðŸŽ¨ from 333464277794947072 (will retry)
[2026-09-12 06:22:13Z] âŒ Failed to revoke role ðŸ’» from 193880505521930240 (will retry)
[2026-09-12 06:22:13Z] âŒ Failed to revoke role ðŸ’» from 194245240041897984 (will retry)
[2026-09-12 06:22:14Z] âŒ Failed to revoke role ðŸŽ¬ from 234479235551592448 (will retry)
[2026-09-12 06:22:14Z] âŒ Failed to revoke role ðŸŽµ from 193880505521930240 (will retry)
[2026-09-12 06:22:14Z] âŒ Failed to revoke role ðŸŽµ from 195284975183069184 (will retry)
[2026-09-12 06:22:14Z] âŒ Failed to revoke role ðŸŽµ from 243191787294949386 (will retry)
[2026-09-12 06:22:14Z] âŒ Failed to revoke role ðŸ’» from 333464277794947072 (will retry)
[2026-09-12 06:22:15Z] âŒ Failed to revoke role ðŸŒ¸ from 193880505521930240 (will retry)
[2026-09-12 06:22:15Z] âŒ Failed to revoke role ðŸŒ¸ from 195284975183069184 (will retry)
[2026-09-12 06:22:15Z] âŒ Failed to revoke role ðŸŒ¸ from 234479235551592448 (will retry)
[2026-09-12 06:22:15Z] âŒ Failed to revoke role ðŸŒ¸ from 243191787294949386 (will retry)
[2026-09-12 06:22:15Z] âŒ Failed to revoke role ðŸŽ¬ from 195284975183069184 (will retry)
[2026-09-12 06:22:15Z] âŒ Failed to revoke role ðŸŽ¬ from 243191787294949386 (will retry)
[2026-09-12 06:22:15Z] âŒ Failed to revoke role ðŸŽ¬ from 333464277794947072 (will retry)
[2026-09-12 06:22:16Z] âŒ Failed to revoke role ðŸˆ from 193880505521930240 (will retry)
[2026-09-12 06:22:16Z] âŒ Failed to revoke role ðŸˆ from 195284975183069184 (will retry)
[2026-09-12 06:22:16Z] âŒ Failed to revoke role ðŸˆ from 234479235551592448 (will retry)
[2026-09-12 06:22:16Z] âŒ Failed to revoke role ðŸˆ from 243191787294949386 (will retry)
[2026-09-12 06:22:16Z] âŒ Failed to revoke role ðŸˆ from 333464277794947072 (will retry)
[2026-09-12 06:22:16Z] âŒ Failed to revoke role ðŸŒ¸ from 194245240041897984 (will retry)
[2026-09-12 06:22:16Z] âŒ Failed to revoke role ðŸŒ¸ from 333464277794947072 (will retry)
[2026-09-12 06:22:17Z] âŒ Failed to revoke role ðŸŽª from 193880505521930240 (will retry)
[2026-09-12 06:22:17Z] âŒ Failed to revoke role ðŸŽª from 194245240041897984 (will retry)
[2026-09-12 06:22:17Z] âŒ Failed to revoke role ðŸŽª from 195284975183069184 (will retry)
[2026-09-12 06:22:17Z] âŒ Failed to revoke role ðŸŽª from 234479235551592448 (will retry)
[2026-09-12 06:22:17Z] âŒ Failed to revoke role ðŸŽª from 243191787294949386 (will retry)
[2026-09-12 06:22:17Z] âŒ Failed to revoke role ðŸŽª from 333464277794947072 (will retry)
[2026-09-12 06:22:18Z] âŒ Failed to revoke role ðŸ¤ from 193880505521930240 (will retry)
[2026-09-12 06:22:18Z] âŒ Failed to revoke role ðŸ¤ from 194245240041897984 (will retry)
[2026-09-12 06:22:18Z] âŒ Failed to revoke role ðŸ¤ from 195284975183069184 (will retry)
[2026-09-12 06:22:18Z] âŒ Failed to revoke role ðŸ¤ from 234479235551592448 (will retry)
[2026-09-12 06:22:18Z] âŒ Failed to revoke role ðŸ¤ from 243191787294949386 (will retry)
[2026-09-12 06:22:18Z] âŒ Failed to revoke role ðŸ¤ from 333464277794947072 (will retry)
[2026-09-12 06:22:19Z] âŒ Failed to revoke role ðŸƒ from 193880505521930240 (will retry)
[2026-09-12 06:22:19Z] âŒ Failed to revoke role ðŸƒ from 194245240041897984 (will retry)
[2026-09-12 06:22:19Z] âŒ Failed to revoke role ðŸƒ from 195284975183069184 (will retry)
[2026-09-12 06:22:19Z] âŒ Failed to revoke role ðŸƒ from 243191787294949386 (will retry)
[2026-09-12 06:22:19Z] âŒ Failed to revoke role ðŸƒ from 333464277794947072 (will retry)
[2026-09-12 06:22:40Z] âŒ Failed to revoke role ðŸŽ® from 193880505521930240 (will retry)
[2026-09-12 06:22:40Z] âŒ Failed to revoke role ðŸŽ® from 243191787294949386 (will retry)
[2026-09-12 06:22:41Z] âŒ Failed to revoke role ðŸŽ¨ from 193880505521930240 (will retry)
[2026-09-12 06:22:41Z] âŒ Failed to revoke role ðŸŽ¨ from 243191787294949386 (will retry)
[2026-09-12 06:22:41Z] âŒ Failed to revoke role ðŸŽ® from 194245240041897984 (will retry)
[2026-09-12 06:22:41Z] âŒ Failed to revoke role ðŸŽ® from 195284975183069184 (will retry)
[2026-09-12 06:22:41Z] âŒ Failed to revoke role ðŸŽ® from 234479235551592448 (will retry)
[2026-09-12 06:22:41Z] âŒ Failed to revoke role ðŸŽ® from 333464277794947072 (will retry)
[2026-09-12 06:22:42Z] âŒ Failed to revoke role ðŸ² from 195284975183069184 (will retry)
[2026-09-12 06:22:42Z] âŒ Failed to revoke role ðŸ² from 243191787294949386 (will retry)
[2026-09-12 06:22:42Z] âŒ Failed to revoke role ðŸŽ¨ from 195284975183069184 (will retry)
[2026-09-12 06:22:42Z] âŒ Failed to revoke role ðŸŽ¨ from 234479235551592448 (will retry)
[2026-09-12 06:22:42Z] âŒ Failed to revoke role ðŸŽ¨ from 333464277794947072 (will retry)
[2026-09-12 06:22:42Z] âŒ Failed to revoke role ðŸ’» from 194245240041897984 (will retry)
[2026-09-12 06:22:43Z] âŒ Failed to revoke role ðŸŽµ from 193880505521930240 (will retry)
[2026-09-12 06:22:43Z] âŒ Failed to revoke role ðŸŽµ from 195284975183069184 (will retry)
[2026-09-12 06:22:43Z] âŒ Failed to revoke role ðŸŽµ from 243191787294949386 (will retry)
[2026-09-12 06:22:43Z] âŒ Failed to revoke role ðŸ’» from 193880505521930240 (will retry)
[2026-09-12 06:22:43Z] âŒ Failed to revoke role ðŸ’» from 333464277794947072 (will retry)
[2026-09-12 06:22:44Z] âŒ Failed to revoke role ðŸŒ¸ from 193880505521930240 (will retry)
[2026-09-12 06:22:44Z] âŒ Failed to revoke role ðŸŒ¸ from 243191787294949386 (will retry)
[2026-09-12 06:22:44Z] âŒ Failed to revoke role ðŸŽ¬ from 195284975183069184 (will retry)
[2026-09-12 06:22:44Z] âŒ Failed to revoke role ðŸŽ¬ from 234479235551592448 (will retry)
[2026-09-12 06:22:44Z] âŒ Failed to revoke role ðŸŽ¬ from 243191787294949386 (will retry)
[2026-09-12 06:22:44Z] âŒ Failed to revoke role ðŸŽ¬ from 333464277794947072 (will retry)
[2026-09-12 06:22:45Z] âŒ Failed to revoke role ðŸŒ¸ from 194245240041897984 (will retry)
[2026-09-12 06:22:45Z] âŒ Failed to revoke role ðŸŒ¸ from 195284975183069184 (will retry)
[2026-09-12 06:22:45Z] âŒ Failed to revoke role ðŸŒ¸ from 234479235551592448 (will retry)
[2026-09-12 06:22:45Z] âŒ Failed to revoke role ðŸŒ¸ from 333464277794947072 (will retry)
[2026-09-12 06:22:46Z] âŒ Failed to revoke role ðŸˆ from 193880505521930240 (will retry)
[2026-09-12 06:22:46Z] âŒ Failed to revoke role ðŸˆ from 195284975183069184 (will retry)
[2026-09-12 06:22:46Z] âŒ Failed to revoke role ðŸˆ from 234479235551592448 (will retry)
[2026-09-12 06:22:46Z] âŒ Failed to revoke role ðŸˆ from 243191787294949386 (will retry)
[2026-09-12 06:22:46Z] âŒ Failed to revoke role ðŸˆ from 333464277794947072 (will retry)
[2026-09-12 06:22:46Z] âŒ Failed to revoke role ðŸŽª from 243191787294949386 (will retry)
[2026-09-12 06:22:47Z] âŒ Failed to revoke role ðŸ¤ from 243191787294949386 (will retry)
[2026-09-12 06:22:47Z] âŒ Failed to revoke role ðŸŽª from 193880505521930240 (will retry)
[2026-09-12 06:22:47Z] âŒ Failed to revoke role ðŸŽª from 194245240041897984 (will retry)
[2026-09-12 06:22:47Z] âŒ Failed to revoke role ðŸŽª from 195284975183069184 (will retry)
[2026-09-12 06:22:47Z] âŒ Failed to revoke role ðŸŽª from 234479235551592448 (will retry)
[2026-09-12 06:22:47Z] âŒ Failed to revoke role ðŸŽª from 333464277794947072 (will retry)
[2026-09-12 06:22:48Z] âŒ Failed to revoke role ðŸ¤ from 193880505521930240 (will retry)
[2026-09-12 06:22:48Z] âŒ Failed to revoke role ðŸ¤ from 194245240041897984 (will retry)
[2026-09-12 06:22:48Z] âŒ Failed to revoke role ðŸ¤ from 195284975183069184 (will retry)
[2026-09-12 06:22:48Z] âŒ Failed to revoke role ðŸ¤ from 234479235551592448 (will retry)
[2026-09-12 06:22:48Z] âŒ Failed to revoke role ðŸ¤ from 333464277794947072 (will retry)
[2026-09-12 06:22:48Z] âŒ Failed to revoke role ðŸƒ from 243191787294949386 (will retry)
[2026-09-12 06:22:49Z] âŒ Failed to revoke role ðŸƒ from 193880505521930240 (will retry)
[2026-09-12 06:22:49Z] âŒ Failed to revoke role ðŸƒ from 194245240041897984 (will retry)
[2026-09-12 06:22:49Z] âŒ Failed to revoke role ðŸƒ from 195284975183069184 (will retry)
[2026-09-12 06:22:49Z] âŒ Failed to revoke role ðŸƒ from 333464277794947072 (will retry)
[2026-09-12 06:23:10Z] âŒ Failed to revoke role ðŸŽ® from 193880505521930240 (will retry)
[2026-09-12 06:23:10Z] âŒ Failed to revoke role ðŸŽ® from 243191787294949386 (will retry)
[2026-09-12 06:23:11Z] âŒ Failed to revoke role ðŸŽ¨ from 193880505521930240 (will retry)
[2026-09-12 06:23:11Z] âŒ Failed to revoke role ðŸŽ¨ from 195284975183069184 (will retry)
[2026-09-12 06:23:11Z] âŒ Failed to revoke role ðŸŽ¨ from 243191787294949386 (will retry)
[2026-09-12 06:23:11Z] âŒ Failed to revoke role ðŸŽ® from 194245240041897984 (will retry)
[2026-09-12 06:23:11Z] âŒ Failed to revoke role ðŸŽ® from 195284975183069184 (will retry)
[2026-09-12 06:23:11Z] âŒ Failed to revoke role ðŸŽ® from 234479235551592448 (will retry)
[2026-09-12 06:23:11Z] âŒ Failed to revoke role ðŸŽ® from 333464277794947072 (will retry)
[2026-09-12 06:23:12Z] âŒ Failed to revoke role ðŸ² from 195284975183069184 (will retry)
[2026-09-12 06:23:12Z] âŒ Failed to revoke role ðŸ² from 243191787294949386 (will retry)
[2026-09-12 06:23:12Z] âŒ Failed to revoke role ðŸŽ¨ from 234479235551592448 (will retry)
[2026-09-12 06:23:12Z] âŒ Failed to revoke role ðŸŽ¨ from 333464277794947072 (will retry)
[2026-09-12 06:23:12Z] âŒ Failed to revoke role ðŸ’» from 194245240041897984 (will retry)
[2026-09-12 06:23:13Z] âŒ Failed to revoke role ðŸŽµ from 193880505521930240 (will retry)
[2026-09-12 06:23:13Z] âŒ Failed to revoke role ðŸŽµ from 195284975183069184 (will retry)
[2026-09-12 06:23:13Z] âŒ Failed to revoke role ðŸŽµ from 243191787294949386 (will retry)
[2026-09-12 06:23:13Z] âŒ Failed to revoke role ðŸ’» from 193880505521930240 (will retry)
[2026-09-12 06:23:13Z] âŒ Failed to revoke role ðŸ’» from 333464277794947072 (will retry)
[2026-09-12 06:23:14Z] âŒ Failed to revoke role ðŸŒ¸ from 193880505521930240 (will retry)
[2026-09-12 06:23:14Z] âŒ Failed to revoke role ðŸŒ¸ from 243191787294949386 (will retry)
[2026-09-12 06:23:14Z] âŒ Failed to revoke role ðŸŽ¬ from 195284975183069184 (will retry)
[2026-09-12 06:23:14Z] âŒ Failed to revoke role ðŸŽ¬ from 234479235551592448 (will retry)
[2026-09-12 06:23:14Z] âŒ Failed to revoke role ðŸŽ¬ from 243191787294949386 (will retry)
[2026-09-12 06:23:14Z] âŒ Failed to revoke role ðŸŽ¬ from 333464277794947072 (will retry)
[2026-09-12 06:23:15Z] âŒ Failed to revoke role ðŸŒ¸ from 194245240041897984 (will retry)
[2026-09-12 06:23:15Z] âŒ Failed to revoke role ðŸŒ¸ from 195284975183069184 (will retry)
[2026-09-12 06:23:15Z] âŒ Failed to revoke role ðŸŒ¸ from 234479235551592448 (will retry)
[2026-09-12 06:23:15Z] âŒ Failed to revoke role ðŸŒ¸ from 333464277794947072 (will retry)
[2026-09-12 06:23:16Z] âŒ Failed to revoke role ðŸˆ from 193880505521930240 (will retry)
[2026-09-12 06:23:16Z] âŒ Failed to revoke role ðŸˆ from 195284975183069184 (will retry)
[2026-09-12 06:23:16Z] âŒ Failed to revoke role ðŸˆ from 234479235551592448 (will retry)
[2026-09-12 06:23:16Z] âŒ Failed to revoke role ðŸˆ from 243191787294949386 (will retry)
[2026-09-12 06:23:16Z] âŒ Failed to revoke role ðŸˆ from 333464277794947072 (will retry)
[2026-09-12 06:23:17Z] âŒ Failed to revoke role ðŸŽª from 193880505521930240 (will retry)
[2026-09-12 06:23:17Z] âŒ Failed to revoke role ðŸŽª from 194245240041897984 (will retry)
[2026-09-12 06:23:17Z] âŒ Failed to revoke role ðŸŽª from 195284975183069184 (will retry)
[2026-09-12 06:23:17Z] âŒ Failed to revoke role ðŸŽª from 234479235551592448 (will retry)
[2026-09-12 06:23:17Z] âŒ Failed to revoke role ðŸŽª from 243191787294949386 (will retry)
[2026-09-12 06:23:17Z] âŒ Failed to revoke role ðŸŽª from 333464277794947072 (will retry)
[2026-09-12 06:23:18Z] âŒ Failed to revoke role ðŸ¤ from 193880505521930240 (will retry)
[2026-09-12 06:23:18Z] âŒ Failed to revoke role ðŸ¤ from 194245240041897984 (will retry)
[2026-09-12 06:23:18Z] âŒ Failed to revoke role ðŸ¤ from 195284975183069184 (will retry)
[2026-09-12 06:23:18Z] âŒ Failed to revoke role ðŸ¤ from 234479235551592448 (will retry)
[2026-09-12 06:23:18Z] âŒ Failed to revoke role ðŸ¤ from 243191787294949386 (will retry)
[2026-09-12 06:23:18Z] âŒ Failed to revoke role ðŸ¤ from 333464277794947072 (will retry)
[2026-09-12 06:23:19Z] âŒ Failed to revoke role ðŸƒ from 193880505521930240 (will retry)
[2026-09-12 06:23:19Z] âŒ Failed to revoke role ðŸƒ from 194245240041897984 (will retry)
[2026-09-12 06:23:19Z] âŒ Failed to revoke role ðŸƒ from 195284975183069184 (will retry)
[2026-09-12 06:23:19Z] âŒ Failed to revoke role ðŸƒ from 243191787294949386 (will retry)
[2026-09-12 06:23:19Z] âŒ Failed to revoke role ðŸƒ from 333464277794947072 (will retry)
[2026-09-12 06:23:41Z] âŒ Failed to revoke role ðŸŽ® from 193880505521930240 (will retry)
[2026-09-12 06:23:41Z] âŒ Failed to revoke role ðŸŽ® from 194245240041897984 (will retry)
[2026-09-12 06:23:41Z] âŒ Failed to revoke role ðŸŽ® from 195284975183069184 (will retry)
[2026-09-12 06:23:41Z] âŒ Failed to revoke role ðŸŽ® from 234479235551592448 (will retry)
[2026-09-12 06:23:41Z] âŒ Failed to revoke role ðŸŽ® from 243191787294949386 (will retry)
[2026-09-12 06:23:41Z] âŒ Failed to revoke role ðŸŽ® from 333464277794947072 (will retry)
[2026-09-12 06:23:42Z] âŒ Failed to revoke role ðŸ² from 243191787294949386 (will retry)
[2026-09-12 06:23:42Z] âŒ Failed to revoke role ðŸŽ¨ from 193880505521930240 (will retry)
[2026-09-12 06:23:42Z] âŒ Failed to revoke role ðŸŽ¨ from 195284975183069184 (will retry)
[2026-09-12 06:23:42Z] âŒ Failed to revoke role ðŸŽ¨ from 234479235551592448 (will retry)
[2026-09-12 06:23:42Z] âŒ Failed to revoke role ðŸŽ¨ from 243191787294949386 (will retry)
[2026-09-12 06:23:42Z] âŒ Failed to revoke role ðŸŽ¨ from 333464277794947072 (will retry)
[2026-09-12 06:23:43Z] âŒ Failed to revoke role ðŸ² from 195284975183069184 (will retry)
[2026-09-12 06:23:43Z] âŒ Failed to revoke role ðŸŽµ from 243191787294949386 (will retry)
[2026-09-12 06:23:43Z] âŒ Failed to revoke role ðŸ’» from 193880505521930240 (will retry)
[2026-09-12 06:23:43Z] âŒ Failed to revoke role ðŸ’» from 194245240041897984 (will retry)
[2026-09-12 06:23:43Z] âŒ Failed to revoke role ðŸ’» from 333464277794947072 (will retry)
[2026-09-12 06:23:44Z] âŒ Failed to revoke role ðŸŽµ from 193880505521930240 (will retry)
[2026-09-12 06:23:44Z] âŒ Failed to revoke role ðŸŽµ from 195284975183069184 (will retry)
[2026-09-12 06:23:45Z] âŒ Failed to revoke role ðŸŒ¸ from 193880505521930240 (will retry)
[2026-09-12 06:23:45Z] âŒ Failed to revoke role ðŸŒ¸ from 243191787294949386 (will retry)
[2026-09-12 06:23:45Z] âŒ Failed to revoke role ðŸŽ¬ from 195284975183069184 (will retry)
[2026-09-12 06:23:45Z] âŒ Failed to revoke role ðŸŽ¬ from 234479235551592448 (will retry)
[2026-09-12 06:23:45Z] âŒ Failed to revoke role ðŸŽ¬ from 243191787294949386 (will retry)
[2026-09-12 06:23:45Z] âŒ Failed to revoke role ðŸŽ¬ from 333464277794947072 (will retry)
[2026-09-12 06:23:46Z] âŒ Failed to revoke role ðŸˆ from 193880505521930240 (will retry)
[2026-09-12 06:23:46Z] âŒ Failed to revoke role ðŸˆ from 195284975183069184 (will retry)
[2026-09-12 06:23:46Z] âŒ Failed to revoke role ðŸˆ from 243191787294949386 (will retry)
[2026-09-12 06:23:46Z] âŒ Failed to revoke role ðŸŒ¸ from 194245240041897984 (will retry)
[2026-09-12 06:23:46Z] âŒ Failed to revoke role ðŸŒ¸ from 195284975183069184 (will retry)
[2026-09-12 06:23:46Z] âŒ Failed to revoke role ðŸŒ¸ from 234479235551592448 (will retry)
[2026-09-12 06:23:46Z] âŒ Failed to revoke role ðŸŒ¸ from 333464277794947072 (will retry)
[2026-09-12 06:23:47Z] âŒ Failed to revoke role ðŸˆ from 234479235551592448 (will retry)
[2026-09-12 06:23:47Z] âŒ Failed to revoke role ðŸˆ from 333464277794947072 (will retry)
[2026-09-12 06:23:47Z] âŒ Failed to revoke role ðŸŽª from 193880505521930240 (will retry)
[2026-09-12 06:23:47Z] âŒ Failed to revoke role ðŸŽª from 194245240041897984 (will retry)
[2026-09-12 06:23:47Z] âŒ Failed to revoke role ðŸŽª from 195284975183069184 (will retry)
[2026-09-12 06:23:47Z] âŒ Failed to revoke role ðŸŽª from 234479235551592448 (will retry)
[2026-09-12 06:23:47Z] âŒ Failed to revoke role ðŸŽª from 243191787294949386 (will retry)
[2026-09-12 06:23:48Z] âŒ Failed to revoke role ðŸ¤ from 193880505521930240 (will retry)
[2026-09-12 06:23:48Z] âŒ Failed to revoke role ðŸ¤ from 194245240041897984 (will retry)
[2026-09-12 06:23:48Z] âŒ Failed to revoke role ðŸ¤ from 195284975183069184 (will retry)
[2026-09-12 06:23:48Z] âŒ Failed to revoke role ðŸ¤ from 234479235551592448 (will retry)
[2026-09-12 06:23:48Z] âŒ Failed to revoke role ðŸ¤ from 243191787294949386 (will retry)
[2026-09-12 06:23:48Z] âŒ Failed to revoke role ðŸŽª from 333464277794947072 (will retry)
[2026-09-12 06:23:49Z] âŒ Failed to revoke role ðŸ¤ from 333464277794947072 (will retry)
[2026-09-12 06:23:49Z] âŒ Failed to revoke role ðŸƒ from 193880505521930240 (will retry)
[2026-09-12 06:23:49Z] âŒ Failed to revoke role ðŸƒ from 194245240041897984 (will retry)
[2026-09-12 06:23:49Z] âŒ Failed to revoke role ðŸƒ from 195284975183069184 (will retry)
[2026-09-12 06:23:49Z] âŒ Failed to revoke role ðŸƒ from 243191787294949386 (will retry)
[2026-09-12 06:23:49Z] âŒ Failed to revoke role ðŸƒ from 333464277794947072 (will retry)
[2026-09-12 06:24:10Z] âŒ Failed to revoke role ðŸŽ® from 193880505521930240 (will retry)
[2026-09-12 06:24:10Z] âŒ Failed to revoke role ðŸŽ® from 243191787294949386 (will retry)
[2026-09-12 06:24:11Z] âŒ Failed to revoke role ðŸŽ¨ from 193880505521930240 (will retry)
[2026-09-12 06:24:11Z] âŒ Failed to revoke role ðŸŽ¨ from 243191787294949386 (will retry)
[2026-09-12 06:24:11Z] âŒ Failed to revoke role ðŸŽ® from 194245240041897984 (will retry)
[2026-09-12 06:24:11Z] âŒ Failed to revoke role ðŸŽ® from 195284975183069184 (will retry)
[2026-09-12 06:24:11Z] âŒ Failed to revoke role ðŸŽ® from 234479235551592448 (will retry)
[2026-09-12 06:24:11Z] âŒ Failed to revoke role ðŸŽ® from 333464277794947072 (will retry)
[2026-09-12 06:24:12Z] âŒ Failed to revoke role ðŸ² from 195284975183069184 (will retry)
[2026-09-12 06:24:12Z] âŒ Failed to revoke role ðŸ² from 243191787294949386 (will retry)
[2026-09-12 06:24:12Z] âŒ Failed to revoke role ðŸŽ¨ from 195284975183069184 (will retry)
[2026-09-12 06:24:12Z] âŒ Failed to revoke role ðŸŽ¨ from 234479235551592448 (will retry)
[2026-09-12 06:24:12Z] âŒ Failed to revoke role ðŸŽ¨ from 333464277794947072 (will retry)
[2026-09-12 06:24:12Z] âŒ Failed to revoke role ðŸ’» from 194245240041897984 (will retry)
[2026-09-12 06:24:13Z] âŒ Failed to revoke role ðŸŽµ from 193880505521930240 (will retry)
[2026-09-12 06:24:13Z] âŒ Failed to revoke role ðŸŽµ from 195284975183069184 (will retry)
[2026-09-12 06:24:13Z] âŒ Failed to revoke role ðŸŽµ from 243191787294949386 (will retry)
[2026-09-12 06:24:13Z] âŒ Failed to revoke role ðŸ’» from 193880505521930240 (will retry)
[2026-09-12 06:24:13Z] âŒ Failed to revoke role ðŸ’» from 333464277794947072 (will retry)
[2026-09-12 06:24:14Z] âŒ Failed to revoke role ðŸŒ¸ from 193880505521930240 (will retry)
[2026-09-12 06:24:14Z] âŒ Failed to revoke role ðŸŒ¸ from 195284975183069184 (will retry)
[2026-09-12 06:24:14Z] âŒ Failed to revoke role ðŸŒ¸ from 243191787294949386 (will retry)
[2026-09-12 06:24:14Z] âŒ Failed to revoke role ðŸŽ¬ from 195284975183069184 (will retry)
[2026-09-12 06:24:14Z] âŒ Failed to revoke role ðŸŽ¬ from 234479235551592448 (will retry)
[2026-09-12 06:24:14Z] âŒ Failed to revoke role ðŸŽ¬ from 243191787294949386 (will retry)
[2026-09-12 06:24:14Z] âŒ Failed to revoke role ðŸŽ¬ from 333464277794947072 (will retry)
[2026-09-12 06:24:15Z] âŒ Failed to revoke role ðŸˆ from 193880505521930240 (will retry)
[2026-09-12 06:24:15Z] âŒ Failed to revoke role ðŸˆ from 195284975183069184 (will retry)
[2026-09-12 06:24:15Z] âŒ Failed to revoke role ðŸˆ from 243191787294949386 (will retry)
[2026-09-12 06:24:15Z] âŒ Failed to revoke role ðŸŒ¸ from 194245240041897984 (will retry)
[2026-09-12 06:24:15Z] âŒ Failed to revoke role ðŸŒ¸ from 234479235551592448 (will retry)
[2026-09-12 06:24:15Z] âŒ Failed to revoke role ðŸŒ¸ from 333464277794947072 (will retry)
[2026-09-12 06:24:16Z] âŒ Failed to revoke role ðŸˆ from 234479235551592448 (will retry)
[2026-09-12 06:24:16Z] âŒ Failed to revoke role ðŸˆ from 333464277794947072 (will retry)
[2026-09-12 06:24:16Z] âŒ Failed to revoke role ðŸŽª from 193880505521930240 (will retry)
[2026-09-12 06:24:16Z] âŒ Failed to revoke role ðŸŽª from 194245240041897984 (will retry)
[2026-09-12 06:24:16Z] âŒ Failed to revoke role ðŸŽª from 195284975183069184 (will retry)
[2026-09-12 06:24:16Z] âŒ Failed to revoke role ðŸŽª from 234479235551592448 (will retry)
[2026-09-12 06:24:16Z] âŒ Failed to revoke role ðŸŽª from 243191787294949386 (will retry)
[2026-09-12 06:24:17Z] âŒ Failed to revoke role ðŸ¤ from 193880505521930240 (will retry)
[2026-09-12 06:24:17Z] âŒ Failed to revoke role ðŸ¤ from 194245240041897984 (will retry)
[2026-09-12 06:24:17Z] âŒ Failed to revoke role ðŸ¤ from 195284975183069184 (will retry)
[2026-09-12 06:24:17Z] âŒ Failed to revoke role ðŸ¤ from 234479235551592448 (will retry)
[2026-09-12 06:24:17Z] âŒ Failed to revoke role ðŸ¤ from 243191787294949386 (will retry)
[2026-09-12 06:24:17Z] âŒ Failed to revoke role ðŸ¤ from 333464277794947072 (will retry)
[2026-09-12 06:24:17Z] âŒ Failed to revoke role ðŸŽª from 333464277794947072 (will retry)
[2026-09-12 06:24:18Z] âŒ Failed to revoke role ðŸƒ from 193880505521930240 (will retry)
[2026-09-12 06:24:18Z] âŒ Failed to revoke role ðŸƒ from 194245240041897984 (will retry)
[2026-09-12 06:24:18Z] âŒ Failed to revoke role ðŸƒ from 195284975183069184 (will retry)
[2026-09-12 06:24:18Z] âŒ Failed to revoke role ðŸƒ from 243191787294949386 (will retry)
[2026-09-12 06:24:18Z] âŒ Failed to revoke role ðŸƒ from 333464277794947072 (will retry)
[2026-09-12 06:24:40Z] âŒ Failed to revoke role ðŸŽ® from 193880505521930240 (will retry)
[2026-09-12 06:24:40Z] âŒ Failed to revoke role ðŸŽ® from 243191787294949386 (will retry)
[2026-09-12 06:24:41Z] âŒ Failed to revoke role ðŸŽ¨ from 193880505521930240 (will retry)
[2026-09-12 06:24:41Z] âŒ Failed to revoke role ðŸŽ¨ from 243191787294949386 (will retry)
[2026-09-12 06:24:41Z] âŒ Failed to revoke role ðŸŽ® from 194245240041897984 (will retry)
[2026-09-12 06:24:41Z] âŒ Failed to revoke role ðŸŽ® from 195284975183069184 (will retry)
[2026-09-12 06:24:41Z] âŒ Failed to revoke role ðŸŽ® from 234479235551592448 (will retry)
[2026-09-12 06:24:41Z] âŒ Failed to revoke role ðŸŽ® from 333464277794947072 (will retry)
[2026-09-12 06:24:42Z] âŒ Failed to revoke role ðŸ² from 195284975183069184 (will retry)
[2026-09-12 06:24:42Z] âŒ Failed to revoke role ðŸ² from 243191787294949386 (will retry)
[2026-09-12 06:24:42Z] âŒ Failed to revoke role ðŸŽ¨ from 195284975183069184 (will retry)
[2026-09-12 06:24:42Z] âŒ Failed to revoke role ðŸŽ¨ from 234479235551592448 (will retry)
[2026-09-12 06:24:42Z] âŒ Failed to revoke role ðŸŽ¨ from 333464277794947072 (will retry)
[2026-09-12 06:24:42Z] âŒ Failed to revoke role ðŸ’» from 194245240041897984 (will retry)
[2026-09-12 06:24:43Z] âŒ Failed to revoke role ðŸŽµ from 193880505521930240 (will retry)
[2026-09-12 06:24:43Z] âŒ Failed to revoke role ðŸŽµ from 195284975183069184 (will retry)
[2026-09-12 06:24:43Z] âŒ Failed to revoke role ðŸŽµ from 243191787294949386 (will retry)
[2026-09-12 06:24:43Z] âŒ Failed to revoke role ðŸ’» from 193880505521930240 (will retry)
[2026-09-12 06:24:43Z] âŒ Failed to revoke role ðŸ’» from 333464277794947072 (will retry)
[2026-09-12 06:24:44Z] âŒ Failed to revoke role ðŸŒ¸ from 193880505521930240 (will retry)
[2026-09-12 06:24:44Z] âŒ Failed to revoke role ðŸŒ¸ from 195284975183069184 (will retry)
[2026-09-12 06:24:44Z] âŒ Failed to revoke role ðŸŒ¸ from 243191787294949386 (will retry)
[2026-09-12 06:24:44Z] âŒ Failed to revoke role ðŸŽ¬ from 195284975183069184 (will retry)
[2026-09-12 06:24:44Z] âŒ Failed to revoke role ðŸŽ¬ from 234479235551592448 (will retry)
[2026-09-12 06:24:44Z] âŒ Failed to revoke role ðŸŽ¬ from 243191787294949386 (will retry)
[2026-09-12 06:24:44Z] âŒ Failed to revoke role ðŸŽ¬ from 333464277794947072 (will retry)
[2026-09-12 06:24:45Z] âŒ Failed to revoke role ðŸˆ from 193880505521930240 (will retry)
[2026-09-12 06:24:45Z] âŒ Failed to revoke role ðŸˆ from 195284975183069184 (will retry)
[2026-09-12 06:24:45Z] âŒ Failed to revoke role ðŸˆ from 243191787294949386 (will retry)
[2026-09-12 06:24:45Z] âŒ Failed to revoke role ðŸŒ¸ from 194245240041897984 (will retry)
[2026-09-12 06:24:45Z] âŒ Failed to revoke role ðŸŒ¸ from 234479235551592448 (will retry)
[2026-09-12 06:24:45Z] âŒ Failed to revoke role ðŸŒ¸ from 333464277794947072 (will retry)
[2026-09-12 06:24:46Z] âŒ Failed to revoke role ðŸˆ from 234479235551592448 (will retry)
[2026-09-12 06:24:46Z] âŒ Failed to revoke role ðŸˆ from 333464277794947072 (will retry)
[2026-09-12 06:24:46Z] âŒ Failed to revoke role ðŸŽª from 193880505521930240 (will retry)
[2026-09-12 06:24:46Z] âŒ Failed to revoke role ðŸŽª from 194245240041897984 (will retry)
[2026-09-12 06:24:46Z] âŒ Failed to revoke role ðŸŽª from 195284975183069184 (will retry)
[2026-09-12 06:24:46Z] âŒ Failed to revoke role ðŸŽª from 234479235551592448 (will retry)
[2026-09-12 06:24:46Z] âŒ Failed to revoke role ðŸŽª from 243191787294949386 (will retry)
[2026-09-12 06:24:47Z] âŒ Failed to revoke role ðŸ¤ from 193880505521930240 (will retry)
[2026-09-12 06:24:47Z] âŒ Failed to revoke role ðŸ¤ from 194245240041897984 (will retry)
[2026-09-12 06:24:47Z] âŒ Failed to revoke role ðŸ¤ from 195284975183069184 (will retry)
[2026-09-12 06:24:47Z] âŒ Failed to revoke role ðŸ¤ from 234479235551592448 (will retry)
[2026-09-12 06:24:47Z] âŒ Failed to revoke role ðŸ¤ from 243191787294949386 (will retry)
[2026-09-12 06:24:47Z] âŒ Failed to revoke role ðŸŽª from 333464277794947072 (will retry)
[2026-09-12 06:24:48Z] âŒ Failed to revoke role ðŸ¤ from 333464277794947072 (will retry)
[2026-09-12 06:24:48Z] âŒ Failed to revoke role ðŸƒ from 193880505521930240 (will retry)
[2026-09-12 06:24:48Z] âŒ Failed to revoke role ðŸƒ from 194245240041897984 (will retry)
[2026-09-12 06:24:48Z] âŒ Failed to revoke role ðŸƒ from 195284975183069184 (will retry)
[2026-09-12 06:24:48Z] âŒ Failed to revoke role ðŸƒ from 243191787294949386 (will retry)
[2026-09-12 06:24:48Z] âŒ Failed to revoke role ðŸƒ from 333464277794947072 (will retry)
[2026-09-12 06:29:47Z] âœ… Quote callback reaction added
[2026-09-12 06:36:07Z] âœ… Quote callback reaction added
[2026-09-12 06:39:47Z] âœ… Quote callback reaction added
[2026-09-12 06:39:57Z] âœ… Quote callback reaction added
[2026-09-12 13:33:05Z] ✅ Quote callback reaction added
[2026-09-12 13:50:46Z] ✅ Revoked role 🎪 from 193880505521930240
[2026-09-12 13:50:46Z] ✅ Revoked role 🎪 from 194245240041897984
[2026-09-12 13:50:46Z] ✅ Revoked role 🎪 from 195284975183069184
[2026-09-12 13:50:47Z] ✅ Revoked role 🎪 from 234479235551592448
[2026-09-12 13:50:47Z] ✅ Revoked role 🎪 from 243191787294949386
[2026-09-12 13:50:47Z] ✅ Revoked role 🎪 from 333464277794947072
[2026-09-12 13:58:23Z] ✅ Granted role 🎪 to 234479235551592448
[2026-09-12 13:58:24Z] ✅ Granted role 🎪 to 193880505521930240
[2026-09-12 13:58:24Z] ✅ Granted role 🎪 to 195284975183069184
[2026-09-12 13:58:24Z] ✅ Granted role 🎪 to 243191787294949386
[2026-09-12 13:58:25Z] ✅ Granted role 🎪 to 194245240041897984
[2026-09-12 13:58:25Z] ✅ Granted role 🎪 to 333464277794947072
[2026-09-12 18:07:16Z] ✅ Twitch: erodite went live — Discord notified
[2026-09-13 16:06:55Z] ✅ Twitch: erodite went live — Discord notified
[2026-09-13 19:38:11Z] ✅ Twitch: erodite went live — Discord notified
[2026-09-14 13:22:23Z] ✅ Revoked role 🎨 from 193880505521930240
[2026-09-14 13:22:23Z] ✅ Revoked role 🎨 from 333464277794947072
[2026-09-14 13:22:24Z] ✅ Revoked role 🎨 from 195284975183069184
[2026-09-14 13:22:24Z] ✅ Revoked role 🎨 from 234479235551592448
[2026-09-14 13:22:24Z] ✅ Revoked role 🎨 from 243191787294949386
[2026-09-14 13:22:53Z] ✅ Granted role 🎨 to 193880505521930240
[2026-09-14 13:22:54Z] ✅ Granted role 🎨 to 195284975183069184
[2026-09-14 13:22:54Z] ✅ Granted role 🎨 to 234479235551592448
[2026-09-14 13:22:54Z] ✅ Granted role 🎨 to 243191787294949386
[2026-09-14 13:22:54Z] ✅ Granted role 🎨 to 333464277794947072
[2026-09-14 19:05:26Z] ✅ Revoked role 🤝 from 193880505521930240
[2026-09-14 19:05:26Z] ✅ Revoked role 🤝 from 333464277794947072
[2026-09-14 19:05:27Z] ✅ Revoked role 🤝 from 194245240041897984
[2026-09-14 19:05:27Z] ✅ Revoked role 🤝 from 234479235551592448
[2026-09-14 19:05:27Z] ✅ Revoked role 🤝 from 243191787294949386
[2026-09-14 19:05:28Z] ✅ Revoked role 🤝 from 195284975183069184
[2026-09-14 19:05:56Z] ✅ Granted role 🤝 to 193880505521930240
[2026-09-14 19:05:56Z] ✅ Granted role 🤝 to 333464277794947072
[2026-09-14 19:05:57Z] ✅ Granted role 🤝 to 194245240041897984
[2026-09-14 19:05:57Z] ✅ Granted role 🤝 to 234479235551592448
[2026-09-14 19:05:57Z] ✅ Granted role 🤝 to 243191787294949386
[2026-09-14 19:05:58Z] ✅ Granted role 🤝 to 195284975183069184
[2026-09-14 23:36:55Z] ✅ Revoked role 🃏 from 193880505521930240
[2026-09-14 23:36:55Z] ✅ Revoked role 🃏 from 333464277794947072
[2026-09-14 23:36:56Z] ✅ Revoked role 🃏 from 194245240041897984
[2026-09-14 23:36:56Z] ✅ Revoked role 🃏 from 195284975183069184
[2026-09-14 23:36:56Z] ✅ Revoked role 🃏 from 243191787294949386
[2026-09-14 23:37:25Z] ✅ Granted role 🃏 to 193880505521930240
[2026-09-14 23:37:26Z] ✅ Granted role 🃏 to 194245240041897984
[2026-09-14 23:37:26Z] ✅ Granted role 🃏 to 195284975183069184
[2026-09-14 23:37:26Z] ✅ Granted role 🃏 to 243191787294949386
[2026-09-14 23:37:26Z] ✅ Granted role 🃏 to 333464277794947072
[2026-09-15 14:42:28Z] ❌ Failed to revoke role 🃏 from 193880505521930240 (will retry)
[2026-09-15 14:42:28Z] ❌ Failed to revoke role 🃏 from 194245240041897984 (will retry)
[2026-09-15 14:42:28Z] ❌ Failed to revoke role 🃏 from 195284975183069184 (will retry)
[2026-09-15 14:42:28Z] ❌ Failed to revoke role 🃏 from 243191787294949386 (will retry)
[2026-09-15 14:42:28Z] ❌ Failed to revoke role 🃏 from 333464277794947072 (will retry)
[2026-09-15 14:42:47Z] ❌ Failed to revoke role 🎮 from 193880505521930240 (will retry)
[2026-09-15 14:42:47Z] ❌ Failed to revoke role 🎮 from 243191787294949386 (will retry)
[2026-09-15 14:42:47Z] ❌ Failed to revoke role 🎮 from 333464277794947072 (will retry)
[2026-09-15 14:42:48Z] ❌ Failed to revoke role 🎮 from 194245240041897984 (will retry)
[2026-09-15 14:42:48Z] ❌ Failed to revoke role 🎮 from 234479235551592448 (will retry)
[2026-09-15 14:42:50Z] ❌ Failed to revoke role 🎨 from 193880505521930240 (will retry)
[2026-09-15 14:42:50Z] ❌ Failed to revoke role 🎨 from 243191787294949386 (will retry)
[2026-09-15 14:42:50Z] ❌ Failed to revoke role 🎨 from 333464277794947072 (will retry)
[2026-09-15 14:42:50Z] ❌ Failed to revoke role 🎮 from 195284975183069184 (will retry)
[2026-09-15 14:42:51Z] ❌ Failed to revoke role 🍲 from 195284975183069184 (will retry)
[2026-09-15 14:42:51Z] ❌ Failed to revoke role 🍲 from 243191787294949386 (will retry)
[2026-09-15 14:42:51Z] ❌ Failed to revoke role 🎨 from 195284975183069184 (will retry)
[2026-09-15 14:42:51Z] ❌ Failed to revoke role 🎨 from 234479235551592448 (will retry)
[2026-09-15 14:42:51Z] ❌ Failed to revoke role 💻 from 193880505521930240 (will retry)
[2026-09-15 14:42:52Z] ❌ Failed to revoke role 🎵 from 193880505521930240 (will retry)
[2026-09-15 14:42:52Z] ❌ Failed to revoke role 🎵 from 195284975183069184 (will retry)
[2026-09-15 14:42:52Z] ❌ Failed to revoke role 🎵 from 243191787294949386 (will retry)
[2026-09-15 14:42:52Z] ❌ Failed to revoke role 💻 from 194245240041897984 (will retry)
[2026-09-15 14:42:52Z] ❌ Failed to revoke role 💻 from 333464277794947072 (will retry)
[2026-09-15 14:42:53Z] ❌ Failed to revoke role 🎬 from 195284975183069184 (will retry)
[2026-09-15 14:42:53Z] ❌ Failed to revoke role 🎬 from 234479235551592448 (will retry)
[2026-09-15 14:42:53Z] ❌ Failed to revoke role 🎬 from 243191787294949386 (will retry)
[2026-09-15 14:42:53Z] ❌ Failed to revoke role 🎬 from 333464277794947072 (will retry)
[2026-09-15 14:42:54Z] ❌ Failed to revoke role 🌸 from 193880505521930240 (will retry)
[2026-09-15 14:42:54Z] ❌ Failed to revoke role 🌸 from 194245240041897984 (will retry)
[2026-09-15 14:42:54Z] ❌ Failed to revoke role 🌸 from 195284975183069184 (will retry)
[2026-09-15 14:42:54Z] ❌ Failed to revoke role 🌸 from 234479235551592448 (will retry)
[2026-09-15 14:42:54Z] ❌ Failed to revoke role 🌸 from 243191787294949386 (will retry)
[2026-09-15 14:42:54Z] ❌ Failed to revoke role 🌸 from 333464277794947072 (will retry)
[2026-09-15 14:42:55Z] ❌ Failed to revoke role 🐈 from 193880505521930240 (will retry)
[2026-09-15 14:42:55Z] ❌ Failed to revoke role 🐈 from 195284975183069184 (will retry)
[2026-09-15 14:42:55Z] ❌ Failed to revoke role 🐈 from 234479235551592448 (will retry)
[2026-09-15 14:42:55Z] ❌ Failed to revoke role 🐈 from 243191787294949386 (will retry)
[2026-09-15 14:42:55Z] ❌ Failed to revoke role 🐈 from 333464277794947072 (will retry)
[2026-09-15 14:42:56Z] ❌ Failed to revoke role 🎪 from 193880505521930240 (will retry)
[2026-09-15 14:42:56Z] ❌ Failed to revoke role 🎪 from 194245240041897984 (will retry)
[2026-09-15 14:42:56Z] ❌ Failed to revoke role 🎪 from 195284975183069184 (will retry)
[2026-09-15 14:42:56Z] ❌ Failed to revoke role 🎪 from 234479235551592448 (will retry)
[2026-09-15 14:42:56Z] ❌ Failed to revoke role 🎪 from 243191787294949386 (will retry)
[2026-09-15 14:42:56Z] ❌ Failed to revoke role 🎪 from 333464277794947072 (will retry)
[2026-09-15 14:42:57Z] ❌ Failed to revoke role 🤝 from 193880505521930240 (will retry)
[2026-09-15 14:42:57Z] ❌ Failed to revoke role 🤝 from 194245240041897984 (will retry)
[2026-09-15 14:42:57Z] ❌ Failed to revoke role 🤝 from 195284975183069184 (will retry)
[2026-09-15 14:42:57Z] ❌ Failed to revoke role 🤝 from 234479235551592448 (will retry)
[2026-09-15 14:42:57Z] ❌ Failed to revoke role 🤝 from 243191787294949386 (will retry)
[2026-09-15 14:42:57Z] ❌ Failed to revoke role 🤝 from 333464277794947072 (will retry)
[2026-09-15 14:42:58Z] ❌ Failed to revoke role 🃏 from 193880505521930240 (will retry)
[2026-09-15 14:42:58Z] ❌ Failed to revoke role 🃏 from 194245240041897984 (will retry)
[2026-09-15 14:42:58Z] ❌ Failed to revoke role 🃏 from 195284975183069184 (will retry)
[2026-09-15 14:42:58Z] ❌ Failed to revoke role 🃏 from 243191787294949386 (will retry)
[2026-09-15 14:42:58Z] ❌ Failed to revoke role 🃏 from 333464277794947072 (will retry)
[2026-09-15 14:43:17Z] ❌ Failed to revoke role 🎮 from 193880505521930240 (will retry)
[2026-09-15 14:43:17Z] ❌ Failed to revoke role 🎮 from 243191787294949386 (will retry)
[2026-09-15 14:43:18Z] ❌ Failed to revoke role 🎨 from 193880505521930240 (will retry)
[2026-09-15 14:43:18Z] ❌ Failed to revoke role 🎮 from 194245240041897984 (will retry)
[2026-09-15 14:43:18Z] ❌ Failed to revoke role 🎮 from 195284975183069184 (will retry)
[2026-09-15 14:43:18Z] ❌ Failed to revoke role 🎮 from 234479235551592448 (will retry)
[2026-09-15 14:43:18Z] ❌ Failed to revoke role 🎮 from 333464277794947072 (will retry)
[2026-09-15 14:43:19Z] ❌ Failed to revoke role 🍲 from 243191787294949386 (will retry)
[2026-09-15 14:43:19Z] ❌ Failed to revoke role 🎨 from 195284975183069184 (will retry)
[2026-09-15 14:43:19Z] ❌ Failed to revoke role 🎨 from 234479235551592448 (will retry)
[2026-09-15 14:43:19Z] ❌ Failed to revoke role 🎨 from 243191787294949386 (will retry)
[2026-09-15 14:43:19Z] ❌ Failed to revoke role 🎨 from 333464277794947072 (will retry)
[2026-09-15 14:43:20Z] ❌ Failed to revoke role 🍲 from 195284975183069184 (will retry)
[2026-09-15 14:43:20Z] ❌ Failed to revoke role 🎵 from 193880505521930240 (will retry)
[2026-09-15 14:43:20Z] ❌ Failed to revoke role 💻 from 193880505521930240 (will retry)
[2026-09-15 14:43:20Z] ❌ Failed to revoke role 💻 from 194245240041897984 (will retry)
[2026-09-15 14:43:20Z] ❌ Failed to revoke role 💻 from 333464277794947072 (will retry)
[2026-09-15 14:43:21Z] ❌ Failed to revoke role 🎬 from 195284975183069184 (will retry)
[2026-09-15 14:43:21Z] ❌ Failed to revoke role 🎬 from 234479235551592448 (will retry)
[2026-09-15 14:43:21Z] ❌ Failed to revoke role 🎬 from 243191787294949386 (will retry)
[2026-09-15 14:43:21Z] ❌ Failed to revoke role 🎬 from 333464277794947072 (will retry)
[2026-09-15 14:43:21Z] ❌ Failed to revoke role 🎵 from 195284975183069184 (will retry)
[2026-09-15 14:43:21Z] ❌ Failed to revoke role 🎵 from 243191787294949386 (will retry)
[2026-09-15 14:43:22Z] ❌ Failed to revoke role 🌸 from 193880505521930240 (will retry)
[2026-09-15 14:43:22Z] ❌ Failed to revoke role 🌸 from 194245240041897984 (will retry)
[2026-09-15 14:43:22Z] ❌ Failed to revoke role 🌸 from 234479235551592448 (will retry)
[2026-09-15 14:43:22Z] ❌ Failed to revoke role 🌸 from 243191787294949386 (will retry)
[2026-09-15 14:43:22Z] ❌ Failed to revoke role 🌸 from 333464277794947072 (will retry)
[2026-09-15 14:43:23Z] ❌ Failed to revoke role 🌸 from 195284975183069184 (will retry)
[2026-09-15 14:43:23Z] ❌ Failed to revoke role 🐈 from 193880505521930240 (will retry)
[2026-09-15 14:43:23Z] ❌ Failed to revoke role 🐈 from 195284975183069184 (will retry)
[2026-09-15 14:43:23Z] ❌ Failed to revoke role 🐈 from 234479235551592448 (will retry)
[2026-09-15 14:43:23Z] ❌ Failed to revoke role 🐈 from 243191787294949386 (will retry)
[2026-09-15 14:43:23Z] ❌ Failed to revoke role 🐈 from 333464277794947072 (will retry)
[2026-09-15 14:43:24Z] ❌ Failed to revoke role 🎪 from 193880505521930240 (will retry)
[2026-09-15 14:43:24Z] ❌ Failed to revoke role 🎪 from 194245240041897984 (will retry)
[2026-09-15 14:43:24Z] ❌ Failed to revoke role 🎪 from 234479235551592448 (will retry)
[2026-09-15 14:43:24Z] ❌ Failed to revoke role 🎪 from 243191787294949386 (will retry)
[2026-09-15 14:43:24Z] ❌ Failed to revoke role 🎪 from 333464277794947072 (will retry)
[2026-09-15 14:43:25Z] ❌ Failed to revoke role 🎪 from 195284975183069184 (will retry)
[2026-09-15 14:43:25Z] ❌ Failed to revoke role 🤝 from 193880505521930240 (will retry)
[2026-09-15 14:43:25Z] ❌ Failed to revoke role 🤝 from 194245240041897984 (will retry)
[2026-09-15 14:43:25Z] ❌ Failed to revoke role 🤝 from 243191787294949386 (will retry)
[2026-09-15 14:43:25Z] ❌ Failed to revoke role 🤝 from 333464277794947072 (will retry)
[2026-09-15 14:43:26Z] ❌ Failed to revoke role 🃏 from 193880505521930240 (will retry)
[2026-09-15 14:43:26Z] ❌ Failed to revoke role 🃏 from 194245240041897984 (will retry)
[2026-09-15 14:43:26Z] ❌ Failed to revoke role 🃏 from 243191787294949386 (will retry)
[2026-09-15 14:43:26Z] ❌ Failed to revoke role 🃏 from 333464277794947072 (will retry)
[2026-09-15 14:43:26Z] ❌ Failed to revoke role 🤝 from 195284975183069184 (will retry)
[2026-09-15 14:43:26Z] ❌ Failed to revoke role 🤝 from 234479235551592448 (will retry)
[2026-09-15 14:43:27Z] ❌ Failed to revoke role 🃏 from 195284975183069184 (will retry)
[2026-09-15 14:43:47Z] ❌ Failed to revoke role 🎮 from 193880505521930240 (will retry)
[2026-09-15 14:43:47Z] ❌ Failed to revoke role 🎮 from 243191787294949386 (will retry)
[2026-09-15 14:43:47Z] ❌ Failed to revoke role 🎮 from 333464277794947072 (will retry)
[2026-09-15 14:43:48Z] ❌ Failed to revoke role 🎨 from 193880505521930240 (will retry)
[2026-09-15 14:43:48Z] ❌ Failed to revoke role 🎨 from 243191787294949386 (will retry)
[2026-09-15 14:43:48Z] ❌ Failed to revoke role 🎮 from 194245240041897984 (will retry)
[2026-09-15 14:43:48Z] ❌ Failed to revoke role 🎮 from 195284975183069184 (will retry)
[2026-09-15 14:43:48Z] ❌ Failed to revoke role 🎮 from 234479235551592448 (will retry)
[2026-09-15 14:43:49Z] ❌ Failed to revoke role 🍲 from 195284975183069184 (will retry)
[2026-09-15 14:43:49Z] ❌ Failed to revoke role 🍲 from 243191787294949386 (will retry)
[2026-09-15 14:43:49Z] ❌ Failed to revoke role 🎨 from 195284975183069184 (will retry)
[2026-09-15 14:43:49Z] ❌ Failed to revoke role 🎨 from 234479235551592448 (will retry)
[2026-09-15 14:43:49Z] ❌ Failed to revoke role 🎨 from 333464277794947072 (will retry)
[2026-09-15 14:43:50Z] ❌ Failed to revoke role 🎵 from 193880505521930240 (will retry)
[2026-09-15 14:43:50Z] ❌ Failed to revoke role 🎵 from 243191787294949386 (will retry)
[2026-09-15 14:43:50Z] ❌ Failed to revoke role 💻 from 193880505521930240 (will retry)
[2026-09-15 14:43:50Z] ❌ Failed to revoke role 💻 from 194245240041897984 (will retry)
[2026-09-15 14:43:50Z] ❌ Failed to revoke role 💻 from 333464277794947072 (will retry)
[2026-09-15 14:43:51Z] ❌ Failed to revoke role 🎬 from 195284975183069184 (will retry)
[2026-09-15 14:43:51Z] ❌ Failed to revoke role 🎬 from 234479235551592448 (will retry)
[2026-09-15 14:43:51Z] ❌ Failed to revoke role 🎬 from 243191787294949386 (will retry)
[2026-09-15 14:43:51Z] ❌ Failed to revoke role 🎬 from 333464277794947072 (will retry)
[2026-09-15 14:43:51Z] ❌ Failed to revoke role 🎵 from 195284975183069184 (will retry)
[2026-09-15 14:43:52Z] ❌ Failed to revoke role 🌸 from 193880505521930240 (will retry)
[2026-09-15 14:43:52Z] ❌ Failed to revoke role 🌸 from 194245240041897984 (will retry)
[2026-09-15 14:43:52Z] ❌ Failed to revoke role 🌸 from 234479235551592448 (will retry)
[2026-09-15 14:43:52Z] ❌ Failed to revoke role 🌸 from 243191787294949386 (will retry)
[2026-09-15 14:43:52Z] ❌ Failed to revoke role 🌸 from 333464277794947072 (will retry)
[2026-09-15 14:43:53Z] ❌ Failed to revoke role 🌸 from 195284975183069184 (will retry)
[2026-09-15 14:43:53Z] ❌ Failed to revoke role 🐈 from 193880505521930240 (will retry)
[2026-09-15 14:43:53Z] ❌ Failed to revoke role 🐈 from 234479235551592448 (will retry)
[2026-09-15 14:43:53Z] ❌ Failed to revoke role 🐈 from 243191787294949386 (will retry)
[2026-09-15 14:43:53Z] ❌ Failed to revoke role 🐈 from 333464277794947072 (will retry)
[2026-09-15 14:43:54Z] ❌ Failed to revoke role 🎪 from 193880505521930240 (will retry)
[2026-09-15 14:43:54Z] ❌ Failed to revoke role 🎪 from 194245240041897984 (will retry)
[2026-09-15 14:43:54Z] ❌ Failed to revoke role 🎪 from 243191787294949386 (will retry)
[2026-09-15 14:43:54Z] ❌ Failed to revoke role 🎪 from 333464277794947072 (will retry)
[2026-09-15 14:43:54Z] ❌ Failed to revoke role 🐈 from 195284975183069184 (will retry)
[2026-09-15 14:43:55Z] ❌ Failed to revoke role 🎪 from 195284975183069184 (will retry)
[2026-09-15 14:43:55Z] ❌ Failed to revoke role 🎪 from 234479235551592448 (will retry)
[2026-09-15 14:43:55Z] ❌ Failed to revoke role 🤝 from 193880505521930240 (will retry)
[2026-09-15 14:43:55Z] ❌ Failed to revoke role 🤝 from 194245240041897984 (will retry)
[2026-09-15 14:43:55Z] ❌ Failed to revoke role 🤝 from 243191787294949386 (will retry)
[2026-09-15 14:43:55Z] ❌ Failed to revoke role 🤝 from 333464277794947072 (will retry)
[2026-09-15 14:43:56Z] ❌ Failed to revoke role 🃏 from 193880505521930240 (will retry)
[2026-09-15 14:43:56Z] ❌ Failed to revoke role 🃏 from 194245240041897984 (will retry)
[2026-09-15 14:43:56Z] ❌ Failed to revoke role 🃏 from 243191787294949386 (will retry)
[2026-09-15 14:43:56Z] ❌ Failed to revoke role 🃏 from 333464277794947072 (will retry)
[2026-09-15 14:43:56Z] ❌ Failed to revoke role 🤝 from 195284975183069184 (will retry)
[2026-09-15 14:43:56Z] ❌ Failed to revoke role 🤝 from 234479235551592448 (will retry)
[2026-09-15 14:43:57Z] ❌ Failed to revoke role 🃏 from 195284975183069184 (will retry)
[2026-09-15 14:44:17Z] ❌ Failed to revoke role 🎮 from 193880505521930240 (will retry)
[2026-09-15 14:44:17Z] ❌ Failed to revoke role 🎮 from 243191787294949386 (will retry)
[2026-09-15 14:44:18Z] ❌ Failed to revoke role 🎨 from 193880505521930240 (will retry)
[2026-09-15 14:44:18Z] ❌ Failed to revoke role 🎨 from 243191787294949386 (will retry)
[2026-09-15 14:44:18Z] ❌ Failed to revoke role 🎮 from 194245240041897984 (will retry)
[2026-09-15 14:44:18Z] ❌ Failed to revoke role 🎮 from 195284975183069184 (will retry)
[2026-09-15 14:44:18Z] ❌ Failed to revoke role 🎮 from 234479235551592448 (will retry)
[2026-09-15 14:44:18Z] ❌ Failed to revoke role 🎮 from 333464277794947072 (will retry)
[2026-09-15 14:44:19Z] ❌ Failed to revoke role 🍲 from 195284975183069184 (will retry)
[2026-09-15 14:44:19Z] ❌ Failed to revoke role 🍲 from 243191787294949386 (will retry)
[2026-09-15 14:44:19Z] ❌ Failed to revoke role 🎨 from 195284975183069184 (will retry)
[2026-09-15 14:44:19Z] ❌ Failed to revoke role 🎨 from 234479235551592448 (will retry)
[2026-09-15 14:44:19Z] ❌ Failed to revoke role 🎨 from 333464277794947072 (will retry)
[2026-09-15 14:44:20Z] ❌ Failed to revoke role 🎵 from 193880505521930240 (will retry)
[2026-09-15 14:44:20Z] ❌ Failed to revoke role 💻 from 193880505521930240 (will retry)
[2026-09-15 14:44:20Z] ❌ Failed to revoke role 💻 from 194245240041897984 (will retry)
[2026-09-15 14:44:20Z] ❌ Failed to revoke role 💻 from 333464277794947072 (will retry)
[2026-09-15 14:44:21Z] ❌ Failed to revoke role 🎬 from 195284975183069184 (will retry)
[2026-09-15 14:44:21Z] ❌ Failed to revoke role 🎬 from 234479235551592448 (will retry)
[2026-09-15 14:44:21Z] ❌ Failed to revoke role 🎬 from 243191787294949386 (will retry)
[2026-09-15 14:44:21Z] ❌ Failed to revoke role 🎬 from 333464277794947072 (will retry)
[2026-09-15 14:44:21Z] ❌ Failed to revoke role 🎵 from 195284975183069184 (will retry)
[2026-09-15 14:44:21Z] ❌ Failed to revoke role 🎵 from 243191787294949386 (will retry)
[2026-09-15 14:44:22Z] ❌ Failed to revoke role 🌸 from 193880505521930240 (will retry)
[2026-09-15 14:44:22Z] ❌ Failed to revoke role 🌸 from 194245240041897984 (will retry)
[2026-09-15 14:44:22Z] ❌ Failed to revoke role 🌸 from 195284975183069184 (will retry)
[2026-09-15 14:44:22Z] ❌ Failed to revoke role 🌸 from 234479235551592448 (will retry)
[2026-09-15 14:44:22Z] ❌ Failed to revoke role 🌸 from 243191787294949386 (will retry)
[2026-09-15 14:44:22Z] ❌ Failed to revoke role 🌸 from 333464277794947072 (will retry)
[2026-09-15 14:44:23Z] ❌ Failed to revoke role 🐈 from 193880505521930240 (will retry)
[2026-09-15 14:44:23Z] ❌ Failed to revoke role 🐈 from 195284975183069184 (will retry)
[2026-09-15 14:44:23Z] ❌ Failed to revoke role 🐈 from 234479235551592448 (will retry)
[2026-09-15 14:44:23Z] ❌ Failed to revoke role 🐈 from 243191787294949386 (will retry)
[2026-09-15 14:44:23Z] ❌ Failed to revoke role 🐈 from 333464277794947072 (will retry)
[2026-09-15 14:44:24Z] ❌ Failed to revoke role 🎪 from 193880505521930240 (will retry)
[2026-09-15 14:44:24Z] ❌ Failed to revoke role 🎪 from 194245240041897984 (will retry)
[2026-09-15 14:44:24Z] ❌ Failed to revoke role 🎪 from 195284975183069184 (will retry)
[2026-09-15 14:44:24Z] ❌ Failed to revoke role 🎪 from 234479235551592448 (will retry)
[2026-09-15 14:44:24Z] ❌ Failed to revoke role 🎪 from 243191787294949386 (will retry)
[2026-09-15 14:44:24Z] ❌ Failed to revoke role 🎪 from 333464277794947072 (will retry)
[2026-09-15 14:44:25Z] ❌ Failed to revoke role 🤝 from 193880505521930240 (will retry)
[2026-09-15 14:44:25Z] ❌ Failed to revoke role 🤝 from 194245240041897984 (will retry)
[2026-09-15 14:44:25Z] ❌ Failed to revoke role 🤝 from 234479235551592448 (will retry)
[2026-09-15 14:44:25Z] ❌ Failed to revoke role 🤝 from 243191787294949386 (will retry)
[2026-09-15 14:44:25Z] ❌ Failed to revoke role 🤝 from 333464277794947072 (will retry)
[2026-09-15 14:44:26Z] ❌ Failed to revoke role 🃏 from 193880505521930240 (will retry)
[2026-09-15 14:44:26Z] ❌ Failed to revoke role 🃏 from 243191787294949386 (will retry)
[2026-09-15 14:44:26Z] ❌ Failed to revoke role 🃏 from 333464277794947072 (will retry)
[2026-09-15 14:44:26Z] ❌ Failed to revoke role 🤝 from 195284975183069184 (will retry)
[2026-09-15 14:44:27Z] ❌ Failed to revoke role 🃏 from 194245240041897984 (will retry)
[2026-09-15 14:44:27Z] ❌ Failed to revoke role 🃏 from 195284975183069184 (will retry)
[2026-09-15 14:44:47Z] ❌ Failed to revoke role 🎮 from 193880505521930240 (will retry)
[2026-09-15 14:44:47Z] ❌ Failed to revoke role 🎮 from 243191787294949386 (will retry)
[2026-09-15 14:44:47Z] ❌ Failed to revoke role 🎮 from 333464277794947072 (will retry)
[2026-09-15 14:44:48Z] ❌ Failed to revoke role 🎨 from 193880505521930240 (will retry)
[2026-09-15 14:44:48Z] ❌ Failed to revoke role 🎨 from 243191787294949386 (will retry)
[2026-09-15 14:44:48Z] ❌ Failed to revoke role 🎮 from 194245240041897984 (will retry)
[2026-09-15 14:44:48Z] ❌ Failed to revoke role 🎮 from 195284975183069184 (will retry)
[2026-09-15 14:44:48Z] ❌ Failed to revoke role 🎮 from 234479235551592448 (will retry)
[2026-09-15 14:44:49Z] ❌ Failed to revoke role 🍲 from 195284975183069184 (will retry)
[2026-09-15 14:44:49Z] ❌ Failed to revoke role 🍲 from 243191787294949386 (will retry)
[2026-09-15 14:44:49Z] ❌ Failed to revoke role 🎨 from 195284975183069184 (will retry)
[2026-09-15 14:44:49Z] ❌ Failed to revoke role 🎨 from 234479235551592448 (will retry)
[2026-09-15 14:44:49Z] ❌ Failed to revoke role 🎨 from 333464277794947072 (will retry)
[2026-09-15 14:44:50Z] ❌ Failed to revoke role 🎵 from 193880505521930240 (will retry)
[2026-09-15 14:44:50Z] ❌ Failed to revoke role 🎵 from 195284975183069184 (will retry)
[2026-09-15 14:44:50Z] ❌ Failed to revoke role 🎵 from 243191787294949386 (will retry)
[2026-09-15 14:44:50Z] ❌ Failed to revoke role 💻 from 193880505521930240 (will retry)
[2026-09-15 14:44:50Z] ❌ Failed to revoke role 💻 from 194245240041897984 (will retry)
[2026-09-15 14:44:50Z] ❌ Failed to revoke role 💻 from 333464277794947072 (will retry)
[2026-09-15 14:44:51Z] ❌ Failed to revoke role 🎬 from 195284975183069184 (will retry)
[2026-09-15 14:44:51Z] ❌ Failed to revoke role 🎬 from 234479235551592448 (will retry)
[2026-09-15 14:44:51Z] ❌ Failed to revoke role 🎬 from 243191787294949386 (will retry)
[2026-09-15 14:44:51Z] ❌ Failed to revoke role 🎬 from 333464277794947072 (will retry)
[2026-09-15 14:44:52Z] ❌ Failed to revoke role 🌸 from 193880505521930240 (will retry)
[2026-09-15 14:44:52Z] ❌ Failed to revoke role 🌸 from 194245240041897984 (will retry)
[2026-09-15 14:44:52Z] ❌ Failed to revoke role 🌸 from 234479235551592448 (will retry)
[2026-09-15 14:44:52Z] ❌ Failed to revoke role 🌸 from 243191787294949386 (will retry)
[2026-09-15 14:44:52Z] ❌ Failed to revoke role 🌸 from 333464277794947072 (will retry)
[2026-09-15 14:45:17Z] ❌ Failed to revoke role 🎮 from 193880505521930240 (will retry)
[2026-09-15 14:45:17Z] ❌ Failed to revoke role 🎮 from 243191787294949386 (will retry)
[2026-09-15 14:45:17Z] ❌ Failed to revoke role 🎮 from 333464277794947072 (will retry)
[2026-09-15 14:45:18Z] ❌ Failed to revoke role 🎨 from 193880505521930240 (will retry)
[2026-09-15 14:45:18Z] ❌ Failed to revoke role 🎨 from 243191787294949386 (will retry)
[2026-09-15 14:45:18Z] ❌ Failed to revoke role 🎮 from 194245240041897984 (will retry)
[2026-09-15 14:45:18Z] ❌ Failed to revoke role 🎮 from 195284975183069184 (will retry)
[2026-09-15 14:45:18Z] ❌ Failed to revoke role 🎮 from 234479235551592448 (will retry)
[2026-09-15 14:45:19Z] ❌ Failed to revoke role 🍲 from 195284975183069184 (will retry)
[2026-09-15 14:45:19Z] ❌ Failed to revoke role 🍲 from 243191787294949386 (will retry)
[2026-09-15 14:45:19Z] ❌ Failed to revoke role 🎨 from 195284975183069184 (will retry)
[2026-09-15 14:45:19Z] ❌ Failed to revoke role 🎨 from 234479235551592448 (will retry)
[2026-09-15 14:45:19Z] ❌ Failed to revoke role 🎨 from 333464277794947072 (will retry)
[2026-09-15 14:45:20Z] ❌ Failed to revoke role 🎵 from 193880505521930240 (will retry)
[2026-09-15 14:45:20Z] ❌ Failed to revoke role 🎵 from 195284975183069184 (will retry)
[2026-09-15 14:45:20Z] ❌ Failed to revoke role 🎵 from 243191787294949386 (will retry)
[2026-09-15 14:45:20Z] ❌ Failed to revoke role 💻 from 193880505521930240 (will retry)
[2026-09-15 14:45:20Z] ❌ Failed to revoke role 💻 from 194245240041897984 (will retry)
[2026-09-15 14:45:20Z] ❌ Failed to revoke role 💻 from 333464277794947072 (will retry)
[2026-09-15 14:45:21Z] ❌ Failed to revoke role 🎬 from 195284975183069184 (will retry)
[2026-09-15 14:45:21Z] ❌ Failed to revoke role 🎬 from 234479235551592448 (will retry)
[2026-09-15 14:45:21Z] ❌ Failed to revoke role 🎬 from 243191787294949386 (will retry)
[2026-09-15 14:45:21Z] ❌ Failed to revoke role 🎬 from 333464277794947072 (will retry)
[2026-09-15 14:45:22Z] ❌ Failed to revoke role 🌸 from 193880505521930240 (will retry)
[2026-09-15 14:45:22Z] ❌ Failed to revoke role 🌸 from 194245240041897984 (will retry)
[2026-09-15 14:45:22Z] ❌ Failed to revoke role 🌸 from 195284975183069184 (will retry)
[2026-09-15 14:45:22Z] ❌ Failed to revoke role 🌸 from 234479235551592448 (will retry)
[2026-09-15 14:45:22Z] ❌ Failed to revoke role 🌸 from 243191787294949386 (will retry)
[2026-09-15 14:45:22Z] ❌ Failed to revoke role 🌸 from 333464277794947072 (will retry)
[2026-09-15 14:45:23Z] ❌ Failed to revoke role 🐈 from 193880505521930240 (will retry)
[2026-09-15 14:45:23Z] ❌ Failed to revoke role 🐈 from 195284975183069184 (will retry)
[2026-09-15 14:45:23Z] ❌ Failed to revoke role 🐈 from 234479235551592448 (will retry)
[2026-09-15 14:45:23Z] ❌ Failed to revoke role 🐈 from 243191787294949386 (will retry)
[2026-09-15 14:45:23Z] ❌ Failed to revoke role 🐈 from 333464277794947072 (will retry)
[2026-09-15 14:45:24Z] ❌ Failed to revoke role 🎪 from 193880505521930240 (will retry)
[2026-09-15 14:45:24Z] ❌ Failed to revoke role 🎪 from 194245240041897984 (will retry)
[2026-09-15 14:45:24Z] ❌ Failed to revoke role 🎪 from 195284975183069184 (will retry)
[2026-09-15 14:45:24Z] ❌ Failed to revoke role 🎪 from 234479235551592448 (will retry)
[2026-09-15 14:45:24Z] ❌ Failed to revoke role 🎪 from 243191787294949386 (will retry)
[2026-09-15 14:45:24Z] ❌ Failed to revoke role 🎪 from 333464277794947072 (will retry)
[2026-09-15 14:45:25Z] ❌ Failed to revoke role 🤝 from 193880505521930240 (will retry)
[2026-09-15 14:45:25Z] ❌ Failed to revoke role 🤝 from 194245240041897984 (will retry)
[2026-09-15 14:45:25Z] ❌ Failed to revoke role 🤝 from 195284975183069184 (will retry)
[2026-09-15 14:45:25Z] ❌ Failed to revoke role 🤝 from 234479235551592448 (will retry)
[2026-09-15 14:45:25Z] ❌ Failed to revoke role 🤝 from 243191787294949386 (will retry)
[2026-09-15 14:45:25Z] ❌ Failed to revoke role 🤝 from 333464277794947072 (will retry)
[2026-09-15 14:45:26Z] ❌ Failed to revoke role 🃏 from 193880505521930240 (will retry)
[2026-09-15 14:45:26Z] ❌ Failed to revoke role 🃏 from 194245240041897984 (will retry)
[2026-09-15 14:45:26Z] ❌ Failed to revoke role 🃏 from 195284975183069184 (will retry)
[2026-09-15 14:45:26Z] ❌ Failed to revoke role 🃏 from 243191787294949386 (will retry)
[2026-09-15 14:45:26Z] ❌ Failed to revoke role 🃏 from 333464277794947072 (will retry)
[2026-09-15 14:45:47Z] ❌ Failed to revoke role 🎮 from 193880505521930240 (will retry)
[2026-09-15 14:45:47Z] ❌ Failed to revoke role 🎮 from 243191787294949386 (will retry)
[2026-09-15 14:45:48Z] ❌ Failed to revoke role 🎨 from 193880505521930240 (will retry)
[2026-09-15 14:45:48Z] ❌ Failed to revoke role 🎨 from 243191787294949386 (will retry)
[2026-09-15 14:45:48Z] ❌ Failed to revoke role 🎮 from 194245240041897984 (will retry)
[2026-09-15 14:45:48Z] ❌ Failed to revoke role 🎮 from 195284975183069184 (will retry)
[2026-09-15 14:45:48Z] ❌ Failed to revoke role 🎮 from 234479235551592448 (will retry)
[2026-09-15 14:45:48Z] ❌ Failed to revoke role 🎮 from 333464277794947072 (will retry)
[2026-09-15 14:45:49Z] ❌ Failed to revoke role 🍲 from 195284975183069184 (will retry)
[2026-09-15 14:45:49Z] ❌ Failed to revoke role 🍲 from 243191787294949386 (will retry)
[2026-09-15 14:45:49Z] ❌ Failed to revoke role 🎨 from 195284975183069184 (will retry)
[2026-09-15 14:45:49Z] ❌ Failed to revoke role 🎨 from 234479235551592448 (will retry)
[2026-09-15 14:45:49Z] ❌ Failed to revoke role 🎨 from 333464277794947072 (will retry)
[2026-09-15 14:45:50Z] ❌ Failed to revoke role 🎵 from 193880505521930240 (will retry)
[2026-09-15 14:45:50Z] ❌ Failed to revoke role 🎵 from 243191787294949386 (will retry)
[2026-09-15 14:45:50Z] ❌ Failed to revoke role 💻 from 193880505521930240 (will retry)
[2026-09-15 14:45:50Z] ❌ Failed to revoke role 💻 from 194245240041897984 (will retry)
[2026-09-15 14:45:50Z] ❌ Failed to revoke role 💻 from 333464277794947072 (will retry)
[2026-09-15 14:45:51Z] ❌ Failed to revoke role 🎬 from 195284975183069184 (will retry)
[2026-09-15 14:45:51Z] ❌ Failed to revoke role 🎬 from 234479235551592448 (will retry)
[2026-09-15 14:45:51Z] ❌ Failed to revoke role 🎬 from 243191787294949386 (will retry)
[2026-09-15 14:45:51Z] ❌ Failed to revoke role 🎬 from 333464277794947072 (will retry)
[2026-09-15 14:45:51Z] ❌ Failed to revoke role 🎵 from 195284975183069184 (will retry)
[2026-09-15 14:45:52Z] ❌ Failed to revoke role 🌸 from 193880505521930240 (will retry)
[2026-09-15 14:45:52Z] ❌ Failed to revoke role 🌸 from 194245240041897984 (will retry)
[2026-09-15 14:45:52Z] ❌ Failed to revoke role 🌸 from 195284975183069184 (will retry)
[2026-09-15 14:45:52Z] ❌ Failed to revoke role 🌸 from 234479235551592448 (will retry)
[2026-09-15 14:45:52Z] ❌ Failed to revoke role 🌸 from 243191787294949386 (will retry)
[2026-09-15 14:45:52Z] ❌ Failed to revoke role 🌸 from 333464277794947072 (will retry)
[2026-09-15 14:45:53Z] ❌ Failed to revoke role 🐈 from 193880505521930240 (will retry)
[2026-09-15 14:45:53Z] ❌ Failed to revoke role 🐈 from 195284975183069184 (will retry)
[2026-09-15 14:45:53Z] ❌ Failed to revoke role 🐈 from 234479235551592448 (will retry)
[2026-09-15 14:45:53Z] ❌ Failed to revoke role 🐈 from 243191787294949386 (will retry)
[2026-09-15 14:45:53Z] ❌ Failed to revoke role 🐈 from 333464277794947072 (will retry)
[2026-09-15 14:45:54Z] ❌ Failed to revoke role 🎪 from 193880505521930240 (will retry)
[2026-09-15 14:45:54Z] ❌ Failed to revoke role 🎪 from 194245240041897984 (will retry)
[2026-09-15 14:45:54Z] ❌ Failed to revoke role 🎪 from 195284975183069184 (will retry)
[2026-09-15 14:45:54Z] ❌ Failed to revoke role 🎪 from 234479235551592448 (will retry)
[2026-09-15 14:45:54Z] ❌ Failed to revoke role 🎪 from 243191787294949386 (will retry)
[2026-09-15 14:45:54Z] ❌ Failed to revoke role 🎪 from 333464277794947072 (will retry)
[2026-09-15 14:45:55Z] ❌ Failed to revoke role 🤝 from 193880505521930240 (will retry)
[2026-09-15 14:45:55Z] ❌ Failed to revoke role 🤝 from 194245240041897984 (will retry)
[2026-09-15 14:45:55Z] ❌ Failed to revoke role 🤝 from 195284975183069184 (will retry)
[2026-09-15 14:45:55Z] ❌ Failed to revoke role 🤝 from 234479235551592448 (will retry)
[2026-09-15 14:45:55Z] ❌ Failed to revoke role 🤝 from 243191787294949386 (will retry)
[2026-09-15 14:45:55Z] ❌ Failed to revoke role 🤝 from 333464277794947072 (will retry)
[2026-09-15 14:45:56Z] ❌ Failed to revoke role 🃏 from 193880505521930240 (will retry)
[2026-09-15 14:45:56Z] ❌ Failed to revoke role 🃏 from 194245240041897984 (will retry)
[2026-09-15 14:45:56Z] ❌ Failed to revoke role 🃏 from 195284975183069184 (will retry)
[2026-09-15 14:45:56Z] ❌ Failed to revoke role 🃏 from 243191787294949386 (will retry)
[2026-09-15 14:45:56Z] ❌ Failed to revoke role 🃏 from 333464277794947072 (will retry)
[2026-09-15 14:46:17Z] ❌ Failed to revoke role 🎮 from 193880505521930240 (will retry)
[2026-09-15 14:46:18Z] ❌ Failed to revoke role 🎨 from 193880505521930240 (will retry)
[2026-09-15 14:46:18Z] ❌ Failed to revoke role 🎮 from 194245240041897984 (will retry)
[2026-09-15 14:46:18Z] ❌ Failed to revoke role 🎮 from 195284975183069184 (will retry)
[2026-09-15 14:46:18Z] ❌ Failed to revoke role 🎮 from 234479235551592448 (will retry)
[2026-09-15 14:46:18Z] ❌ Failed to revoke role 🎮 from 243191787294949386 (will retry)
[2026-09-15 14:46:18Z] ❌ Failed to revoke role 🎮 from 333464277794947072 (will retry)
[2026-09-15 14:46:19Z] ❌ Failed to revoke role 🎨 from 195284975183069184 (will retry)
[2026-09-15 14:46:19Z] ❌ Failed to revoke role 🎨 from 234479235551592448 (will retry)
[2026-09-15 14:46:19Z] ❌ Failed to revoke role 🎨 from 243191787294949386 (will retry)
[2026-09-15 14:46:19Z] ❌ Failed to revoke role 🎨 from 333464277794947072 (will retry)
[2026-09-15 14:46:20Z] ❌ Failed to revoke role 🍲 from 195284975183069184 (will retry)
[2026-09-15 14:46:20Z] ❌ Failed to revoke role 🍲 from 243191787294949386 (will retry)
[2026-09-15 14:46:20Z] ❌ Failed to revoke role 💻 from 193880505521930240 (will retry)
[2026-09-15 14:46:20Z] ❌ Failed to revoke role 💻 from 194245240041897984 (will retry)
[2026-09-15 14:46:21Z] ❌ Failed to revoke role 🎬 from 333464277794947072 (will retry)
[2026-09-15 14:46:21Z] ❌ Failed to revoke role 🎵 from 193880505521930240 (will retry)
[2026-09-15 14:46:21Z] ❌ Failed to revoke role 🎵 from 195284975183069184 (will retry)
[2026-09-15 14:46:21Z] ❌ Failed to revoke role 🎵 from 243191787294949386 (will retry)
[2026-09-15 14:46:21Z] ❌ Failed to revoke role 💻 from 333464277794947072 (will retry)
[2026-09-15 14:46:22Z] ❌ Failed to revoke role 🌸 from 193880505521930240 (will retry)
[2026-09-15 14:46:22Z] ❌ Failed to revoke role 🌸 from 243191787294949386 (will retry)
[2026-09-15 14:46:22Z] ❌ Failed to revoke role 🎬 from 195284975183069184 (will retry)
[2026-09-15 14:46:22Z] ❌ Failed to revoke role 🎬 from 234479235551592448 (will retry)
[2026-09-15 14:46:22Z] ❌ Failed to revoke role 🎬 from 243191787294949386 (will retry)
[2026-09-15 14:46:23Z] ❌ Failed to revoke role 🌸 from 194245240041897984 (will retry)
[2026-09-15 14:46:23Z] ❌ Failed to revoke role 🌸 from 195284975183069184 (will retry)
[2026-09-15 14:46:23Z] ❌ Failed to revoke role 🌸 from 234479235551592448 (will retry)
[2026-09-15 14:46:23Z] ❌ Failed to revoke role 🌸 from 333464277794947072 (will retry)
[2026-09-15 14:46:23Z] ❌ Failed to revoke role 🐈 from 193880505521930240 (will retry)
[2026-09-15 14:46:24Z] ❌ Failed to revoke role 🎪 from 193880505521930240 (will retry)
[2026-09-15 14:46:24Z] ❌ Failed to revoke role 🎪 from 243191787294949386 (will retry)
[2026-09-15 14:46:24Z] ❌ Failed to revoke role 🐈 from 195284975183069184 (will retry)
[2026-09-15 14:46:24Z] ❌ Failed to revoke role 🐈 from 234479235551592448 (will retry)
[2026-09-15 14:46:24Z] ❌ Failed to revoke role 🐈 from 243191787294949386 (will retry)
[2026-09-15 14:46:24Z] ❌ Failed to revoke role 🐈 from 333464277794947072 (will retry)
[2026-09-15 14:46:25Z] ❌ Failed to revoke role 🎪 from 194245240041897984 (will retry)
[2026-09-15 14:46:25Z] ❌ Failed to revoke role 🎪 from 195284975183069184 (will retry)
[2026-09-15 14:46:25Z] ❌ Failed to revoke role 🎪 from 234479235551592448 (will retry)
[2026-09-15 14:46:25Z] ❌ Failed to revoke role 🎪 from 333464277794947072 (will retry)
[2026-09-15 14:46:26Z] ❌ Failed to revoke role 🤝 from 193880505521930240 (will retry)
[2026-09-15 14:46:26Z] ❌ Failed to revoke role 🤝 from 194245240041897984 (will retry)
[2026-09-15 14:46:26Z] ❌ Failed to revoke role 🤝 from 195284975183069184 (will retry)
[2026-09-15 14:46:26Z] ❌ Failed to revoke role 🤝 from 234479235551592448 (will retry)
[2026-09-15 14:46:26Z] ❌ Failed to revoke role 🤝 from 243191787294949386 (will retry)
[2026-09-15 14:46:26Z] ❌ Failed to revoke role 🤝 from 333464277794947072 (will retry)
[2026-09-15 14:46:27Z] ❌ Failed to revoke role 🃏 from 193880505521930240 (will retry)
[2026-09-15 14:46:27Z] ❌ Failed to revoke role 🃏 from 194245240041897984 (will retry)
[2026-09-15 14:46:27Z] ❌ Failed to revoke role 🃏 from 195284975183069184 (will retry)
[2026-09-15 14:46:27Z] ❌ Failed to revoke role 🃏 from 243191787294949386 (will retry)
[2026-09-15 14:46:27Z] ❌ Failed to revoke role 🃏 from 333464277794947072 (will retry)
[2026-09-15 14:46:47Z] ❌ Failed to revoke role 🎮 from 193880505521930240 (will retry)
[2026-09-15 14:46:47Z] ❌ Failed to revoke role 🎮 from 243191787294949386 (will retry)
[2026-09-15 14:46:48Z] ❌ Failed to revoke role 🎨 from 193880505521930240 (will retry)
[2026-09-15 14:46:48Z] ❌ Failed to revoke role 🎨 from 243191787294949386 (will retry)
[2026-09-15 14:46:48Z] ❌ Failed to revoke role 🎮 from 194245240041897984 (will retry)
[2026-09-15 14:46:48Z] ❌ Failed to revoke role 🎮 from 195284975183069184 (will retry)
[2026-09-15 14:46:48Z] ❌ Failed to revoke role 🎮 from 234479235551592448 (will retry)
[2026-09-15 14:46:48Z] ❌ Failed to revoke role 🎮 from 333464277794947072 (will retry)
[2026-09-15 14:46:49Z] ❌ Failed to revoke role 🎨 from 333464277794947072 (will retry)
[2026-09-15 14:46:51Z] ❌ Failed to revoke role 🍲 from 195284975183069184 (will retry)
[2026-09-15 14:46:51Z] ❌ Failed to revoke role 🍲 from 243191787294949386 (will retry)
[2026-09-15 14:46:51Z] ❌ Failed to revoke role 🎨 from 195284975183069184 (will retry)
[2026-09-15 14:46:51Z] ❌ Failed to revoke role 🎨 from 234479235551592448 (will retry)
[2026-09-15 14:46:51Z] ❌ Failed to revoke role 💻 from 193880505521930240 (will retry)
[2026-09-15 14:46:52Z] ❌ Failed to revoke role 🎵 from 193880505521930240 (will retry)
[2026-09-15 14:46:52Z] ❌ Failed to revoke role 🎵 from 195284975183069184 (will retry)
[2026-09-15 14:46:52Z] ❌ Failed to revoke role 🎵 from 243191787294949386 (will retry)
[2026-09-15 14:46:52Z] ❌ Failed to revoke role 💻 from 194245240041897984 (will retry)
[2026-09-15 14:46:52Z] ❌ Failed to revoke role 💻 from 333464277794947072 (will retry)
[2026-09-15 14:46:53Z] ❌ Failed to revoke role 🌸 from 193880505521930240 (will retry)
[2026-09-15 14:46:53Z] ❌ Failed to revoke role 🎬 from 195284975183069184 (will retry)
[2026-09-15 14:46:53Z] ❌ Failed to revoke role 🎬 from 234479235551592448 (will retry)
[2026-09-15 14:46:53Z] ❌ Failed to revoke role 🎬 from 243191787294949386 (will retry)
[2026-09-15 14:46:53Z] ❌ Failed to revoke role 🎬 from 333464277794947072 (will retry)
[2026-09-15 14:46:54Z] ❌ Failed to revoke role 🌸 from 194245240041897984 (will retry)
[2026-09-15 14:46:54Z] ❌ Failed to revoke role 🌸 from 195284975183069184 (will retry)
[2026-09-15 14:46:54Z] ❌ Failed to revoke role 🌸 from 234479235551592448 (will retry)
[2026-09-15 14:46:54Z] ❌ Failed to revoke role 🌸 from 243191787294949386 (will retry)
[2026-09-15 14:46:54Z] ❌ Failed to revoke role 🌸 from 333464277794947072 (will retry)
[2026-09-15 14:46:54Z] ❌ Failed to revoke role 🐈 from 193880505521930240 (will retry)
[2026-09-15 14:46:55Z] ❌ Failed to revoke role 🎪 from 193880505521930240 (will retry)
[2026-09-15 14:46:55Z] ❌ Failed to revoke role 🐈 from 195284975183069184 (will retry)
[2026-09-15 14:46:55Z] ❌ Failed to revoke role 🐈 from 234479235551592448 (will retry)
[2026-09-15 14:46:55Z] ❌ Failed to revoke role 🐈 from 243191787294949386 (will retry)
[2026-09-15 14:46:55Z] ❌ Failed to revoke role 🐈 from 333464277794947072 (will retry)
[2026-09-15 14:46:56Z] ❌ Failed to revoke role 🎪 from 194245240041897984 (will retry)
[2026-09-15 14:46:56Z] ❌ Failed to revoke role 🎪 from 195284975183069184 (will retry)
[2026-09-15 14:46:56Z] ❌ Failed to revoke role 🎪 from 234479235551592448 (will retry)
[2026-09-15 14:46:56Z] ❌ Failed to revoke role 🎪 from 243191787294949386 (will retry)
[2026-09-15 14:46:56Z] ❌ Failed to revoke role 🎪 from 333464277794947072 (will retry)
[2026-09-15 14:46:56Z] ❌ Failed to revoke role 🤝 from 193880505521930240 (will retry)
[2026-09-15 14:46:57Z] ❌ Failed to revoke role 🃏 from 193880505521930240 (will retry)
[2026-09-15 14:46:57Z] ❌ Failed to revoke role 🤝 from 194245240041897984 (will retry)
[2026-09-15 14:46:57Z] ❌ Failed to revoke role 🤝 from 195284975183069184 (will retry)
[2026-09-15 14:46:57Z] ❌ Failed to revoke role 🤝 from 234479235551592448 (will retry)
[2026-09-15 14:46:57Z] ❌ Failed to revoke role 🤝 from 243191787294949386 (will retry)
[2026-09-15 14:46:57Z] ❌ Failed to revoke role 🤝 from 333464277794947072 (will retry)
[2026-09-15 14:46:58Z] ❌ Failed to revoke role 🃏 from 194245240041897984 (will retry)
[2026-09-15 14:46:58Z] ❌ Failed to revoke role 🃏 from 195284975183069184 (will retry)
[2026-09-15 14:46:58Z] ❌ Failed to revoke role 🃏 from 243191787294949386 (will retry)
[2026-09-15 14:46:58Z] ❌ Failed to revoke role 🃏 from 333464277794947072 (will retry)
[2026-09-15 14:47:17Z] ❌ Failed to revoke role 🎮 from 193880505521930240 (will retry)
[2026-09-15 14:47:17Z] ❌ Failed to revoke role 🎮 from 243191787294949386 (will retry)
[2026-09-15 14:47:17Z] ❌ Failed to revoke role 🎮 from 333464277794947072 (will retry)
[2026-09-15 14:47:18Z] ❌ Failed to revoke role 🎨 from 193880505521930240 (will retry)
[2026-09-15 14:47:18Z] ❌ Failed to revoke role 🎨 from 243191787294949386 (will retry)
[2026-09-15 14:47:18Z] ❌ Failed to revoke role 🎮 from 194245240041897984 (will retry)
[2026-09-15 14:47:18Z] ❌ Failed to revoke role 🎮 from 195284975183069184 (will retry)
[2026-09-15 14:47:18Z] ❌ Failed to revoke role 🎮 from 234479235551592448 (will retry)
[2026-09-15 14:47:19Z] ❌ Failed to revoke role 🍲 from 195284975183069184 (will retry)
[2026-09-15 14:47:19Z] ❌ Failed to revoke role 🍲 from 243191787294949386 (will retry)
[2026-09-15 14:47:19Z] ❌ Failed to revoke role 🎨 from 195284975183069184 (will retry)
[2026-09-15 14:47:19Z] ❌ Failed to revoke role 🎨 from 234479235551592448 (will retry)
[2026-09-15 14:47:19Z] ❌ Failed to revoke role 🎨 from 333464277794947072 (will retry)
[2026-09-15 14:47:20Z] ❌ Failed to revoke role 🎵 from 193880505521930240 (will retry)
[2026-09-15 14:47:20Z] ❌ Failed to revoke role 🎵 from 195284975183069184 (will retry)
[2026-09-15 14:47:20Z] ❌ Failed to revoke role 🎵 from 243191787294949386 (will retry)
[2026-09-15 14:47:20Z] ❌ Failed to revoke role 💻 from 193880505521930240 (will retry)
[2026-09-15 14:47:20Z] ❌ Failed to revoke role 💻 from 194245240041897984 (will retry)
[2026-09-15 14:47:20Z] ❌ Failed to revoke role 💻 from 333464277794947072 (will retry)
[2026-09-15 14:47:21Z] ❌ Failed to revoke role 🎬 from 195284975183069184 (will retry)
[2026-09-15 14:47:21Z] ❌ Failed to revoke role 🎬 from 234479235551592448 (will retry)
[2026-09-15 14:47:21Z] ❌ Failed to revoke role 🎬 from 243191787294949386 (will retry)
[2026-09-15 14:47:21Z] ❌ Failed to revoke role 🎬 from 333464277794947072 (will retry)
[2026-09-15 14:47:22Z] ❌ Failed to revoke role 🌸 from 193880505521930240 (will retry)
[2026-09-15 14:47:22Z] ❌ Failed to revoke role 🌸 from 194245240041897984 (will retry)
[2026-09-15 14:47:22Z] ❌ Failed to revoke role 🌸 from 195284975183069184 (will retry)
[2026-09-15 14:47:22Z] ❌ Failed to revoke role 🌸 from 234479235551592448 (will retry)
[2026-09-15 14:47:22Z] ❌ Failed to revoke role 🌸 from 243191787294949386 (will retry)
[2026-09-15 14:47:22Z] ❌ Failed to revoke role 🌸 from 333464277794947072 (will retry)
[2026-09-15 14:47:23Z] ❌ Failed to revoke role 🐈 from 193880505521930240 (will retry)
[2026-09-15 14:47:23Z] ❌ Failed to revoke role 🐈 from 195284975183069184 (will retry)
[2026-09-15 14:47:23Z] ❌ Failed to revoke role 🐈 from 234479235551592448 (will retry)
[2026-09-15 14:47:23Z] ❌ Failed to revoke role 🐈 from 243191787294949386 (will retry)
[2026-09-15 14:47:23Z] ❌ Failed to revoke role 🐈 from 333464277794947072 (will retry)
[2026-09-15 14:47:24Z] ❌ Failed to revoke role 🎪 from 193880505521930240 (will retry)
[2026-09-15 14:47:24Z] ❌ Failed to revoke role 🎪 from 194245240041897984 (will retry)
[2026-09-15 14:47:24Z] ❌ Failed to revoke role 🎪 from 234479235551592448 (will retry)
[2026-09-15 14:47:24Z] ❌ Failed to revoke role 🎪 from 243191787294949386 (will retry)
[2026-09-15 14:47:24Z] ❌ Failed to revoke role 🎪 from 333464277794947072 (will retry)
[2026-09-15 14:47:25Z] ❌ Failed to revoke role 🎪 from 195284975183069184 (will retry)
[2026-09-15 14:47:25Z] ❌ Failed to revoke role 🤝 from 193880505521930240 (will retry)
[2026-09-15 14:47:25Z] ❌ Failed to revoke role 🤝 from 194245240041897984 (will retry)
[2026-09-15 14:47:25Z] ❌ Failed to revoke role 🤝 from 243191787294949386 (will retry)
[2026-09-15 14:47:25Z] ❌ Failed to revoke role 🤝 from 333464277794947072 (will retry)
[2026-09-15 14:47:26Z] ❌ Failed to revoke role 🃏 from 193880505521930240 (will retry)
[2026-09-15 14:47:26Z] ❌ Failed to revoke role 🃏 from 194245240041897984 (will retry)
[2026-09-15 14:47:26Z] ❌ Failed to revoke role 🃏 from 243191787294949386 (will retry)
[2026-09-15 14:47:26Z] ❌ Failed to revoke role 🃏 from 333464277794947072 (will retry)
[2026-09-15 14:47:26Z] ❌ Failed to revoke role 🤝 from 195284975183069184 (will retry)
[2026-09-15 14:47:26Z] ❌ Failed to revoke role 🤝 from 234479235551592448 (will retry)
[2026-09-15 14:47:27Z] ❌ Failed to revoke role 🃏 from 195284975183069184 (will retry)
[2026-09-15 14:47:47Z] ❌ Failed to revoke role 🎮 from 193880505521930240 (will retry)
[2026-09-15 14:47:47Z] ❌ Failed to revoke role 🎮 from 243191787294949386 (will retry)
[2026-09-15 14:47:47Z] ❌ Failed to revoke role 🎮 from 333464277794947072 (will retry)
[2026-09-15 14:47:48Z] ❌ Failed to revoke role 🎨 from 193880505521930240 (will retry)
[2026-09-15 14:47:48Z] ❌ Failed to revoke role 🎨 from 243191787294949386 (will retry)
[2026-09-15 14:47:48Z] ❌ Failed to revoke role 🎮 from 194245240041897984 (will retry)
[2026-09-15 14:47:48Z] ❌ Failed to revoke role 🎮 from 195284975183069184 (will retry)
[2026-09-15 14:47:48Z] ❌ Failed to revoke role 🎮 from 234479235551592448 (will retry)
[2026-09-15 14:47:49Z] ❌ Failed to revoke role 🍲 from 195284975183069184 (will retry)
[2026-09-15 14:47:49Z] ❌ Failed to revoke role 🍲 from 243191787294949386 (will retry)
[2026-09-15 14:47:49Z] ❌ Failed to revoke role 🎨 from 195284975183069184 (will retry)
[2026-09-15 14:47:49Z] ❌ Failed to revoke role 🎨 from 234479235551592448 (will retry)
[2026-09-15 14:47:49Z] ❌ Failed to revoke role 🎨 from 333464277794947072 (will retry)
[2026-09-15 14:47:50Z] ❌ Failed to revoke role 🎵 from 193880505521930240 (will retry)
[2026-09-15 14:47:50Z] ❌ Failed to revoke role 🎵 from 243191787294949386 (will retry)
[2026-09-15 14:47:50Z] ❌ Failed to revoke role 💻 from 193880505521930240 (will retry)
[2026-09-15 14:47:50Z] ❌ Failed to revoke role 💻 from 194245240041897984 (will retry)
[2026-09-15 14:47:50Z] ❌ Failed to revoke role 💻 from 333464277794947072 (will retry)
[2026-09-15 14:47:51Z] ❌ Failed to revoke role 🎬 from 195284975183069184 (will retry)
[2026-09-15 14:47:51Z] ❌ Failed to revoke role 🎬 from 234479235551592448 (will retry)
[2026-09-15 14:47:51Z] ❌ Failed to revoke role 🎬 from 243191787294949386 (will retry)
[2026-09-15 14:47:51Z] ❌ Failed to revoke role 🎬 from 333464277794947072 (will retry)
[2026-09-15 14:47:51Z] ❌ Failed to revoke role 🎵 from 195284975183069184 (will retry)
[2026-09-15 14:47:52Z] ❌ Failed to revoke role 🌸 from 193880505521930240 (will retry)
[2026-09-15 14:47:52Z] ❌ Failed to revoke role 🌸 from 194245240041897984 (will retry)
[2026-09-15 14:47:52Z] ❌ Failed to revoke role 🌸 from 195284975183069184 (will retry)
[2026-09-15 14:47:52Z] ❌ Failed to revoke role 🌸 from 234479235551592448 (will retry)
[2026-09-15 14:47:52Z] ❌ Failed to revoke role 🌸 from 243191787294949386 (will retry)
[2026-09-15 14:47:52Z] ❌ Failed to revoke role 🌸 from 333464277794947072 (will retry)
[2026-09-15 14:47:53Z] ❌ Failed to revoke role 🐈 from 193880505521930240 (will retry)
[2026-09-15 14:47:53Z] ❌ Failed to revoke role 🐈 from 195284975183069184 (will retry)
[2026-09-15 14:47:53Z] ❌ Failed to revoke role 🐈 from 234479235551592448 (will retry)
[2026-09-15 14:47:53Z] ❌ Failed to revoke role 🐈 from 243191787294949386 (will retry)
[2026-09-15 14:47:53Z] ❌ Failed to revoke role 🐈 from 333464277794947072 (will retry)
[2026-09-15 14:47:54Z] ❌ Failed to revoke role 🎪 from 193880505521930240 (will retry)
[2026-09-15 14:47:54Z] ❌ Failed to revoke role 🎪 from 194245240041897984 (will retry)
[2026-09-15 14:47:54Z] ❌ Failed to revoke role 🎪 from 195284975183069184 (will retry)
[2026-09-15 14:47:54Z] ❌ Failed to revoke role 🎪 from 234479235551592448 (will retry)
[2026-09-15 14:47:54Z] ❌ Failed to revoke role 🎪 from 243191787294949386 (will retry)
[2026-09-15 14:47:54Z] ❌ Failed to revoke role 🎪 from 333464277794947072 (will retry)
[2026-09-15 14:47:55Z] ❌ Failed to revoke role 🤝 from 193880505521930240 (will retry)
[2026-09-15 14:47:55Z] ❌ Failed to revoke role 🤝 from 194245240041897984 (will retry)
[2026-09-15 14:47:55Z] ❌ Failed to revoke role 🤝 from 195284975183069184 (will retry)
[2026-09-15 14:47:55Z] ❌ Failed to revoke role 🤝 from 234479235551592448 (will retry)
[2026-09-15 14:47:55Z] ❌ Failed to revoke role 🤝 from 243191787294949386 (will retry)
[2026-09-15 14:47:55Z] ❌ Failed to revoke role 🤝 from 333464277794947072 (will retry)
[2026-09-15 14:47:56Z] ❌ Failed to revoke role 🃏 from 193880505521930240 (will retry)
[2026-09-15 14:47:56Z] ❌ Failed to revoke role 🃏 from 194245240041897984 (will retry)
[2026-09-15 14:47:56Z] ❌ Failed to revoke role 🃏 from 195284975183069184 (will retry)
[2026-09-15 14:47:56Z] ❌ Failed to revoke role 🃏 from 243191787294949386 (will retry)
[2026-09-15 14:47:56Z] ❌ Failed to revoke role 🃏 from 333464277794947072 (will retry)
[2026-09-15 14:48:17Z] ❌ Failed to revoke role 🎮 from 193880505521930240 (will retry)
[2026-09-15 14:48:17Z] ❌ Failed to revoke role 🎮 from 243191787294949386 (will retry)
[2026-09-15 14:48:18Z] ❌ Failed to revoke role 🎨 from 193880505521930240 (will retry)
[2026-09-15 14:48:18Z] ❌ Failed to revoke role 🎨 from 243191787294949386 (will retry)
[2026-09-15 14:48:18Z] ❌ Failed to revoke role 🎮 from 194245240041897984 (will retry)
[2026-09-15 14:48:18Z] ❌ Failed to revoke role 🎮 from 195284975183069184 (will retry)
[2026-09-15 14:48:18Z] ❌ Failed to revoke role 🎮 from 234479235551592448 (will retry)
[2026-09-15 14:48:18Z] ❌ Failed to revoke role 🎮 from 333464277794947072 (will retry)
[2026-09-15 14:48:19Z] ❌ Failed to revoke role 🍲 from 195284975183069184 (will retry)
[2026-09-15 14:48:19Z] ❌ Failed to revoke role 🍲 from 243191787294949386 (will retry)
[2026-09-15 14:48:19Z] ❌ Failed to revoke role 🎨 from 195284975183069184 (will retry)
[2026-09-15 14:48:19Z] ❌ Failed to revoke role 🎨 from 234479235551592448 (will retry)
[2026-09-15 14:48:19Z] ❌ Failed to revoke role 🎨 from 333464277794947072 (will retry)
[2026-09-15 14:48:20Z] ❌ Failed to revoke role 🎵 from 193880505521930240 (will retry)
[2026-09-15 14:48:20Z] ❌ Failed to revoke role 🎵 from 243191787294949386 (will retry)
[2026-09-15 14:48:20Z] ❌ Failed to revoke role 💻 from 193880505521930240 (will retry)
[2026-09-15 14:48:20Z] ❌ Failed to revoke role 💻 from 194245240041897984 (will retry)
[2026-09-15 14:48:20Z] ❌ Failed to revoke role 💻 from 333464277794947072 (will retry)
[2026-09-15 14:48:21Z] ❌ Failed to revoke role 🎬 from 195284975183069184 (will retry)
[2026-09-15 14:48:21Z] ❌ Failed to revoke role 🎬 from 234479235551592448 (will retry)
[2026-09-15 14:48:21Z] ❌ Failed to revoke role 🎬 from 243191787294949386 (will retry)
[2026-09-15 14:48:21Z] ❌ Failed to revoke role 🎬 from 333464277794947072 (will retry)
[2026-09-15 14:48:21Z] ❌ Failed to revoke role 🎵 from 195284975183069184 (will retry)
[2026-09-15 14:48:22Z] ❌ Failed to revoke role 🌸 from 193880505521930240 (will retry)
[2026-09-15 14:48:22Z] ❌ Failed to revoke role 🌸 from 194245240041897984 (will retry)
[2026-09-15 14:48:22Z] ❌ Failed to revoke role 🌸 from 195284975183069184 (will retry)
[2026-09-15 14:48:22Z] ❌ Failed to revoke role 🌸 from 234479235551592448 (will retry)
[2026-09-15 14:48:22Z] ❌ Failed to revoke role 🌸 from 243191787294949386 (will retry)
[2026-09-15 14:48:22Z] ❌ Failed to revoke role 🌸 from 333464277794947072 (will retry)
[2026-09-15 14:48:23Z] ❌ Failed to revoke role 🎪 from 193880505521930240 (will retry)
[2026-09-15 14:48:23Z] ❌ Failed to revoke role 🐈 from 193880505521930240 (will retry)
[2026-09-15 14:48:23Z] ❌ Failed to revoke role 🐈 from 195284975183069184 (will retry)
[2026-09-15 14:48:23Z] ❌ Failed to revoke role 🐈 from 234479235551592448 (will retry)
[2026-09-15 14:48:23Z] ❌ Failed to revoke role 🐈 from 243191787294949386 (will retry)
[2026-09-15 14:48:23Z] ❌ Failed to revoke role 🐈 from 333464277794947072 (will retry)
[2026-09-15 14:48:24Z] ❌ Failed to revoke role 🎪 from 194245240041897984 (will retry)
[2026-09-15 14:48:24Z] ❌ Failed to revoke role 🎪 from 195284975183069184 (will retry)
[2026-09-15 14:48:24Z] ❌ Failed to revoke role 🎪 from 234479235551592448 (will retry)
[2026-09-15 14:48:24Z] ❌ Failed to revoke role 🎪 from 243191787294949386 (will retry)
[2026-09-15 14:48:24Z] ❌ Failed to revoke role 🎪 from 333464277794947072 (will retry)
[2026-09-15 14:48:25Z] ❌ Failed to revoke role 🤝 from 193880505521930240 (will retry)
[2026-09-15 14:48:25Z] ❌ Failed to revoke role 🤝 from 194245240041897984 (will retry)
[2026-09-15 14:48:25Z] ❌ Failed to revoke role 🤝 from 234479235551592448 (will retry)
[2026-09-15 14:48:25Z] ❌ Failed to revoke role 🤝 from 243191787294949386 (will retry)
[2026-09-15 14:48:25Z] ❌ Failed to revoke role 🤝 from 333464277794947072 (will retry)
[2026-09-15 14:48:26Z] ❌ Failed to revoke role 🃏 from 193880505521930240 (will retry)
[2026-09-15 14:48:26Z] ❌ Failed to revoke role 🃏 from 194245240041897984 (will retry)
[2026-09-15 14:48:26Z] ❌ Failed to revoke role 🃏 from 195284975183069184 (will retry)
[2026-09-15 14:48:26Z] ❌ Failed to revoke role 🃏 from 243191787294949386 (will retry)
[2026-09-15 14:48:26Z] ❌ Failed to revoke role 🃏 from 333464277794947072 (will retry)
[2026-09-15 14:48:26Z] ❌ Failed to revoke role 🤝 from 195284975183069184 (will retry)
[2026-09-15 14:48:47Z] ❌ Failed to revoke role 🎮 from 193880505521930240 (will retry)
[2026-09-15 14:48:47Z] ❌ Failed to revoke role 🎮 from 243191787294949386 (will retry)
[2026-09-15 14:48:48Z] ❌ Failed to revoke role 🎨 from 193880505521930240 (will retry)
[2026-09-15 14:48:48Z] ❌ Failed to revoke role 🎮 from 194245240041897984 (will retry)
[2026-09-15 14:48:48Z] ❌ Failed to revoke role 🎮 from 195284975183069184 (will retry)
[2026-09-15 14:48:48Z] ❌ Failed to revoke role 🎮 from 234479235551592448 (will retry)
[2026-09-15 14:48:48Z] ❌ Failed to revoke role 🎮 from 333464277794947072 (will retry)
[2026-09-15 14:48:49Z] ❌ Failed to revoke role 🍲 from 195284975183069184 (will retry)
[2026-09-15 14:48:49Z] ❌ Failed to revoke role 🍲 from 243191787294949386 (will retry)
[2026-09-15 14:48:49Z] ❌ Failed to revoke role 🎨 from 195284975183069184 (will retry)
[2026-09-15 14:48:49Z] ❌ Failed to revoke role 🎨 from 234479235551592448 (will retry)
[2026-09-15 14:48:49Z] ❌ Failed to revoke role 🎨 from 243191787294949386 (will retry)
[2026-09-15 14:48:49Z] ❌ Failed to revoke role 🎨 from 333464277794947072 (will retry)
[2026-09-15 14:48:50Z] ❌ Failed to revoke role 🎵 from 193880505521930240 (will retry)
[2026-09-15 14:48:50Z] ❌ Failed to revoke role 🎵 from 243191787294949386 (will retry)
[2026-09-15 14:48:50Z] ❌ Failed to revoke role 💻 from 193880505521930240 (will retry)
[2026-09-15 14:48:50Z] ❌ Failed to revoke role 💻 from 194245240041897984 (will retry)
[2026-09-15 14:48:50Z] ❌ Failed to revoke role 💻 from 333464277794947072 (will retry)
[2026-09-15 14:48:51Z] ❌ Failed to revoke role 🎬 from 234479235551592448 (will retry)
[2026-09-15 14:48:51Z] ❌ Failed to revoke role 🎬 from 243191787294949386 (will retry)
[2026-09-15 14:48:51Z] ❌ Failed to revoke role 🎬 from 333464277794947072 (will retry)
[2026-09-15 14:48:51Z] ❌ Failed to revoke role 🎵 from 195284975183069184 (will retry)
[2026-09-15 14:48:52Z] ❌ Failed to revoke role 🌸 from 193880505521930240 (will retry)
[2026-09-15 14:48:52Z] ❌ Failed to revoke role 🌸 from 194245240041897984 (will retry)
[2026-09-15 14:48:52Z] ❌ Failed to revoke role 🌸 from 234479235551592448 (will retry)
[2026-09-15 14:48:52Z] ❌ Failed to revoke role 🌸 from 243191787294949386 (will retry)
[2026-09-15 14:48:52Z] ❌ Failed to revoke role 🌸 from 333464277794947072 (will retry)
[2026-09-15 14:48:52Z] ❌ Failed to revoke role 🎬 from 195284975183069184 (will retry)
[2026-09-15 14:48:53Z] ❌ Failed to revoke role 🌸 from 195284975183069184 (will retry)
[2026-09-15 14:48:53Z] ❌ Failed to revoke role 🐈 from 193880505521930240 (will retry)
[2026-09-15 14:48:53Z] ❌ Failed to revoke role 🐈 from 195284975183069184 (will retry)
[2026-09-15 14:48:53Z] ❌ Failed to revoke role 🐈 from 234479235551592448 (will retry)
[2026-09-15 14:48:53Z] ❌ Failed to revoke role 🐈 from 243191787294949386 (will retry)
[2026-09-15 14:48:53Z] ❌ Failed to revoke role 🐈 from 333464277794947072 (will retry)
[2026-09-15 14:48:54Z] ❌ Failed to revoke role 🎪 from 193880505521930240 (will retry)
[2026-09-15 14:48:54Z] ❌ Failed to revoke role 🎪 from 194245240041897984 (will retry)
[2026-09-15 14:48:54Z] ❌ Failed to revoke role 🎪 from 234479235551592448 (will retry)
[2026-09-15 14:48:54Z] ❌ Failed to revoke role 🎪 from 243191787294949386 (will retry)
[2026-09-15 14:48:54Z] ❌ Failed to revoke role 🎪 from 333464277794947072 (will retry)
[2026-09-15 14:48:55Z] ❌ Failed to revoke role 🎪 from 195284975183069184 (will retry)
[2026-09-15 14:48:55Z] ❌ Failed to revoke role 🤝 from 193880505521930240 (will retry)
[2026-09-15 14:48:55Z] ❌ Failed to revoke role 🤝 from 194245240041897984 (will retry)
[2026-09-15 14:48:55Z] ❌ Failed to revoke role 🤝 from 234479235551592448 (will retry)
[2026-09-15 14:48:55Z] ❌ Failed to revoke role 🤝 from 243191787294949386 (will retry)
[2026-09-15 14:48:55Z] ❌ Failed to revoke role 🤝 from 333464277794947072 (will retry)
[2026-09-15 14:48:56Z] ❌ Failed to revoke role 🃏 from 193880505521930240 (will retry)
[2026-09-15 14:48:56Z] ❌ Failed to revoke role 🃏 from 194245240041897984 (will retry)
[2026-09-15 14:48:56Z] ❌ Failed to revoke role 🃏 from 243191787294949386 (will retry)
[2026-09-15 14:48:56Z] ❌ Failed to revoke role 🃏 from 333464277794947072 (will retry)
[2026-09-15 14:48:56Z] ❌ Failed to revoke role 🤝 from 195284975183069184 (will retry)
[2026-09-15 14:48:57Z] ❌ Failed to revoke role 🃏 from 195284975183069184 (will retry)
[2026-09-15 14:49:17Z] ❌ Failed to revoke role 🎮 from 193880505521930240 (will retry)
[2026-09-15 14:49:17Z] ❌ Failed to revoke role 🎮 from 243191787294949386 (will retry)
[2026-09-15 14:49:18Z] ❌ Failed to revoke role 🎨 from 193880505521930240 (will retry)
[2026-09-15 14:49:18Z] ❌ Failed to revoke role 🎨 from 243191787294949386 (will retry)
[2026-09-15 14:49:18Z] ❌ Failed to revoke role 🎮 from 194245240041897984 (will retry)
[2026-09-15 14:49:18Z] ❌ Failed to revoke role 🎮 from 195284975183069184 (will retry)
[2026-09-15 14:49:18Z] ❌ Failed to revoke role 🎮 from 234479235551592448 (will retry)
[2026-09-15 14:49:18Z] ❌ Failed to revoke role 🎮 from 333464277794947072 (will retry)
[2026-09-15 14:49:19Z] ❌ Failed to revoke role 🍲 from 195284975183069184 (will retry)
[2026-09-15 14:49:19Z] ❌ Failed to revoke role 🍲 from 243191787294949386 (will retry)
[2026-09-15 14:49:19Z] ❌ Failed to revoke role 🎨 from 195284975183069184 (will retry)
[2026-09-15 14:49:19Z] ❌ Failed to revoke role 🎨 from 234479235551592448 (will retry)
[2026-09-15 14:49:19Z] ❌ Failed to revoke role 🎨 from 333464277794947072 (will retry)
[2026-09-15 14:49:20Z] ❌ Failed to revoke role 🎵 from 193880505521930240 (will retry)
[2026-09-15 14:49:20Z] ❌ Failed to revoke role 🎵 from 243191787294949386 (will retry)
[2026-09-15 14:49:20Z] ❌ Failed to revoke role 💻 from 193880505521930240 (will retry)
[2026-09-15 14:49:20Z] ❌ Failed to revoke role 💻 from 194245240041897984 (will retry)
[2026-09-15 14:49:20Z] ❌ Failed to revoke role 💻 from 333464277794947072 (will retry)
[2026-09-15 14:49:21Z] ❌ Failed to revoke role 🎬 from 195284975183069184 (will retry)
[2026-09-15 14:49:21Z] ❌ Failed to revoke role 🎬 from 234479235551592448 (will retry)
[2026-09-15 14:49:21Z] ❌ Failed to revoke role 🎬 from 243191787294949386 (will retry)
[2026-09-15 14:49:21Z] ❌ Failed to revoke role 🎬 from 333464277794947072 (will retry)
[2026-09-15 14:49:21Z] ❌ Failed to revoke role 🎵 from 195284975183069184 (will retry)
[2026-09-15 14:49:22Z] ❌ Failed to revoke role 🌸 from 193880505521930240 (will retry)
[2026-09-15 14:49:22Z] ❌ Failed to revoke role 🌸 from 194245240041897984 (will retry)
[2026-09-15 14:49:22Z] ❌ Failed to revoke role 🌸 from 195284975183069184 (will retry)
[2026-09-15 14:49:22Z] ❌ Failed to revoke role 🌸 from 234479235551592448 (will retry)
[2026-09-15 14:49:22Z] ❌ Failed to revoke role 🌸 from 243191787294949386 (will retry)
[2026-09-15 14:49:22Z] ❌ Failed to revoke role 🌸 from 333464277794947072 (will retry)
[2026-09-15 14:49:23Z] ❌ Failed to revoke role 🐈 from 193880505521930240 (will retry)
[2026-09-15 14:49:23Z] ❌ Failed to revoke role 🐈 from 195284975183069184 (will retry)
[2026-09-15 14:49:23Z] ❌ Failed to revoke role 🐈 from 234479235551592448 (will retry)
[2026-09-15 14:49:23Z] ❌ Failed to revoke role 🐈 from 243191787294949386 (will retry)
[2026-09-15 14:49:23Z] ❌ Failed to revoke role 🐈 from 333464277794947072 (will retry)
[2026-09-15 14:49:24Z] ❌ Failed to revoke role 🎪 from 193880505521930240 (will retry)
[2026-09-15 14:49:24Z] ❌ Failed to revoke role 🎪 from 194245240041897984 (will retry)
[2026-09-15 14:49:24Z] ❌ Failed to revoke role 🎪 from 195284975183069184 (will retry)
[2026-09-15 14:49:24Z] ❌ Failed to revoke role 🎪 from 234479235551592448 (will retry)
[2026-09-15 14:49:24Z] ❌ Failed to revoke role 🎪 from 243191787294949386 (will retry)
[2026-09-15 14:49:24Z] ❌ Failed to revoke role 🎪 from 333464277794947072 (will retry)
[2026-09-15 14:49:25Z] ❌ Failed to revoke role 🤝 from 193880505521930240 (will retry)
[2026-09-15 14:49:25Z] ❌ Failed to revoke role 🤝 from 194245240041897984 (will retry)
[2026-09-15 14:49:25Z] ❌ Failed to revoke role 🤝 from 234479235551592448 (will retry)
[2026-09-15 14:49:25Z] ❌ Failed to revoke role 🤝 from 243191787294949386 (will retry)
[2026-09-15 14:49:25Z] ❌ Failed to revoke role 🤝 from 333464277794947072 (will retry)
[2026-09-15 14:49:26Z] ❌ Failed to revoke role 🃏 from 193880505521930240 (will retry)
[2026-09-15 14:49:26Z] ❌ Failed to revoke role 🃏 from 194245240041897984 (will retry)
[2026-09-15 14:49:26Z] ❌ Failed to revoke role 🃏 from 195284975183069184 (will retry)
[2026-09-15 14:49:26Z] ❌ Failed to revoke role 🃏 from 243191787294949386 (will retry)
[2026-09-15 14:49:26Z] ❌ Failed to revoke role 🃏 from 333464277794947072 (will retry)
[2026-09-15 14:49:26Z] ❌ Failed to revoke role 🤝 from 195284975183069184 (will retry)
[2026-09-15 14:49:47Z] ❌ Failed to revoke role 🎮 from 193880505521930240 (will retry)
[2026-09-15 14:49:47Z] ❌ Failed to revoke role 🎮 from 243191787294949386 (will retry)
[2026-09-15 14:49:48Z] ❌ Failed to revoke role 🎨 from 193880505521930240 (will retry)
[2026-09-15 14:49:48Z] ❌ Failed to revoke role 🎨 from 243191787294949386 (will retry)
[2026-09-15 14:49:48Z] ❌ Failed to revoke role 🎮 from 194245240041897984 (will retry)
[2026-09-15 14:49:48Z] ❌ Failed to revoke role 🎮 from 195284975183069184 (will retry)
[2026-09-15 14:49:48Z] ❌ Failed to revoke role 🎮 from 234479235551592448 (will retry)
[2026-09-15 14:49:48Z] ❌ Failed to revoke role 🎮 from 333464277794947072 (will retry)
[2026-09-15 14:49:49Z] ❌ Failed to revoke role 🍲 from 195284975183069184 (will retry)
[2026-09-15 14:49:49Z] ❌ Failed to revoke role 🍲 from 243191787294949386 (will retry)
[2026-09-15 14:49:49Z] ❌ Failed to revoke role 🎨 from 195284975183069184 (will retry)
[2026-09-15 14:49:49Z] ❌ Failed to revoke role 🎨 from 234479235551592448 (will retry)
[2026-09-15 14:49:49Z] ❌ Failed to revoke role 🎨 from 333464277794947072 (will retry)
[2026-09-15 14:49:50Z] ❌ Failed to revoke role 🎵 from 193880505521930240 (will retry)
[2026-09-15 14:49:50Z] ❌ Failed to revoke role 🎵 from 243191787294949386 (will retry)
[2026-09-15 14:49:50Z] ❌ Failed to revoke role 💻 from 193880505521930240 (will retry)
[2026-09-15 14:49:50Z] ❌ Failed to revoke role 💻 from 194245240041897984 (will retry)
[2026-09-15 14:49:50Z] ❌ Failed to revoke role 💻 from 333464277794947072 (will retry)
[2026-09-15 14:49:51Z] ❌ Failed to revoke role 🎬 from 195284975183069184 (will retry)
[2026-09-15 14:49:51Z] ❌ Failed to revoke role 🎬 from 234479235551592448 (will retry)
[2026-09-15 14:49:51Z] ❌ Failed to revoke role 🎬 from 243191787294949386 (will retry)
[2026-09-15 14:49:51Z] ❌ Failed to revoke role 🎬 from 333464277794947072 (will retry)
[2026-09-15 14:49:51Z] ❌ Failed to revoke role 🎵 from 195284975183069184 (will retry)
[2026-09-15 14:49:52Z] ❌ Failed to revoke role 🌸 from 193880505521930240 (will retry)
[2026-09-15 14:49:52Z] ❌ Failed to revoke role 🌸 from 194245240041897984 (will retry)
[2026-09-15 14:49:52Z] ❌ Failed to revoke role 🌸 from 195284975183069184 (will retry)
[2026-09-15 14:49:52Z] ❌ Failed to revoke role 🌸 from 234479235551592448 (will retry)
[2026-09-15 14:49:52Z] ❌ Failed to revoke role 🌸 from 243191787294949386 (will retry)
[2026-09-15 14:49:52Z] ❌ Failed to revoke role 🌸 from 333464277794947072 (will retry)
[2026-09-15 14:49:53Z] ❌ Failed to revoke role 🐈 from 193880505521930240 (will retry)
[2026-09-15 14:49:53Z] ❌ Failed to revoke role 🐈 from 195284975183069184 (will retry)
[2026-09-15 14:49:53Z] ❌ Failed to revoke role 🐈 from 234479235551592448 (will retry)
[2026-09-15 14:49:53Z] ❌ Failed to revoke role 🐈 from 243191787294949386 (will retry)
[2026-09-15 14:49:53Z] ❌ Failed to revoke role 🐈 from 333464277794947072 (will retry)
[2026-09-15 14:49:54Z] ❌ Failed to revoke role 🎪 from 193880505521930240 (will retry)
[2026-09-15 14:49:54Z] ❌ Failed to revoke role 🎪 from 194245240041897984 (will retry)
[2026-09-15 14:49:54Z] ❌ Failed to revoke role 🎪 from 195284975183069184 (will retry)
[2026-09-15 14:49:54Z] ❌ Failed to revoke role 🎪 from 234479235551592448 (will retry)
[2026-09-15 14:49:54Z] ❌ Failed to revoke role 🎪 from 243191787294949386 (will retry)
[2026-09-15 14:49:54Z] ❌ Failed to revoke role 🎪 from 333464277794947072 (will retry)
[2026-09-15 14:49:55Z] ❌ Failed to revoke role 🤝 from 193880505521930240 (will retry)
[2026-09-15 14:49:55Z] ❌ Failed to revoke role 🤝 from 194245240041897984 (will retry)
[2026-09-15 14:49:55Z] ❌ Failed to revoke role 🤝 from 195284975183069184 (will retry)
[2026-09-15 14:49:55Z] ❌ Failed to revoke role 🤝 from 234479235551592448 (will retry)
[2026-09-15 14:49:55Z] ❌ Failed to revoke role 🤝 from 243191787294949386 (will retry)
[2026-09-15 14:49:55Z] ❌ Failed to revoke role 🤝 from 333464277794947072 (will retry)
[2026-09-15 14:49:56Z] ❌ Failed to revoke role 🃏 from 193880505521930240 (will retry)
[2026-09-15 14:49:56Z] ❌ Failed to revoke role 🃏 from 194245240041897984 (will retry)
[2026-09-15 14:49:56Z] ❌ Failed to revoke role 🃏 from 195284975183069184 (will retry)
[2026-09-15 14:49:56Z] ❌ Failed to revoke role 🃏 from 243191787294949386 (will retry)
[2026-09-15 14:49:56Z] ❌ Failed to revoke role 🃏 from 333464277794947072 (will retry)
[2026-09-15 14:50:17Z] ❌ Failed to revoke role 🎮 from 193880505521930240 (will retry)
[2026-09-15 14:50:17Z] ❌ Failed to revoke role 🎮 from 243191787294949386 (will retry)
[2026-09-15 14:50:17Z] ❌ Failed to revoke role 🎮 from 333464277794947072 (will retry)
[2026-09-15 14:50:18Z] ❌ Failed to revoke role 🎨 from 193880505521930240 (will retry)
[2026-09-15 14:50:18Z] ❌ Failed to revoke role 🎨 from 243191787294949386 (will retry)
[2026-09-15 14:50:18Z] ❌ Failed to revoke role 🎮 from 194245240041897984 (will retry)
[2026-09-15 14:50:18Z] ❌ Failed to revoke role 🎮 from 195284975183069184 (will retry)
[2026-09-15 14:50:18Z] ❌ Failed to revoke role 🎮 from 234479235551592448 (will retry)
[2026-09-15 14:50:19Z] ❌ Failed to revoke role 🍲 from 195284975183069184 (will retry)
[2026-09-15 14:50:19Z] ❌ Failed to revoke role 🍲 from 243191787294949386 (will retry)
[2026-09-15 14:50:19Z] ❌ Failed to revoke role 🎨 from 195284975183069184 (will retry)
[2026-09-15 14:50:19Z] ❌ Failed to revoke role 🎨 from 234479235551592448 (will retry)
[2026-09-15 14:50:19Z] ❌ Failed to revoke role 🎨 from 333464277794947072 (will retry)
[2026-09-15 14:50:20Z] ❌ Failed to revoke role 🎵 from 193880505521930240 (will retry)
[2026-09-15 14:50:20Z] ❌ Failed to revoke role 🎵 from 195284975183069184 (will retry)
[2026-09-15 14:50:20Z] ❌ Failed to revoke role 🎵 from 243191787294949386 (will retry)
[2026-09-15 14:50:20Z] ❌ Failed to revoke role 💻 from 193880505521930240 (will retry)
[2026-09-15 14:50:20Z] ❌ Failed to revoke role 💻 from 194245240041897984 (will retry)
[2026-09-15 14:50:20Z] ❌ Failed to revoke role 💻 from 333464277794947072 (will retry)
[2026-09-15 14:50:21Z] ❌ Failed to revoke role 🎬 from 195284975183069184 (will retry)
[2026-09-15 14:50:21Z] ❌ Failed to revoke role 🎬 from 234479235551592448 (will retry)
[2026-09-15 14:50:21Z] ❌ Failed to revoke role 🎬 from 243191787294949386 (will retry)
[2026-09-15 14:50:21Z] ❌ Failed to revoke role 🎬 from 333464277794947072 (will retry)
[2026-09-15 14:50:22Z] ❌ Failed to revoke role 🌸 from 193880505521930240 (will retry)
[2026-09-15 14:50:22Z] ❌ Failed to revoke role 🌸 from 194245240041897984 (will retry)
[2026-09-15 14:50:22Z] ❌ Failed to revoke role 🌸 from 195284975183069184 (will retry)
[2026-09-15 14:50:22Z] ❌ Failed to revoke role 🌸 from 234479235551592448 (will retry)
[2026-09-15 14:50:22Z] ❌ Failed to revoke role 🌸 from 243191787294949386 (will retry)
[2026-09-15 14:50:22Z] ❌ Failed to revoke role 🌸 from 333464277794947072 (will retry)
[2026-09-15 14:50:23Z] ❌ Failed to revoke role 🐈 from 193880505521930240 (will retry)
[2026-09-15 14:50:23Z] ❌ Failed to revoke role 🐈 from 195284975183069184 (will retry)
[2026-09-15 14:50:23Z] ❌ Failed to revoke role 🐈 from 234479235551592448 (will retry)
[2026-09-15 14:50:23Z] ❌ Failed to revoke role 🐈 from 243191787294949386 (will retry)
[2026-09-15 14:50:23Z] ❌ Failed to revoke role 🐈 from 333464277794947072 (will retry)
[2026-09-15 14:50:24Z] ❌ Failed to revoke role 🎪 from 193880505521930240 (will retry)
[2026-09-15 14:50:24Z] ❌ Failed to revoke role 🎪 from 194245240041897984 (will retry)
[2026-09-15 14:50:24Z] ❌ Failed to revoke role 🎪 from 195284975183069184 (will retry)
[2026-09-15 14:50:24Z] ❌ Failed to revoke role 🎪 from 234479235551592448 (will retry)
[2026-09-15 14:50:24Z] ❌ Failed to revoke role 🎪 from 243191787294949386 (will retry)
[2026-09-15 14:50:24Z] ❌ Failed to revoke role 🎪 from 333464277794947072 (will retry)
[2026-09-15 14:50:25Z] ❌ Failed to revoke role 🤝 from 193880505521930240 (will retry)
[2026-09-15 14:50:25Z] ❌ Failed to revoke role 🤝 from 194245240041897984 (will retry)
[2026-09-15 14:50:25Z] ❌ Failed to revoke role 🤝 from 195284975183069184 (will retry)
[2026-09-15 14:50:25Z] ❌ Failed to revoke role 🤝 from 234479235551592448 (will retry)
[2026-09-15 14:50:25Z] ❌ Failed to revoke role 🤝 from 243191787294949386 (will retry)
[2026-09-15 14:50:25Z] ❌ Failed to revoke role 🤝 from 333464277794947072 (will retry)
[2026-09-15 14:50:26Z] ❌ Failed to revoke role 🃏 from 193880505521930240 (will retry)
[2026-09-15 14:50:26Z] ❌ Failed to revoke role 🃏 from 194245240041897984 (will retry)
[2026-09-15 14:50:26Z] ❌ Failed to revoke role 🃏 from 195284975183069184 (will retry)
[2026-09-15 14:50:26Z] ❌ Failed to revoke role 🃏 from 243191787294949386 (will retry)
[2026-09-15 14:50:26Z] ❌ Failed to revoke role 🃏 from 333464277794947072 (will retry)
[2026-09-15 14:50:47Z] ❌ Failed to revoke role 🎮 from 193880505521930240 (will retry)
[2026-09-15 14:50:47Z] ❌ Failed to revoke role 🎮 from 243191787294949386 (will retry)
[2026-09-15 14:50:48Z] ❌ Failed to revoke role 🎨 from 193880505521930240 (will retry)
[2026-09-15 14:50:48Z] ❌ Failed to revoke role 🎨 from 243191787294949386 (will retry)
[2026-09-15 14:50:48Z] ❌ Failed to revoke role 🎮 from 194245240041897984 (will retry)
[2026-09-15 14:50:48Z] ❌ Failed to revoke role 🎮 from 195284975183069184 (will retry)
[2026-09-15 14:50:48Z] ❌ Failed to revoke role 🎮 from 234479235551592448 (will retry)
[2026-09-15 14:50:48Z] ❌ Failed to revoke role 🎮 from 333464277794947072 (will retry)
[2026-09-15 14:50:49Z] ❌ Failed to revoke role 🍲 from 195284975183069184 (will retry)
[2026-09-15 14:50:49Z] ❌ Failed to revoke role 🍲 from 243191787294949386 (will retry)
[2026-09-15 14:50:49Z] ❌ Failed to revoke role 🎨 from 195284975183069184 (will retry)
[2026-09-15 14:50:49Z] ❌ Failed to revoke role 🎨 from 234479235551592448 (will retry)
[2026-09-15 14:50:49Z] ❌ Failed to revoke role 🎨 from 333464277794947072 (will retry)
[2026-09-15 14:50:50Z] ❌ Failed to revoke role 🎵 from 193880505521930240 (will retry)
[2026-09-15 14:50:50Z] ❌ Failed to revoke role 🎵 from 243191787294949386 (will retry)
[2026-09-15 14:50:50Z] ❌ Failed to revoke role 💻 from 193880505521930240 (will retry)
[2026-09-15 14:50:50Z] ❌ Failed to revoke role 💻 from 194245240041897984 (will retry)
[2026-09-15 14:50:50Z] ❌ Failed to revoke role 💻 from 333464277794947072 (will retry)
[2026-09-15 14:50:51Z] ❌ Failed to revoke role 🎬 from 195284975183069184 (will retry)
[2026-09-15 14:50:51Z] ❌ Failed to revoke role 🎬 from 234479235551592448 (will retry)
[2026-09-15 14:50:51Z] ❌ Failed to revoke role 🎬 from 243191787294949386 (will retry)
[2026-09-15 14:50:51Z] ❌ Failed to revoke role 🎬 from 333464277794947072 (will retry)
[2026-09-15 14:50:51Z] ❌ Failed to revoke role 🎵 from 195284975183069184 (will retry)
[2026-09-15 14:50:52Z] ❌ Failed to revoke role 🌸 from 193880505521930240 (will retry)
[2026-09-15 14:50:52Z] ❌ Failed to revoke role 🌸 from 194245240041897984 (will retry)
[2026-09-15 14:50:52Z] ❌ Failed to revoke role 🌸 from 195284975183069184 (will retry)
[2026-09-15 14:50:52Z] ❌ Failed to revoke role 🌸 from 234479235551592448 (will retry)
[2026-09-15 14:50:52Z] ❌ Failed to revoke role 🌸 from 243191787294949386 (will retry)
[2026-09-15 14:50:52Z] ❌ Failed to revoke role 🌸 from 333464277794947072 (will retry)
[2026-09-15 14:50:53Z] ❌ Failed to revoke role 🐈 from 193880505521930240 (will retry)
[2026-09-15 14:50:53Z] ❌ Failed to revoke role 🐈 from 195284975183069184 (will retry)
[2026-09-15 14:50:53Z] ❌ Failed to revoke role 🐈 from 234479235551592448 (will retry)
[2026-09-15 14:50:53Z] ❌ Failed to revoke role 🐈 from 243191787294949386 (will retry)
[2026-09-15 14:50:53Z] ❌ Failed to revoke role 🐈 from 333464277794947072 (will retry)
[2026-09-15 14:50:54Z] ❌ Failed to revoke role 🎪 from 193880505521930240 (will retry)
[2026-09-15 14:50:54Z] ❌ Failed to revoke role 🎪 from 194245240041897984 (will retry)
[2026-09-15 14:50:54Z] ❌ Failed to revoke role 🎪 from 195284975183069184 (will retry)
[2026-09-15 14:50:54Z] ❌ Failed to revoke role 🎪 from 234479235551592448 (will retry)
[2026-09-15 14:50:54Z] ❌ Failed to revoke role 🎪 from 243191787294949386 (will retry)
[2026-09-15 14:50:54Z] ❌ Failed to revoke role 🎪 from 333464277794947072 (will retry)
[2026-09-15 14:50:55Z] ❌ Failed to revoke role 🤝 from 193880505521930240 (will retry)
[2026-09-15 14:50:55Z] ❌ Failed to revoke role 🤝 from 194245240041897984 (will retry)
[2026-09-15 14:50:55Z] ❌ Failed to revoke role 🤝 from 195284975183069184 (will retry)
[2026-09-15 14:50:55Z] ❌ Failed to revoke role 🤝 from 234479235551592448 (will retry)
[2026-09-15 14:50:55Z] ❌ Failed to revoke role 🤝 from 243191787294949386 (will retry)
[2026-09-15 14:50:55Z] ❌ Failed to revoke role 🤝 from 333464277794947072 (will retry)
[2026-09-15 14:50:56Z] ❌ Failed to revoke role 🃏 from 193880505521930240 (will retry)
[2026-09-15 14:50:56Z] ❌ Failed to revoke role 🃏 from 194245240041897984 (will retry)
[2026-09-15 14:50:56Z] ❌ Failed to revoke role 🃏 from 195284975183069184 (will retry)
[2026-09-15 14:50:56Z] ❌ Failed to revoke role 🃏 from 243191787294949386 (will retry)
[2026-09-15 14:50:56Z] ❌ Failed to revoke role 🃏 from 333464277794947072 (will retry)
[2026-09-15 14:51:17Z] ❌ Failed to revoke role 🎮 from 193880505521930240 (will retry)
[2026-09-15 14:51:17Z] ❌ Failed to revoke role 🎮 from 243191787294949386 (will retry)
[2026-09-15 14:51:17Z] ❌ Failed to revoke role 🎮 from 333464277794947072 (will retry)
[2026-09-15 14:51:18Z] ❌ Failed to revoke role 🎨 from 193880505521930240 (will retry)
[2026-09-15 14:51:18Z] ❌ Failed to revoke role 🎨 from 243191787294949386 (will retry)
[2026-09-15 14:51:18Z] ❌ Failed to revoke role 🎨 from 333464277794947072 (will retry)
[2026-09-15 14:51:18Z] ❌ Failed to revoke role 🎮 from 194245240041897984 (will retry)
[2026-09-15 14:51:18Z] ❌ Failed to revoke role 🎮 from 195284975183069184 (will retry)
[2026-09-15 14:51:18Z] ❌ Failed to revoke role 🎮 from 234479235551592448 (will retry)
[2026-09-15 14:51:19Z] ❌ Failed to revoke role 🍲 from 195284975183069184 (will retry)
[2026-09-15 14:51:19Z] ❌ Failed to revoke role 🍲 from 243191787294949386 (will retry)
[2026-09-15 14:51:19Z] ❌ Failed to revoke role 🎨 from 195284975183069184 (will retry)
[2026-09-15 14:51:19Z] ❌ Failed to revoke role 🎨 from 234479235551592448 (will retry)
[2026-09-15 14:51:20Z] ❌ Failed to revoke role 🎵 from 193880505521930240 (will retry)
[2026-09-15 14:51:20Z] ❌ Failed to revoke role 🎵 from 243191787294949386 (will retry)
[2026-09-15 14:51:20Z] ❌ Failed to revoke role 💻 from 193880505521930240 (will retry)
[2026-09-15 14:51:20Z] ❌ Failed to revoke role 💻 from 194245240041897984 (will retry)
[2026-09-15 14:51:20Z] ❌ Failed to revoke role 💻 from 333464277794947072 (will retry)
[2026-09-15 14:51:21Z] ❌ Failed to revoke role 🎬 from 195284975183069184 (will retry)
[2026-09-15 14:51:21Z] ❌ Failed to revoke role 🎬 from 234479235551592448 (will retry)
[2026-09-15 14:51:21Z] ❌ Failed to revoke role 🎬 from 243191787294949386 (will retry)
[2026-09-15 14:51:21Z] ❌ Failed to revoke role 🎬 from 333464277794947072 (will retry)
[2026-09-15 14:51:21Z] ❌ Failed to revoke role 🎵 from 195284975183069184 (will retry)
[2026-09-15 14:51:22Z] ❌ Failed to revoke role 🌸 from 193880505521930240 (will retry)
[2026-09-15 14:51:22Z] ❌ Failed to revoke role 🌸 from 194245240041897984 (will retry)
[2026-09-15 14:51:22Z] ❌ Failed to revoke role 🌸 from 195284975183069184 (will retry)
[2026-09-15 14:51:22Z] ❌ Failed to revoke role 🌸 from 234479235551592448 (will retry)
[2026-09-15 14:51:22Z] ❌ Failed to revoke role 🌸 from 243191787294949386 (will retry)
[2026-09-15 14:51:22Z] ❌ Failed to revoke role 🌸 from 333464277794947072 (will retry)
[2026-09-15 14:51:23Z] ❌ Failed to revoke role 🐈 from 193880505521930240 (will retry)
[2026-09-15 14:51:23Z] ❌ Failed to revoke role 🐈 from 195284975183069184 (will retry)
[2026-09-15 14:51:23Z] ❌ Failed to revoke role 🐈 from 234479235551592448 (will retry)
[2026-09-15 14:51:23Z] ❌ Failed to revoke role 🐈 from 243191787294949386 (will retry)
[2026-09-15 14:51:23Z] ❌ Failed to revoke role 🐈 from 333464277794947072 (will retry)
[2026-09-15 14:51:24Z] ❌ Failed to revoke role 🎪 from 193880505521930240 (will retry)
[2026-09-15 14:51:24Z] ❌ Failed to revoke role 🎪 from 194245240041897984 (will retry)
[2026-09-15 14:51:24Z] ❌ Failed to revoke role 🎪 from 195284975183069184 (will retry)
[2026-09-15 14:51:24Z] ❌ Failed to revoke role 🎪 from 234479235551592448 (will retry)
[2026-09-15 14:51:24Z] ❌ Failed to revoke role 🎪 from 243191787294949386 (will retry)
[2026-09-15 14:51:24Z] ❌ Failed to revoke role 🎪 from 333464277794947072 (will retry)
[2026-09-15 14:51:25Z] ❌ Failed to revoke role 🤝 from 193880505521930240 (will retry)
[2026-09-15 14:51:25Z] ❌ Failed to revoke role 🤝 from 194245240041897984 (will retry)
[2026-09-15 14:51:25Z] ❌ Failed to revoke role 🤝 from 195284975183069184 (will retry)
[2026-09-15 14:51:25Z] ❌ Failed to revoke role 🤝 from 234479235551592448 (will retry)
[2026-09-15 14:51:25Z] ❌ Failed to revoke role 🤝 from 243191787294949386 (will retry)
[2026-09-15 14:51:25Z] ❌ Failed to revoke role 🤝 from 333464277794947072 (will retry)
[2026-09-15 14:51:26Z] ❌ Failed to revoke role 🃏 from 193880505521930240 (will retry)
[2026-09-15 14:51:26Z] ❌ Failed to revoke role 🃏 from 194245240041897984 (will retry)
[2026-09-15 14:51:26Z] ❌ Failed to revoke role 🃏 from 195284975183069184 (will retry)
[2026-09-15 14:51:26Z] ❌ Failed to revoke role 🃏 from 243191787294949386 (will retry)
[2026-09-15 14:51:26Z] ❌ Failed to revoke role 🃏 from 333464277794947072 (will retry)
[2026-09-15 14:51:47Z] ❌ Failed to revoke role 🎮 from 193880505521930240 (will retry)
[2026-09-15 14:51:47Z] ❌ Failed to revoke role 🎮 from 243191787294949386 (will retry)
[2026-09-15 14:51:47Z] ❌ Failed to revoke role 🎮 from 333464277794947072 (will retry)
[2026-09-15 14:51:48Z] ❌ Failed to revoke role 🎨 from 193880505521930240 (will retry)
[2026-09-15 14:51:48Z] ❌ Failed to revoke role 🎨 from 243191787294949386 (will retry)
[2026-09-15 14:51:48Z] ❌ Failed to revoke role 🎮 from 194245240041897984 (will retry)
[2026-09-15 14:51:48Z] ❌ Failed to revoke role 🎮 from 195284975183069184 (will retry)
[2026-09-15 14:51:48Z] ❌ Failed to revoke role 🎮 from 234479235551592448 (will retry)
[2026-09-15 14:51:49Z] ❌ Failed to revoke role 🍲 from 195284975183069184 (will retry)
[2026-09-15 14:51:49Z] ❌ Failed to revoke role 🍲 from 243191787294949386 (will retry)
[2026-09-15 14:51:49Z] ❌ Failed to revoke role 🎨 from 195284975183069184 (will retry)
[2026-09-15 14:51:49Z] ❌ Failed to revoke role 🎨 from 234479235551592448 (will retry)
[2026-09-15 14:51:49Z] ❌ Failed to revoke role 🎨 from 333464277794947072 (will retry)
[2026-09-15 14:51:50Z] ❌ Failed to revoke role 🎵 from 193880505521930240 (will retry)
[2026-09-15 14:51:50Z] ❌ Failed to revoke role 🎵 from 243191787294949386 (will retry)
[2026-09-15 14:51:50Z] ❌ Failed to revoke role 💻 from 193880505521930240 (will retry)
[2026-09-15 14:51:50Z] ❌ Failed to revoke role 💻 from 194245240041897984 (will retry)
[2026-09-15 14:51:50Z] ❌ Failed to revoke role 💻 from 333464277794947072 (will retry)
[2026-09-15 14:51:51Z] ❌ Failed to revoke role 🎬 from 195284975183069184 (will retry)
[2026-09-15 14:51:51Z] ❌ Failed to revoke role 🎬 from 234479235551592448 (will retry)
[2026-09-15 14:51:51Z] ❌ Failed to revoke role 🎬 from 243191787294949386 (will retry)
[2026-09-15 14:51:51Z] ❌ Failed to revoke role 🎬 from 333464277794947072 (will retry)
[2026-09-15 14:51:51Z] ❌ Failed to revoke role 🎵 from 195284975183069184 (will retry)
[2026-09-15 14:51:52Z] ❌ Failed to revoke role 🌸 from 193880505521930240 (will retry)
[2026-09-15 14:51:52Z] ❌ Failed to revoke role 🌸 from 194245240041897984 (will retry)
[2026-09-15 14:51:52Z] ❌ Failed to revoke role 🌸 from 195284975183069184 (will retry)
[2026-09-15 14:51:52Z] ❌ Failed to revoke role 🌸 from 234479235551592448 (will retry)
[2026-09-15 14:51:52Z] ❌ Failed to revoke role 🌸 from 243191787294949386 (will retry)
[2026-09-15 14:51:52Z] ❌ Failed to revoke role 🌸 from 333464277794947072 (will retry)
[2026-09-15 14:51:53Z] ❌ Failed to revoke role 🐈 from 193880505521930240 (will retry)
[2026-09-15 14:51:53Z] ❌ Failed to revoke role 🐈 from 195284975183069184 (will retry)
[2026-09-15 14:51:53Z] ❌ Failed to revoke role 🐈 from 234479235551592448 (will retry)
[2026-09-15 14:51:53Z] ❌ Failed to revoke role 🐈 from 243191787294949386 (will retry)
[2026-09-15 14:51:53Z] ❌ Failed to revoke role 🐈 from 333464277794947072 (will retry)
[2026-09-15 14:51:54Z] ❌ Failed to revoke role 🎪 from 193880505521930240 (will retry)
[2026-09-15 14:51:54Z] ❌ Failed to revoke role 🎪 from 194245240041897984 (will retry)
[2026-09-15 14:51:54Z] ❌ Failed to revoke role 🎪 from 195284975183069184 (will retry)
[2026-09-15 14:51:54Z] ❌ Failed to revoke role 🎪 from 234479235551592448 (will retry)
[2026-09-15 14:51:54Z] ❌ Failed to revoke role 🎪 from 243191787294949386 (will retry)
[2026-09-15 14:51:54Z] ❌ Failed to revoke role 🎪 from 333464277794947072 (will retry)
[2026-09-15 14:51:55Z] ❌ Failed to revoke role 🤝 from 193880505521930240 (will retry)
[2026-09-15 14:51:55Z] ❌ Failed to revoke role 🤝 from 194245240041897984 (will retry)
[2026-09-15 14:51:55Z] ❌ Failed to revoke role 🤝 from 234479235551592448 (will retry)
[2026-09-15 14:51:55Z] ❌ Failed to revoke role 🤝 from 243191787294949386 (will retry)
[2026-09-15 14:51:55Z] ❌ Failed to revoke role 🤝 from 333464277794947072 (will retry)
[2026-09-15 14:51:56Z] ❌ Failed to revoke role 🃏 from 193880505521930240 (will retry)
[2026-09-15 14:51:56Z] ❌ Failed to revoke role 🃏 from 194245240041897984 (will retry)
[2026-09-15 14:51:56Z] ❌ Failed to revoke role 🃏 from 195284975183069184 (will retry)
[2026-09-15 14:51:56Z] ❌ Failed to revoke role 🃏 from 243191787294949386 (will retry)
[2026-09-15 14:51:56Z] ❌ Failed to revoke role 🃏 from 333464277794947072 (will retry)
[2026-09-15 14:51:56Z] ❌ Failed to revoke role 🤝 from 195284975183069184 (will retry)
[2026-09-15 14:52:17Z] ❌ Failed to revoke role 🎮 from 193880505521930240 (will retry)
[2026-09-15 14:52:17Z] ❌ Failed to revoke role 🎮 from 243191787294949386 (will retry)
[2026-09-15 14:52:18Z] ❌ Failed to revoke role 🎨 from 193880505521930240 (will retry)
[2026-09-15 14:52:18Z] ❌ Failed to revoke role 🎮 from 194245240041897984 (will retry)
[2026-09-15 14:52:18Z] ❌ Failed to revoke role 🎮 from 195284975183069184 (will retry)
[2026-09-15 14:52:18Z] ❌ Failed to revoke role 🎮 from 234479235551592448 (will retry)
[2026-09-15 14:52:18Z] ❌ Failed to revoke role 🎮 from 333464277794947072 (will retry)
[2026-09-15 14:52:19Z] ❌ Failed to revoke role 🍲 from 243191787294949386 (will retry)
[2026-09-15 14:52:19Z] ❌ Failed to revoke role 🎨 from 195284975183069184 (will retry)
[2026-09-15 14:52:19Z] ❌ Failed to revoke role 🎨 from 234479235551592448 (will retry)
[2026-09-15 14:52:19Z] ❌ Failed to revoke role 🎨 from 243191787294949386 (will retry)
[2026-09-15 14:52:19Z] ❌ Failed to revoke role 🎨 from 333464277794947072 (will retry)
[2026-09-15 14:52:20Z] ❌ Failed to revoke role 🍲 from 195284975183069184 (will retry)
[2026-09-15 14:52:20Z] ❌ Failed to revoke role 💻 from 193880505521930240 (will retry)
[2026-09-15 14:52:20Z] ❌ Failed to revoke role 💻 from 194245240041897984 (will retry)
[2026-09-15 14:52:20Z] ❌ Failed to revoke role 💻 from 333464277794947072 (will retry)
[2026-09-15 14:52:21Z] ❌ Failed to revoke role 🎬 from 234479235551592448 (will retry)
[2026-09-15 14:52:21Z] ❌ Failed to revoke role 🎬 from 243191787294949386 (will retry)
[2026-09-15 14:52:21Z] ❌ Failed to revoke role 🎬 from 333464277794947072 (will retry)
[2026-09-15 14:52:21Z] ❌ Failed to revoke role 🎵 from 193880505521930240 (will retry)
[2026-09-15 14:52:21Z] ❌ Failed to revoke role 🎵 from 195284975183069184 (will retry)
[2026-09-15 14:52:21Z] ❌ Failed to revoke role 🎵 from 243191787294949386 (will retry)
[2026-09-15 14:52:22Z] ❌ Failed to revoke role 🌸 from 193880505521930240 (will retry)
[2026-09-15 14:52:22Z] ❌ Failed to revoke role 🌸 from 194245240041897984 (will retry)
[2026-09-15 14:52:22Z] ❌ Failed to revoke role 🌸 from 243191787294949386 (will retry)
[2026-09-15 14:52:22Z] ❌ Failed to revoke role 🌸 from 333464277794947072 (will retry)
[2026-09-15 14:52:22Z] ❌ Failed to revoke role 🎬 from 195284975183069184 (will retry)
[2026-09-15 14:52:23Z] ❌ Failed to revoke role 🌸 from 195284975183069184 (will retry)
[2026-09-15 14:52:23Z] ❌ Failed to revoke role 🌸 from 234479235551592448 (will retry)
[2026-09-15 14:52:23Z] ❌ Failed to revoke role 🐈 from 193880505521930240 (will retry)
[2026-09-15 14:52:23Z] ❌ Failed to revoke role 🐈 from 234479235551592448 (will retry)
[2026-09-15 14:52:23Z] ❌ Failed to revoke role 🐈 from 243191787294949386 (will retry)
[2026-09-15 14:52:23Z] ❌ Failed to revoke role 🐈 from 333464277794947072 (will retry)
[2026-09-15 14:52:24Z] ❌ Failed to revoke role 🎪 from 193880505521930240 (will retry)
[2026-09-15 14:52:24Z] ❌ Failed to revoke role 🎪 from 194245240041897984 (will retry)
[2026-09-15 14:52:24Z] ❌ Failed to revoke role 🎪 from 234479235551592448 (will retry)
[2026-09-15 14:52:24Z] ❌ Failed to revoke role 🎪 from 243191787294949386 (will retry)
[2026-09-15 14:52:24Z] ❌ Failed to revoke role 🎪 from 333464277794947072 (will retry)
[2026-09-15 14:52:24Z] ❌ Failed to revoke role 🐈 from 195284975183069184 (will retry)
[2026-09-15 14:52:25Z] ❌ Failed to revoke role 🎪 from 195284975183069184 (will retry)
[2026-09-15 14:52:25Z] ❌ Failed to revoke role 🤝 from 193880505521930240 (will retry)
[2026-09-15 14:52:25Z] ❌ Failed to revoke role 🤝 from 194245240041897984 (will retry)
[2026-09-15 14:52:25Z] ❌ Failed to revoke role 🤝 from 234479235551592448 (will retry)
[2026-09-15 14:52:25Z] ❌ Failed to revoke role 🤝 from 243191787294949386 (will retry)
[2026-09-15 14:52:25Z] ❌ Failed to revoke role 🤝 from 333464277794947072 (will retry)
[2026-09-15 14:52:26Z] ❌ Failed to revoke role 🃏 from 193880505521930240 (will retry)
[2026-09-15 14:52:26Z] ❌ Failed to revoke role 🃏 from 194245240041897984 (will retry)
[2026-09-15 14:52:26Z] ❌ Failed to revoke role 🃏 from 243191787294949386 (will retry)
[2026-09-15 14:52:26Z] ❌ Failed to revoke role 🃏 from 333464277794947072 (will retry)
[2026-09-15 14:52:26Z] ❌ Failed to revoke role 🤝 from 195284975183069184 (will retry)
[2026-09-15 14:52:27Z] ❌ Failed to revoke role 🃏 from 195284975183069184 (will retry)
[2026-09-15 14:52:47Z] ❌ Failed to revoke role 🎮 from 193880505521930240 (will retry)
[2026-09-15 14:52:47Z] ❌ Failed to revoke role 🎮 from 243191787294949386 (will retry)
[2026-09-15 14:52:47Z] ❌ Failed to revoke role 🎮 from 333464277794947072 (will retry)
[2026-09-15 14:52:48Z] ❌ Failed to revoke role 🎨 from 193880505521930240 (will retry)
[2026-09-15 14:52:48Z] ❌ Failed to revoke role 🎮 from 194245240041897984 (will retry)
[2026-09-15 14:52:48Z] ❌ Failed to revoke role 🎮 from 195284975183069184 (will retry)
[2026-09-15 14:52:48Z] ❌ Failed to revoke role 🎮 from 234479235551592448 (will retry)
[2026-09-15 14:52:49Z] ❌ Failed to revoke role 🍲 from 195284975183069184 (will retry)
[2026-09-15 14:52:49Z] ❌ Failed to revoke role 🍲 from 243191787294949386 (will retry)
[2026-09-15 14:52:49Z] ❌ Failed to revoke role 🎨 from 195284975183069184 (will retry)
[2026-09-15 14:52:49Z] ❌ Failed to revoke role 🎨 from 234479235551592448 (will retry)
[2026-09-15 14:52:49Z] ❌ Failed to revoke role 🎨 from 243191787294949386 (will retry)
[2026-09-15 14:52:49Z] ❌ Failed to revoke role 🎨 from 333464277794947072 (will retry)
[2026-09-15 14:52:50Z] ❌ Failed to revoke role 🎵 from 193880505521930240 (will retry)
[2026-09-15 14:52:50Z] ❌ Failed to revoke role 🎵 from 243191787294949386 (will retry)
[2026-09-15 14:52:50Z] ❌ Failed to revoke role 💻 from 193880505521930240 (will retry)
[2026-09-15 14:52:50Z] ❌ Failed to revoke role 💻 from 194245240041897984 (will retry)
[2026-09-15 14:52:50Z] ❌ Failed to revoke role 💻 from 333464277794947072 (will retry)
[2026-09-15 14:52:51Z] ❌ Failed to revoke role 🎬 from 195284975183069184 (will retry)
[2026-09-15 14:52:51Z] ❌ Failed to revoke role 🎬 from 234479235551592448 (will retry)
[2026-09-15 14:52:51Z] ❌ Failed to revoke role 🎬 from 243191787294949386 (will retry)
[2026-09-15 14:52:51Z] ❌ Failed to revoke role 🎬 from 333464277794947072 (will retry)
[2026-09-15 14:52:51Z] ❌ Failed to revoke role 🎵 from 195284975183069184 (will retry)
[2026-09-15 14:52:52Z] ❌ Failed to revoke role 🌸 from 193880505521930240 (will retry)
[2026-09-15 14:52:52Z] ❌ Failed to revoke role 🌸 from 243191787294949386 (will retry)
[2026-09-15 14:52:52Z] ❌ Failed to revoke role 🌸 from 333464277794947072 (will retry)
[2026-09-15 14:52:53Z] ❌ Failed to revoke role 🌸 from 194245240041897984 (will retry)
[2026-09-15 14:52:53Z] ❌ Failed to revoke role 🌸 from 195284975183069184 (will retry)
[2026-09-15 14:52:53Z] ❌ Failed to revoke role 🌸 from 234479235551592448 (will retry)
[2026-09-15 14:52:53Z] ❌ Failed to revoke role 🐈 from 193880505521930240 (will retry)
[2026-09-15 14:52:54Z] ❌ Failed to revoke role 🎪 from 193880505521930240 (will retry)
[2026-09-15 14:52:54Z] ❌ Failed to revoke role 🎪 from 243191787294949386 (will retry)
[2026-09-15 14:52:54Z] ❌ Failed to revoke role 🐈 from 195284975183069184 (will retry)
[2026-09-15 14:52:54Z] ❌ Failed to revoke role 🐈 from 234479235551592448 (will retry)
[2026-09-15 14:52:54Z] ❌ Failed to revoke role 🐈 from 243191787294949386 (will retry)
[2026-09-15 14:52:54Z] ❌ Failed to revoke role 🐈 from 333464277794947072 (will retry)
[2026-09-15 14:52:55Z] ❌ Failed to revoke role 🎪 from 194245240041897984 (will retry)
[2026-09-15 14:52:55Z] ❌ Failed to revoke role 🎪 from 195284975183069184 (will retry)
[2026-09-15 14:52:55Z] ❌ Failed to revoke role 🎪 from 234479235551592448 (will retry)
[2026-09-15 14:52:55Z] ❌ Failed to revoke role 🎪 from 333464277794947072 (will retry)
[2026-09-15 14:52:55Z] ❌ Failed to revoke role 🤝 from 193880505521930240 (will retry)
[2026-09-15 14:52:56Z] ❌ Failed to revoke role 🃏 from 193880505521930240 (will retry)
[2026-09-15 14:52:56Z] ❌ Failed to revoke role 🤝 from 194245240041897984 (will retry)
[2026-09-15 14:52:56Z] ❌ Failed to revoke role 🤝 from 195284975183069184 (will retry)
[2026-09-15 14:52:56Z] ❌ Failed to revoke role 🤝 from 234479235551592448 (will retry)
[2026-09-15 14:52:56Z] ❌ Failed to revoke role 🤝 from 243191787294949386 (will retry)
[2026-09-15 14:52:56Z] ❌ Failed to revoke role 🤝 from 333464277794947072 (will retry)
[2026-09-15 14:52:57Z] ❌ Failed to revoke role 🃏 from 194245240041897984 (will retry)
[2026-09-15 14:52:57Z] ❌ Failed to revoke role 🃏 from 195284975183069184 (will retry)
[2026-09-15 14:52:57Z] ❌ Failed to revoke role 🃏 from 243191787294949386 (will retry)
[2026-09-15 14:52:57Z] ❌ Failed to revoke role 🃏 from 333464277794947072 (will retry)
[2026-09-15 14:53:17Z] ❌ Failed to revoke role 🎮 from 193880505521930240 (will retry)
[2026-09-15 14:53:17Z] ❌ Failed to revoke role 🎮 from 243191787294949386 (will retry)
[2026-09-15 14:53:18Z] ❌ Failed to revoke role 🎨 from 193880505521930240 (will retry)
[2026-09-15 14:53:18Z] ❌ Failed to revoke role 🎨 from 243191787294949386 (will retry)
[2026-09-15 14:53:18Z] ❌ Failed to revoke role 🎮 from 194245240041897984 (will retry)
[2026-09-15 14:53:18Z] ❌ Failed to revoke role 🎮 from 195284975183069184 (will retry)
[2026-09-15 14:53:18Z] ❌ Failed to revoke role 🎮 from 234479235551592448 (will retry)
[2026-09-15 14:53:18Z] ❌ Failed to revoke role 🎮 from 333464277794947072 (will retry)
[2026-09-15 14:53:19Z] ❌ Failed to revoke role 🍲 from 195284975183069184 (will retry)
[2026-09-15 14:53:19Z] ❌ Failed to revoke role 🍲 from 243191787294949386 (will retry)
[2026-09-15 14:53:19Z] ❌ Failed to revoke role 🎨 from 195284975183069184 (will retry)
[2026-09-15 14:53:19Z] ❌ Failed to revoke role 🎨 from 234479235551592448 (will retry)
[2026-09-15 14:53:19Z] ❌ Failed to revoke role 🎨 from 333464277794947072 (will retry)
[2026-09-15 14:53:20Z] ❌ Failed to revoke role 🎵 from 193880505521930240 (will retry)
[2026-09-15 14:53:20Z] ❌ Failed to revoke role 💻 from 193880505521930240 (will retry)
[2026-09-15 14:53:20Z] ❌ Failed to revoke role 💻 from 194245240041897984 (will retry)
[2026-09-15 14:53:20Z] ❌ Failed to revoke role 💻 from 333464277794947072 (will retry)
[2026-09-15 14:53:21Z] ❌ Failed to revoke role 🎬 from 195284975183069184 (will retry)
[2026-09-15 14:53:21Z] ❌ Failed to revoke role 🎬 from 234479235551592448 (will retry)
[2026-09-15 14:53:21Z] ❌ Failed to revoke role 🎬 from 243191787294949386 (will retry)
[2026-09-15 14:53:21Z] ❌ Failed to revoke role 🎬 from 333464277794947072 (will retry)
[2026-09-15 14:53:21Z] ❌ Failed to revoke role 🎵 from 195284975183069184 (will retry)
[2026-09-15 14:53:21Z] ❌ Failed to revoke role 🎵 from 243191787294949386 (will retry)
[2026-09-15 14:53:22Z] ❌ Failed to revoke role 🌸 from 193880505521930240 (will retry)
[2026-09-15 14:53:22Z] ❌ Failed to revoke role 🌸 from 194245240041897984 (will retry)
[2026-09-15 14:53:22Z] ❌ Failed to revoke role 🌸 from 195284975183069184 (will retry)
[2026-09-15 14:53:22Z] ❌ Failed to revoke role 🌸 from 234479235551592448 (will retry)
[2026-09-15 14:53:22Z] ❌ Failed to revoke role 🌸 from 243191787294949386 (will retry)
[2026-09-15 14:53:22Z] ❌ Failed to revoke role 🌸 from 333464277794947072 (will retry)
[2026-09-15 14:53:23Z] ❌ Failed to revoke role 🐈 from 193880505521930240 (will retry)
[2026-09-15 14:53:23Z] ❌ Failed to revoke role 🐈 from 195284975183069184 (will retry)
[2026-09-15 14:53:23Z] ❌ Failed to revoke role 🐈 from 234479235551592448 (will retry)
[2026-09-15 14:53:23Z] ❌ Failed to revoke role 🐈 from 243191787294949386 (will retry)
[2026-09-15 14:53:23Z] ❌ Failed to revoke role 🐈 from 333464277794947072 (will retry)
[2026-09-15 14:53:24Z] ❌ Failed to revoke role 🎪 from 193880505521930240 (will retry)
[2026-09-15 14:53:24Z] ❌ Failed to revoke role 🎪 from 194245240041897984 (will retry)
[2026-09-15 14:53:24Z] ❌ Failed to revoke role 🎪 from 195284975183069184 (will retry)
[2026-09-15 14:53:24Z] ❌ Failed to revoke role 🎪 from 234479235551592448 (will retry)
[2026-09-15 14:53:24Z] ❌ Failed to revoke role 🎪 from 243191787294949386 (will retry)
[2026-09-15 14:53:24Z] ❌ Failed to revoke role 🎪 from 333464277794947072 (will retry)
[2026-09-15 14:53:25Z] ❌ Failed to revoke role 🤝 from 193880505521930240 (will retry)
[2026-09-15 14:53:25Z] ❌ Failed to revoke role 🤝 from 194245240041897984 (will retry)
[2026-09-15 14:53:25Z] ❌ Failed to revoke role 🤝 from 195284975183069184 (will retry)
[2026-09-15 14:53:25Z] ❌ Failed to revoke role 🤝 from 234479235551592448 (will retry)
[2026-09-15 14:53:25Z] ❌ Failed to revoke role 🤝 from 243191787294949386 (will retry)
[2026-09-15 14:53:25Z] ❌ Failed to revoke role 🤝 from 333464277794947072 (will retry)
[2026-09-15 14:53:26Z] ❌ Failed to revoke role 🃏 from 193880505521930240 (will retry)
[2026-09-15 14:53:26Z] ❌ Failed to revoke role 🃏 from 194245240041897984 (will retry)
[2026-09-15 14:53:26Z] ❌ Failed to revoke role 🃏 from 195284975183069184 (will retry)
[2026-09-15 14:53:26Z] ❌ Failed to revoke role 🃏 from 243191787294949386 (will retry)
[2026-09-15 14:53:26Z] ❌ Failed to revoke role 🃏 from 333464277794947072 (will retry)
[2026-09-15 14:53:47Z] ❌ Failed to revoke role 🎮 from 193880505521930240 (will retry)
[2026-09-15 14:53:47Z] ❌ Failed to revoke role 🎮 from 243191787294949386 (will retry)
[2026-09-15 14:53:47Z] ❌ Failed to revoke role 🎮 from 333464277794947072 (will retry)
[2026-09-15 14:53:48Z] ❌ Failed to revoke role 🎨 from 193880505521930240 (will retry)
[2026-09-15 14:53:48Z] ❌ Failed to revoke role 🎨 from 243191787294949386 (will retry)
[2026-09-15 14:53:48Z] ❌ Failed to revoke role 🎮 from 194245240041897984 (will retry)
[2026-09-15 14:53:48Z] ❌ Failed to revoke role 🎮 from 195284975183069184 (will retry)
[2026-09-15 14:53:48Z] ❌ Failed to revoke role 🎮 from 234479235551592448 (will retry)
[2026-09-15 14:53:49Z] ❌ Failed to revoke role 🍲 from 195284975183069184 (will retry)
[2026-09-15 14:53:49Z] ❌ Failed to revoke role 🍲 from 243191787294949386 (will retry)
[2026-09-15 14:53:49Z] ❌ Failed to revoke role 🎨 from 195284975183069184 (will retry)
[2026-09-15 14:53:49Z] ❌ Failed to revoke role 🎨 from 234479235551592448 (will retry)
[2026-09-15 14:53:49Z] ❌ Failed to revoke role 🎨 from 333464277794947072 (will retry)
[2026-09-15 14:53:50Z] ❌ Failed to revoke role 🎵 from 193880505521930240 (will retry)
[2026-09-15 14:53:50Z] ❌ Failed to revoke role 🎵 from 243191787294949386 (will retry)
[2026-09-15 14:53:50Z] ❌ Failed to revoke role 💻 from 193880505521930240 (will retry)
[2026-09-15 14:53:50Z] ❌ Failed to revoke role 💻 from 194245240041897984 (will retry)
[2026-09-15 14:53:50Z] ❌ Failed to revoke role 💻 from 333464277794947072 (will retry)
[2026-09-15 14:53:51Z] ❌ Failed to revoke role 🎬 from 195284975183069184 (will retry)
[2026-09-15 14:53:51Z] ❌ Failed to revoke role 🎬 from 234479235551592448 (will retry)
[2026-09-15 14:53:51Z] ❌ Failed to revoke role 🎬 from 243191787294949386 (will retry)
[2026-09-15 14:53:51Z] ❌ Failed to revoke role 🎬 from 333464277794947072 (will retry)
[2026-09-15 14:53:51Z] ❌ Failed to revoke role 🎵 from 195284975183069184 (will retry)
[2026-09-15 14:53:52Z] ❌ Failed to revoke role 🌸 from 193880505521930240 (will retry)
[2026-09-15 14:53:52Z] ❌ Failed to revoke role 🌸 from 194245240041897984 (will retry)
[2026-09-15 14:53:52Z] ❌ Failed to revoke role 🌸 from 195284975183069184 (will retry)
[2026-09-15 14:53:52Z] ❌ Failed to revoke role 🌸 from 234479235551592448 (will retry)
[2026-09-15 14:53:52Z] ❌ Failed to revoke role 🌸 from 243191787294949386 (will retry)
[2026-09-15 14:53:52Z] ❌ Failed to revoke role 🌸 from 333464277794947072 (will retry)
[2026-09-15 14:53:53Z] ❌ Failed to revoke role 🎪 from 193880505521930240 (will retry)
[2026-09-15 14:53:53Z] ❌ Failed to revoke role 🎪 from 243191787294949386 (will retry)
[2026-09-15 14:53:53Z] ❌ Failed to revoke role 🐈 from 193880505521930240 (will retry)
[2026-09-15 14:53:53Z] ❌ Failed to revoke role 🐈 from 195284975183069184 (will retry)
[2026-09-15 14:53:53Z] ❌ Failed to revoke role 🐈 from 234479235551592448 (will retry)
[2026-09-15 14:53:53Z] ❌ Failed to revoke role 🐈 from 243191787294949386 (will retry)
[2026-09-15 14:53:53Z] ❌ Failed to revoke role 🐈 from 333464277794947072 (will retry)
[2026-09-15 14:53:54Z] ❌ Failed to revoke role 🎪 from 194245240041897984 (will retry)
[2026-09-15 14:53:54Z] ❌ Failed to revoke role 🎪 from 195284975183069184 (will retry)
[2026-09-15 14:53:54Z] ❌ Failed to revoke role 🎪 from 234479235551592448 (will retry)
[2026-09-15 14:53:54Z] ❌ Failed to revoke role 🎪 from 333464277794947072 (will retry)
[2026-09-15 14:53:54Z] ❌ Failed to revoke role 🤝 from 193880505521930240 (will retry)
[2026-09-15 14:53:54Z] ❌ Failed to revoke role 🤝 from 243191787294949386 (will retry)
[2026-09-15 14:53:55Z] ❌ Failed to revoke role 🃏 from 193880505521930240 (will retry)
[2026-09-15 14:53:55Z] ❌ Failed to revoke role 🤝 from 194245240041897984 (will retry)
[2026-09-15 14:53:55Z] ❌ Failed to revoke role 🤝 from 195284975183069184 (will retry)
[2026-09-15 14:53:55Z] ❌ Failed to revoke role 🤝 from 234479235551592448 (will retry)
[2026-09-15 14:53:55Z] ❌ Failed to revoke role 🤝 from 333464277794947072 (will retry)
[2026-09-15 14:53:56Z] ❌ Failed to revoke role 🃏 from 194245240041897984 (will retry)
[2026-09-15 14:53:56Z] ❌ Failed to revoke role 🃏 from 195284975183069184 (will retry)
[2026-09-15 14:53:56Z] ❌ Failed to revoke role 🃏 from 243191787294949386 (will retry)
[2026-09-15 14:53:56Z] ❌ Failed to revoke role 🃏 from 333464277794947072 (will retry)
[2026-09-15 14:54:17Z] ❌ Failed to revoke role 🎮 from 193880505521930240 (will retry)
[2026-09-15 14:54:17Z] ❌ Failed to revoke role 🎮 from 243191787294949386 (will retry)
[2026-09-15 14:54:17Z] ❌ Failed to revoke role 🎮 from 333464277794947072 (will retry)
[2026-09-15 14:54:18Z] ❌ Failed to revoke role 🎨 from 193880505521930240 (will retry)
[2026-09-15 14:54:18Z] ❌ Failed to revoke role 🎨 from 243191787294949386 (will retry)
[2026-09-15 14:54:18Z] ❌ Failed to revoke role 🎮 from 194245240041897984 (will retry)
[2026-09-15 14:54:18Z] ❌ Failed to revoke role 🎮 from 195284975183069184 (will retry)
[2026-09-15 14:54:18Z] ❌ Failed to revoke role 🎮 from 234479235551592448 (will retry)
[2026-09-15 14:54:19Z] ❌ Failed to revoke role 🍲 from 195284975183069184 (will retry)
[2026-09-15 14:54:19Z] ❌ Failed to revoke role 🍲 from 243191787294949386 (will retry)
[2026-09-15 14:54:19Z] ❌ Failed to revoke role 🎨 from 195284975183069184 (will retry)
[2026-09-15 14:54:19Z] ❌ Failed to revoke role 🎨 from 234479235551592448 (will retry)
[2026-09-15 14:54:19Z] ❌ Failed to revoke role 🎨 from 333464277794947072 (will retry)
[2026-09-15 14:54:20Z] ❌ Failed to revoke role 🎵 from 193880505521930240 (will retry)
[2026-09-15 14:54:20Z] ❌ Failed to revoke role 🎵 from 195284975183069184 (will retry)
[2026-09-15 14:54:20Z] ❌ Failed to revoke role 🎵 from 243191787294949386 (will retry)
[2026-09-15 14:54:20Z] ❌ Failed to revoke role 💻 from 193880505521930240 (will retry)
[2026-09-15 14:54:20Z] ❌ Failed to revoke role 💻 from 194245240041897984 (will retry)
[2026-09-15 14:54:20Z] ❌ Failed to revoke role 💻 from 333464277794947072 (will retry)
[2026-09-15 14:54:21Z] ❌ Failed to revoke role 🎬 from 195284975183069184 (will retry)
[2026-09-15 14:54:21Z] ❌ Failed to revoke role 🎬 from 234479235551592448 (will retry)
[2026-09-15 14:54:21Z] ❌ Failed to revoke role 🎬 from 243191787294949386 (will retry)
[2026-09-15 14:54:21Z] ❌ Failed to revoke role 🎬 from 333464277794947072 (will retry)
[2026-09-15 14:54:22Z] ❌ Failed to revoke role 🌸 from 193880505521930240 (will retry)
[2026-09-15 14:54:22Z] ❌ Failed to revoke role 🌸 from 194245240041897984 (will retry)
[2026-09-15 14:54:22Z] ❌ Failed to revoke role 🌸 from 195284975183069184 (will retry)
[2026-09-15 14:54:22Z] ❌ Failed to revoke role 🌸 from 234479235551592448 (will retry)
[2026-09-15 14:54:22Z] ❌ Failed to revoke role 🌸 from 243191787294949386 (will retry)
[2026-09-15 14:54:22Z] ❌ Failed to revoke role 🌸 from 333464277794947072 (will retry)
[2026-09-15 14:54:23Z] ❌ Failed to revoke role 🎪 from 193880505521930240 (will retry)
[2026-09-15 14:54:23Z] ❌ Failed to revoke role 🐈 from 193880505521930240 (will retry)
[2026-09-15 14:54:23Z] ❌ Failed to revoke role 🐈 from 195284975183069184 (will retry)
[2026-09-15 14:54:23Z] ❌ Failed to revoke role 🐈 from 234479235551592448 (will retry)
[2026-09-15 14:54:23Z] ❌ Failed to revoke role 🐈 from 243191787294949386 (will retry)
[2026-09-15 14:54:23Z] ❌ Failed to revoke role 🐈 from 333464277794947072 (will retry)
[2026-09-15 14:54:24Z] ❌ Failed to revoke role 🎪 from 194245240041897984 (will retry)
[2026-09-15 14:54:24Z] ❌ Failed to revoke role 🎪 from 195284975183069184 (will retry)
[2026-09-15 14:54:24Z] ❌ Failed to revoke role 🎪 from 234479235551592448 (will retry)
[2026-09-15 14:54:24Z] ❌ Failed to revoke role 🎪 from 243191787294949386 (will retry)
[2026-09-15 14:54:24Z] ❌ Failed to revoke role 🎪 from 333464277794947072 (will retry)
[2026-09-15 14:54:24Z] ❌ Failed to revoke role 🤝 from 193880505521930240 (will retry)
[2026-09-15 14:54:25Z] ❌ Failed to revoke role 🃏 from 193880505521930240 (will retry)
[2026-09-15 14:54:25Z] ❌ Failed to revoke role 🤝 from 194245240041897984 (will retry)
[2026-09-15 14:54:25Z] ❌ Failed to revoke role 🤝 from 195284975183069184 (will retry)
[2026-09-15 14:54:25Z] ❌ Failed to revoke role 🤝 from 234479235551592448 (will retry)
[2026-09-15 14:54:25Z] ❌ Failed to revoke role 🤝 from 243191787294949386 (will retry)
[2026-09-15 14:54:25Z] ❌ Failed to revoke role 🤝 from 333464277794947072 (will retry)
[2026-09-15 14:54:26Z] ❌ Failed to revoke role 🃏 from 194245240041897984 (will retry)
[2026-09-15 14:54:26Z] ❌ Failed to revoke role 🃏 from 195284975183069184 (will retry)
[2026-09-15 14:54:26Z] ❌ Failed to revoke role 🃏 from 243191787294949386 (will retry)
[2026-09-15 14:54:26Z] ❌ Failed to revoke role 🃏 from 333464277794947072 (will retry)
[2026-09-15 14:54:47Z] ❌ Failed to revoke role 🎮 from 193880505521930240 (will retry)
[2026-09-15 14:54:47Z] ❌ Failed to revoke role 🎮 from 243191787294949386 (will retry)
[2026-09-15 14:54:47Z] ❌ Failed to revoke role 🎮 from 333464277794947072 (will retry)
[2026-09-15 14:54:48Z] ❌ Failed to revoke role 🎨 from 193880505521930240 (will retry)
[2026-09-15 14:54:48Z] ❌ Failed to revoke role 🎨 from 243191787294949386 (will retry)
[2026-09-15 14:54:48Z] ❌ Failed to revoke role 🎨 from 333464277794947072 (will retry)
[2026-09-15 14:54:48Z] ❌ Failed to revoke role 🎮 from 194245240041897984 (will retry)
[2026-09-15 14:54:48Z] ❌ Failed to revoke role 🎮 from 195284975183069184 (will retry)
[2026-09-15 14:54:48Z] ❌ Failed to revoke role 🎮 from 234479235551592448 (will retry)
[2026-09-15 14:54:49Z] ❌ Failed to revoke role 🍲 from 195284975183069184 (will retry)
[2026-09-15 14:54:49Z] ❌ Failed to revoke role 🍲 from 243191787294949386 (will retry)
[2026-09-15 14:54:49Z] ❌ Failed to revoke role 🎨 from 195284975183069184 (will retry)
[2026-09-15 14:54:49Z] ❌ Failed to revoke role 🎨 from 234479235551592448 (will retry)
[2026-09-15 14:54:50Z] ❌ Failed to revoke role 🎵 from 193880505521930240 (will retry)
[2026-09-15 14:54:50Z] ❌ Failed to revoke role 🎵 from 195284975183069184 (will retry)
[2026-09-15 14:54:50Z] ❌ Failed to revoke role 🎵 from 243191787294949386 (will retry)
[2026-09-15 14:54:50Z] ❌ Failed to revoke role 💻 from 193880505521930240 (will retry)
[2026-09-15 14:54:50Z] ❌ Failed to revoke role 💻 from 194245240041897984 (will retry)
[2026-09-15 14:54:50Z] ❌ Failed to revoke role 💻 from 333464277794947072 (will retry)
[2026-09-15 14:54:51Z] ❌ Failed to revoke role 🌸 from 193880505521930240 (will retry)
[2026-09-15 14:54:51Z] ❌ Failed to revoke role 🎬 from 195284975183069184 (will retry)
[2026-09-15 14:54:51Z] ❌ Failed to revoke role 🎬 from 234479235551592448 (will retry)
[2026-09-15 14:54:51Z] ❌ Failed to revoke role 🎬 from 243191787294949386 (will retry)
[2026-09-15 14:54:51Z] ❌ Failed to revoke role 🎬 from 333464277794947072 (will retry)
[2026-09-15 14:54:52Z] ❌ Failed to revoke role 🌸 from 194245240041897984 (will retry)
[2026-09-15 14:54:52Z] ❌ Failed to revoke role 🌸 from 195284975183069184 (will retry)
[2026-09-15 14:54:52Z] ❌ Failed to revoke role 🌸 from 234479235551592448 (will retry)
[2026-09-15 14:54:52Z] ❌ Failed to revoke role 🌸 from 243191787294949386 (will retry)
[2026-09-15 14:54:52Z] ❌ Failed to revoke role 🌸 from 333464277794947072 (will retry)
[2026-09-15 14:54:53Z] ❌ Failed to revoke role 🎪 from 193880505521930240 (will retry)
[2026-09-15 14:54:53Z] ❌ Failed to revoke role 🐈 from 193880505521930240 (will retry)
[2026-09-15 14:54:53Z] ❌ Failed to revoke role 🐈 from 195284975183069184 (will retry)
[2026-09-15 14:54:53Z] ❌ Failed to revoke role 🐈 from 234479235551592448 (will retry)
[2026-09-15 14:54:53Z] ❌ Failed to revoke role 🐈 from 243191787294949386 (will retry)
[2026-09-15 14:54:53Z] ❌ Failed to revoke role 🐈 from 333464277794947072 (will retry)
[2026-09-15 14:54:54Z] ❌ Failed to revoke role 🎪 from 194245240041897984 (will retry)
[2026-09-15 14:54:54Z] ❌ Failed to revoke role 🎪 from 195284975183069184 (will retry)
[2026-09-15 14:54:54Z] ❌ Failed to revoke role 🎪 from 234479235551592448 (will retry)
[2026-09-15 14:54:54Z] ❌ Failed to revoke role 🎪 from 243191787294949386 (will retry)
[2026-09-15 14:54:54Z] ❌ Failed to revoke role 🎪 from 333464277794947072 (will retry)
[2026-09-15 14:54:54Z] ❌ Failed to revoke role 🤝 from 193880505521930240 (will retry)
[2026-09-15 14:54:55Z] ❌ Failed to revoke role 🃏 from 193880505521930240 (will retry)
[2026-09-15 14:54:55Z] ❌ Failed to revoke role 🤝 from 194245240041897984 (will retry)
[2026-09-15 14:54:55Z] ❌ Failed to revoke role 🤝 from 195284975183069184 (will retry)
[2026-09-15 14:54:55Z] ❌ Failed to revoke role 🤝 from 234479235551592448 (will retry)
[2026-09-15 14:54:55Z] ❌ Failed to revoke role 🤝 from 243191787294949386 (will retry)
[2026-09-15 14:54:55Z] ❌ Failed to revoke role 🤝 from 333464277794947072 (will retry)
[2026-09-15 14:54:56Z] ❌ Failed to revoke role 🃏 from 194245240041897984 (will retry)
[2026-09-15 14:54:56Z] ❌ Failed to revoke role 🃏 from 195284975183069184 (will retry)
[2026-09-15 14:54:56Z] ❌ Failed to revoke role 🃏 from 243191787294949386 (will retry)
[2026-09-15 14:54:56Z] ❌ Failed to revoke role 🃏 from 333464277794947072 (will retry)
[2026-09-15 14:55:17Z] ❌ Failed to revoke role 🎮 from 193880505521930240 (will retry)
[2026-09-15 14:55:17Z] ❌ Failed to revoke role 🎮 from 243191787294949386 (will retry)
[2026-09-15 14:55:17Z] ❌ Failed to revoke role 🎮 from 333464277794947072 (will retry)
[2026-09-15 14:55:18Z] ❌ Failed to revoke role 🎨 from 193880505521930240 (will retry)
[2026-09-15 14:55:18Z] ❌ Failed to revoke role 🎨 from 243191787294949386 (will retry)
[2026-09-15 14:55:18Z] ❌ Failed to revoke role 🎨 from 333464277794947072 (will retry)
[2026-09-15 14:55:18Z] ❌ Failed to revoke role 🎮 from 194245240041897984 (will retry)
[2026-09-15 14:55:18Z] ❌ Failed to revoke role 🎮 from 195284975183069184 (will retry)
[2026-09-15 14:55:18Z] ❌ Failed to revoke role 🎮 from 234479235551592448 (will retry)
[2026-09-15 14:55:19Z] ❌ Failed to revoke role 🍲 from 195284975183069184 (will retry)
[2026-09-15 14:55:19Z] ❌ Failed to revoke role 🍲 from 243191787294949386 (will retry)
[2026-09-15 14:55:19Z] ❌ Failed to revoke role 🎨 from 195284975183069184 (will retry)
[2026-09-15 14:55:19Z] ❌ Failed to revoke role 🎨 from 234479235551592448 (will retry)
[2026-09-15 14:55:20Z] ❌ Failed to revoke role 🎵 from 193880505521930240 (will retry)
[2026-09-15 14:55:20Z] ❌ Failed to revoke role 🎵 from 243191787294949386 (will retry)
[2026-09-15 14:55:20Z] ❌ Failed to revoke role 💻 from 193880505521930240 (will retry)
[2026-09-15 14:55:20Z] ❌ Failed to revoke role 💻 from 194245240041897984 (will retry)
[2026-09-15 14:55:20Z] ❌ Failed to revoke role 💻 from 333464277794947072 (will retry)
[2026-09-15 14:55:21Z] ❌ Failed to revoke role 🎬 from 195284975183069184 (will retry)
[2026-09-15 14:55:21Z] ❌ Failed to revoke role 🎬 from 234479235551592448 (will retry)
[2026-09-15 14:55:21Z] ❌ Failed to revoke role 🎬 from 243191787294949386 (will retry)
[2026-09-15 14:55:21Z] ❌ Failed to revoke role 🎬 from 333464277794947072 (will retry)
[2026-09-15 14:55:21Z] ❌ Failed to revoke role 🎵 from 195284975183069184 (will retry)
[2026-09-15 14:55:22Z] ❌ Failed to revoke role 🌸 from 193880505521930240 (will retry)
[2026-09-15 14:55:22Z] ❌ Failed to revoke role 🌸 from 194245240041897984 (will retry)
[2026-09-15 14:55:22Z] ❌ Failed to revoke role 🌸 from 195284975183069184 (will retry)
[2026-09-15 14:55:22Z] ❌ Failed to revoke role 🌸 from 234479235551592448 (will retry)
[2026-09-15 14:55:22Z] ❌ Failed to revoke role 🌸 from 243191787294949386 (will retry)
[2026-09-15 14:55:22Z] ❌ Failed to revoke role 🌸 from 333464277794947072 (will retry)
[2026-09-15 14:55:23Z] ❌ Failed to revoke role 🐈 from 193880505521930240 (will retry)
[2026-09-15 14:55:23Z] ❌ Failed to revoke role 🐈 from 195284975183069184 (will retry)
[2026-09-15 14:55:23Z] ❌ Failed to revoke role 🐈 from 234479235551592448 (will retry)
[2026-09-15 14:55:23Z] ❌ Failed to revoke role 🐈 from 243191787294949386 (will retry)
[2026-09-15 14:55:23Z] ❌ Failed to revoke role 🐈 from 333464277794947072 (will retry)
[2026-09-15 14:55:24Z] ❌ Failed to revoke role 🎪 from 193880505521930240 (will retry)
[2026-09-15 14:55:24Z] ❌ Failed to revoke role 🎪 from 194245240041897984 (will retry)
[2026-09-15 14:55:24Z] ❌ Failed to revoke role 🎪 from 195284975183069184 (will retry)
[2026-09-15 14:55:24Z] ❌ Failed to revoke role 🎪 from 234479235551592448 (will retry)
[2026-09-15 14:55:24Z] ❌ Failed to revoke role 🎪 from 243191787294949386 (will retry)
[2026-09-15 14:55:24Z] ❌ Failed to revoke role 🎪 from 333464277794947072 (will retry)
[2026-09-15 14:55:25Z] ❌ Failed to revoke role 🤝 from 193880505521930240 (will retry)
[2026-09-15 14:55:25Z] ❌ Failed to revoke role 🤝 from 194245240041897984 (will retry)
[2026-09-15 14:55:25Z] ❌ Failed to revoke role 🤝 from 195284975183069184 (will retry)
[2026-09-15 14:55:25Z] ❌ Failed to revoke role 🤝 from 234479235551592448 (will retry)
[2026-09-15 14:55:25Z] ❌ Failed to revoke role 🤝 from 243191787294949386 (will retry)
[2026-09-15 14:55:25Z] ❌ Failed to revoke role 🤝 from 333464277794947072 (will retry)
[2026-09-15 14:55:26Z] ❌ Failed to revoke role 🃏 from 193880505521930240 (will retry)
[2026-09-15 14:55:26Z] ❌ Failed to revoke role 🃏 from 194245240041897984 (will retry)
[2026-09-15 14:55:26Z] ❌ Failed to revoke role 🃏 from 195284975183069184 (will retry)
[2026-09-15 14:55:26Z] ❌ Failed to revoke role 🃏 from 243191787294949386 (will retry)
[2026-09-15 14:55:26Z] ❌ Failed to revoke role 🃏 from 333464277794947072 (will retry)
[2026-09-15 14:55:47Z] ❌ Failed to revoke role 🎮 from 193880505521930240 (will retry)
[2026-09-15 14:55:47Z] ❌ Failed to revoke role 🎮 from 243191787294949386 (will retry)
[2026-09-15 14:55:47Z] ❌ Failed to revoke role 🎮 from 333464277794947072 (will retry)
[2026-09-15 14:55:48Z] ❌ Failed to revoke role 🎮 from 194245240041897984 (will retry)
[2026-09-15 14:55:48Z] ❌ Failed to revoke role 🎮 from 195284975183069184 (will retry)
[2026-09-15 14:55:48Z] ❌ Failed to revoke role 🎮 from 234479235551592448 (will retry)
[2026-09-15 14:55:49Z] ✅ Revoked role 🎨 from 193880505521930240
[2026-09-15 14:55:50Z] ✅ Revoked role 🎨 from 243191787294949386
[2026-09-15 14:55:51Z] ✅ Revoked role 🎨 from 333464277794947072
[2026-09-15 14:55:52Z] ✅ Revoked role 🎨 from 234479235551592448
[2026-09-15 14:55:56Z] ❌ Failed to revoke role 🎨 from 195284975183069184 (will retry)
[2026-09-15 14:57:20Z] ✅ Granted role 🎨 to 193880505521930240
[2026-09-15 14:57:21Z] ✅ Granted role 🎨 to 243191787294949386
[2026-09-15 14:57:22Z] ✅ Granted role 🎨 to 234479235551592448
[2026-09-15 14:57:22Z] ✅ Granted role 🎨 to 333464277794947072
[2026-09-15 15:00:52Z] ✅ Revoked role 🃏 from 193880505521930240
[2026-09-15 15:00:53Z] ✅ Revoked role 🃏 from 243191787294949386
[2026-09-15 15:00:53Z] ❌ Failed to revoke role 🃏 from 333464277794947072 (will retry)
[2026-09-15 15:00:54Z] ✅ Revoked role 🃏 from 194245240041897984
[2026-09-15 15:00:54Z] ✅ Revoked role 🃏 from 195284975183069184
[2026-09-15 15:01:29Z] ✅ Granted role 🃏 to 194245240041897984
[2026-09-15 15:01:30Z] ✅ Granted role 🃏 to 193880505521930240
[2026-09-15 15:01:31Z] ✅ Granted role 🃏 to 195284975183069184
[2026-09-15 15:01:31Z] ✅ Granted role 🃏 to 243191787294949386
[2026-09-15 15:11:43Z] ✅ Revoked role 🎨 from 193880505521930240
[2026-09-15 15:11:44Z] ✅ Revoked role 🎨 from 195284975183069184
[2026-09-15 15:11:44Z] ✅ Revoked role 🎨 from 234479235551592448
[2026-09-15 15:11:44Z] ✅ Revoked role 🎨 from 243191787294949386
[2026-09-15 15:11:44Z] ✅ Revoked role 🎨 from 333464277794947072
[2026-09-15 20:18:23Z] ✅ Revoked role 🎬 from 234479235551592448
[2026-09-15 20:18:24Z] ✅ Revoked role 🎬 from 195284975183069184
[2026-09-15 20:18:24Z] ✅ Revoked role 🎬 from 243191787294949386
[2026-09-15 20:18:24Z] ✅ Revoked role 🎬 from 333464277794947072
[2026-09-15 20:29:11Z] ✅ Granted role 🎬 to 195284975183069184
[2026-09-15 20:29:12Z] ✅ Granted role 🎬 to 234479235551592448
[2026-09-15 20:29:12Z] ✅ Granted role 🎬 to 243191787294949386
[2026-09-15 20:29:12Z] ✅ Granted role 🎬 to 333464277794947072
[2026-09-16 03:52:24Z] 👾 Porygon Z replied (!z)
[2026-09-16 04:10:26Z] 👾 Porygon Z replied (!z)
[2026-09-16 13:48:02Z] 👾 Porygon Z replied (!z)
[2026-09-16 14:51:09Z] 👾 Porygon Z replied (!z)
[2026-09-16 14:51:11Z] 👾 Porygon Z replied (!z)
[2026-09-16 15:31:31Z] 👾 Porygon Z replied (!z)
[2026-09-16 15:46:37Z] 👾 Porygon Z replied (!z)
[2026-09-16 18:52:01Z] ✅ Revoked role 🍲 from 195284975183069184
[2026-09-16 18:52:01Z] ❌ Failed to revoke role 🍲 from 243191787294949386 (will retry)
[2026-09-16 18:52:23Z] ✅ Revoked role 🎮 from 193880505521930240
[2026-09-16 18:52:27Z] ✅ Revoked role 🎮 from 194245240041897984
[2026-09-16 18:52:27Z] ✅ Revoked role 🎮 from 333464277794947072
[2026-09-16 18:52:32Z] ✅ Revoked role 🎮 from 234479235551592448
[2026-09-16 18:52:32Z] ❌ Failed to revoke role 🎮 from 195284975183069184 (will retry)
[2026-09-16 18:52:33Z] ✅ Revoked role 🎮 from 243191787294949386
[2026-09-16 18:52:33Z] ❌ Failed to grant role 🍲 to 195284975183069184 (will retry)
[2026-09-16 18:52:40Z] ❌ Failed to revoke role 💻 from 193880505521930240 (will retry)
[2026-09-16 18:52:44Z] ✅ Revoked role 💻 from 333464277794947072
[2026-09-16 18:52:47Z] ❌ Failed to revoke role 💻 from 194245240041897984 (will retry)
[2026-09-16 18:52:58Z] ❌ Failed to revoke role 🌸 from 193880505521930240 (will retry)
[2026-09-16 18:53:01Z] ❌ Failed to revoke role 🌸 from 333464277794947072 (will retry)
[2026-09-16 18:53:05Z] ❌ Failed to revoke role 🌸 from 194245240041897984 (will retry)
[2026-09-16 18:53:08Z] ✅ Revoked role 🌸 from 234479235551592448
[2026-09-16 18:53:08Z] ❌ Failed to revoke role 🌸 from 195284975183069184 (will retry)
[2026-09-16 18:53:12Z] ❌ Failed to revoke role 🌸 from 243191787294949386 (will retry)
[2026-09-16 18:53:22Z] ❌ Failed to revoke role 🎪 from 193880505521930240 (will retry)
[2026-09-16 18:53:23Z] ✅ Revoked role 🎪 from 333464277794947072
[2026-09-16 18:53:26Z] ❌ Failed to revoke role 🎪 from 194245240041897984 (will retry)
[2026-09-16 18:53:31Z] ✅ Revoked role 🎪 from 195284975183069184
[2026-09-16 18:53:31Z] ✅ Revoked role 🎪 from 234479235551592448
[2026-09-16 18:53:35Z] ❌ Failed to revoke role 🎪 from 243191787294949386 (will retry)
[2026-09-16 18:53:42Z] ❌ Failed to revoke role 🤝 from 193880505521930240 (will retry)
[2026-09-16 18:53:45Z] ❌ Failed to revoke role 🤝 from 333464277794947072 (will retry)
[2026-09-16 18:53:49Z] ❌ Failed to revoke role 🤝 from 194245240041897984 (will retry)
[2026-09-16 18:53:52Z] ❌ Failed to revoke role 🤝 from 195284975183069184 (will retry)
[2026-09-16 18:53:56Z] ❌ Failed to revoke role 🤝 from 234479235551592448 (will retry)
[2026-09-16 18:53:59Z] ❌ Failed to revoke role 🤝 from 243191787294949386 (will retry)
[2026-09-16 18:54:06Z] ❌ Failed to revoke role 🃏 from 333464277794947072 (will retry)
[2026-09-16 18:54:09Z] ❌ Failed to revoke role 🃏 from 194245240041897984 (will retry)
[2026-09-16 18:54:13Z] ❌ Failed to revoke role 🃏 from 195284975183069184 (will retry)
[2026-09-16 18:54:16Z] ✅ Revoked role 🃏 from 193880505521930240
[2026-09-16 18:54:20Z] ❌ Failed to revoke role 🃏 from 243191787294949386 (will retry)
[2026-09-16 18:54:51Z] ❌ Failed to revoke role 🎮 from 195284975183069184 (will retry)
[2026-09-16 18:54:59Z] ❌ Failed to revoke role 🍲 from 243191787294949386 (will retry)
[2026-09-16 18:55:05Z] ❌ Failed to revoke role 💻 from 193880505521930240 (will retry)
[2026-09-16 18:55:09Z] ❌ Failed to revoke role 💻 from 194245240041897984 (will retry)
[2026-09-16 18:55:16Z] ❌ Failed to revoke role 🎵 from 193880505521930240 (will retry)
[2026-09-16 18:55:19Z] ❌ Failed to revoke role 🎵 from 195284975183069184 (will retry)
[2026-09-16 18:55:23Z] ❌ Failed to revoke role 🎵 from 243191787294949386 (will retry)
[2026-09-16 18:55:30Z] ❌ Failed to revoke role 🎬 from 234479235551592448 (will retry)
[2026-09-16 18:55:33Z] ❌ Failed to revoke role 🎬 from 333464277794947072 (will retry)
[2026-09-16 18:55:36Z] ❌ Failed to revoke role 🎬 from 195284975183069184 (will retry)
[2026-09-16 18:55:40Z] ❌ Failed to revoke role 🎬 from 243191787294949386 (will retry)
[2026-09-16 18:55:47Z] ❌ Failed to revoke role 🌸 from 333464277794947072 (will retry)
[2026-09-16 18:55:50Z] ❌ Failed to revoke role 🌸 from 194245240041897984 (will retry)
[2026-09-16 18:55:54Z] ❌ Failed to revoke role 🌸 from 195284975183069184 (will retry)
[2026-09-16 18:55:57Z] ❌ Failed to revoke role 🌸 from 193880505521930240 (will retry)
[2026-09-16 18:56:01Z] ❌ Failed to revoke role 🌸 from 243191787294949386 (will retry)
[2026-09-16 18:56:08Z] ❌ Failed to revoke role 🐈 from 193880505521930240 (will retry)
[2026-09-16 18:56:11Z] ❌ Failed to revoke role 🐈 from 333464277794947072 (will retry)
[2026-09-16 18:56:15Z] ❌ Failed to revoke role 🐈 from 195284975183069184 (will retry)
[2026-09-16 18:56:18Z] ❌ Failed to revoke role 🐈 from 234479235551592448 (will retry)
[2026-09-16 18:56:22Z] ❌ Failed to revoke role 🐈 from 243191787294949386 (will retry)
[2026-09-16 18:56:29Z] ❌ Failed to revoke role 🎪 from 193880505521930240 (will retry)
[2026-09-16 18:56:32Z] ❌ Failed to revoke role 🎪 from 194245240041897984 (will retry)
[2026-09-16 18:56:36Z] ❌ Failed to revoke role 🎪 from 243191787294949386 (will retry)
[2026-09-16 18:56:42Z] ❌ Failed to revoke role 🤝 from 193880505521930240 (will retry)
[2026-09-16 18:56:46Z] ❌ Failed to revoke role 🤝 from 333464277794947072 (will retry)
[2026-09-16 18:56:49Z] ❌ Failed to revoke role 🤝 from 194245240041897984 (will retry)
[2026-09-16 18:56:53Z] ❌ Failed to revoke role 🤝 from 195284975183069184 (will retry)
[2026-09-16 18:56:56Z] ❌ Failed to revoke role 🤝 from 234479235551592448 (will retry)
[2026-09-16 18:57:00Z] ❌ Failed to revoke role 🤝 from 243191787294949386 (will retry)
[2026-09-16 18:57:07Z] ❌ Failed to revoke role 🃏 from 333464277794947072 (will retry)
[2026-09-16 18:57:10Z] ❌ Failed to revoke role 🃏 from 243191787294949386 (will retry)
[2026-09-16 18:57:14Z] ❌ Failed to revoke role 🃏 from 194245240041897984 (will retry)
[2026-09-16 18:57:17Z] ❌ Failed to revoke role 🃏 from 195284975183069184 (will retry)
[2026-09-16 18:57:30Z] ✅ Granted role 🎮 to 234479235551592448
[2026-09-16 18:57:31Z] ✅ Granted role 🎮 to 193880505521930240
[2026-09-16 18:57:31Z] ✅ Granted role 🎮 to 194245240041897984
[2026-09-16 18:57:31Z] ✅ Granted role 🎮 to 333464277794947072
[2026-09-16 18:57:32Z] ✅ Granted role 🍲 to 195284975183069184
[2026-09-16 18:57:32Z] ✅ Granted role 🎮 to 243191787294949386
[2026-09-16 18:57:33Z] ✅ Granted role 💻 to 333464277794947072
[2026-09-16 18:57:36Z] ✅ Granted role 🌸 to 234479235551592448
[2026-09-16 18:57:37Z] ✅ Granted role 🎪 to 234479235551592448
[2026-09-16 18:57:38Z] ✅ Granted role 🎪 to 333464277794947072
[2026-09-16 18:57:41Z] ✅ Granted role 🃏 to 193880505521930240
[2026-09-16 18:57:41Z] ✅ Granted role 🎪 to 195284975183069184
[2026-09-16 19:04:55Z] ✅ Revoked role 🃏 from 194245240041897984
[2026-09-16 19:04:55Z] ❌ Failed to revoke role 🃏 from 333464277794947072 (will retry)
[2026-09-16 19:04:59Z] ❌ Failed to revoke role 🃏 from 195284975183069184 (will retry)
[2026-09-16 19:05:02Z] ❌ Failed to revoke role 🃏 from 193880505521930240 (will retry)
[2026-09-16 19:05:06Z] ❌ Failed to revoke role 🃏 from 243191787294949386 (will retry)
[2026-09-16 19:05:29Z] ❌ Failed to revoke role 🎮 from 193880505521930240 (will retry)
[2026-09-16 19:05:33Z] ❌ Failed to revoke role 🎮 from 333464277794947072 (will retry)
[2026-09-16 19:05:37Z] ❌ Failed to revoke role 🎮 from 194245240041897984 (will retry)
[2026-09-16 19:05:40Z] ❌ Failed to revoke role 🎮 from 195284975183069184 (will retry)
[2026-09-16 19:05:44Z] ❌ Failed to revoke role 🎮 from 234479235551592448 (will retry)
[2026-09-16 19:05:47Z] ❌ Failed to revoke role 🎮 from 243191787294949386 (will retry)
[2026-09-16 19:05:54Z] ❌ Failed to revoke role 🎨 from 193880505521930240 (will retry)
[2026-09-16 19:05:58Z] ❌ Failed to revoke role 🎨 from 333464277794947072 (will retry)
[2026-09-16 19:06:02Z] ❌ Failed to revoke role 🎨 from 195284975183069184 (will retry)
[2026-09-16 19:06:05Z] ❌ Failed to revoke role 🎨 from 234479235551592448 (will retry)
[2026-09-16 19:06:09Z] ✅ Revoked role 🎨 from 243191787294949386
[2026-09-16 19:06:15Z] ❌ Failed to revoke role 🍲 from 195284975183069184 (will retry)
[2026-09-16 19:06:19Z] ❌ Failed to revoke role 🍲 from 243191787294949386 (will retry)
[2026-09-16 19:06:26Z] ❌ Failed to revoke role 💻 from 193880505521930240 (will retry)
[2026-09-16 19:06:29Z] ❌ Failed to revoke role 💻 from 333464277794947072 (will retry)
[2026-09-16 19:06:33Z] ❌ Failed to revoke role 💻 from 194245240041897984 (will retry)
[2026-09-16 19:06:40Z] ❌ Failed to revoke role 🎬 from 234479235551592448 (will retry)
[2026-09-16 19:06:44Z] ❌ Failed to revoke role 🎬 from 333464277794947072 (will retry)
[2026-09-16 19:06:47Z] ❌ Failed to revoke role 🎬 from 195284975183069184 (will retry)
[2026-09-16 19:06:51Z] ❌ Failed to revoke role 🎬 from 243191787294949386 (will retry)
[2026-09-16 19:06:58Z] ❌ Failed to revoke role 🌸 from 193880505521930240 (will retry)
[2026-09-16 19:07:01Z] ❌ Failed to revoke role 🌸 from 333464277794947072 (will retry)
[2026-09-16 19:07:05Z] ❌ Failed to revoke role 🌸 from 194245240041897984 (will retry)
[2026-09-16 19:07:08Z] ❌ Failed to revoke role 🌸 from 195284975183069184 (will retry)
[2026-09-16 19:07:09Z] ✅ Revoked role 🌸 from 234479235551592448
[2026-09-16 19:07:12Z] ❌ Failed to revoke role 🌸 from 243191787294949386 (will retry)
[2026-09-16 19:07:16Z] ✅ Revoked role 🎪 from 193880505521930240
[2026-09-16 19:07:19Z] ❌ Failed to revoke role 🎪 from 333464277794947072 (will retry)
[2026-09-16 19:07:23Z] ✅ Revoked role 🎪 from 194245240041897984
[2026-09-16 19:07:26Z] ❌ Failed to revoke role 🎪 from 195284975183069184 (will retry)
[2026-09-16 19:07:30Z] ✅ Revoked role 🎪 from 234479235551592448
[2026-09-16 19:07:30Z] ✅ Revoked role 🎪 from 243191787294949386
[2026-09-16 19:07:31Z] ✅ Granted role 🃏 to 194245240041897984
[2026-09-16 19:07:44Z] ✅ Granted role 🎨 to 243191787294949386
[2026-09-16 19:07:49Z] ✅ Granted role 🌸 to 234479235551592448
[2026-09-16 19:07:50Z] ✅ Granted role 🎪 to 193880505521930240
[2026-09-16 19:07:50Z] ✅ Granted role 🎪 to 234479235551592448
[2026-09-16 19:07:51Z] ✅ Granted role 🎪 to 194245240041897984
[2026-09-16 19:07:51Z] ✅ Granted role 🎪 to 243191787294949386
﻿[2026-09-09 05:09:37Z] âœ… Quote saved: "men from plano"
[2026-09-16 20:29:50Z] 👾 Porygon Z replied (!z)
[2026-09-16 20:55:33Z] 👾 Porygon Z replied (direct summon)
[2026-09-16 20:56:48Z] 👾 Porygon Z replied (direct summon)
[2026-09-17 01:06:57Z] 👾 Porygon Z replied (direct summon)
[2026-09-17 01:09:53Z] 👾 Porygon Z replied (direct summon)
[2026-09-17 01:12:51Z] 👾 Porygon Z replied (direct summon)
[2026-09-17 01:21:36Z] 👾 Porygon Z replied (direct summon)
[2026-09-17 01:24:42Z] 👾 Porygon Z replied (direct summon)
[2026-09-17 01:36:29Z] 👾 Porygon Z replied (direct summon)
[2026-09-17 03:39:43Z] 👾 Porygon Z summoned schtick_bug to voice
[2026-09-18 00:50:29Z] 👾 Porygon Z replied (!z)
[2026-09-18 01:19:34Z] 👾 Porygon Z replied (!z)
[2026-09-18 01:34:34Z] 👾 Porygon Z replied (!z)
[2026-09-18 03:44:30Z] 👾 Porygon Z replied (!z)
[2026-09-18 03:46:53Z] 👾 Porygon Z replied (direct summon)
[2026-09-18 03:49:25Z] 👾 Porygon Z replied (!z)
[2026-09-18 03:50:58Z] 👾 Porygon Z replied (direct summon)
[2026-09-18 03:53:32Z] 👾 Porygon Z replied (direct summon)
[2026-09-18 03:55:46Z] 👾 Porygon Z replied (!z)
[2026-09-18 05:22:59Z] 👾 Porygon Z replied (direct summon)
[2026-09-18 05:23:47Z] 👾 Porygon Z replied (!z)
[2026-09-18 05:23:54Z] 👾 Porygon Z declined (!z, nothing good enough)
[2026-09-18 23:35:09Z] 👾 Porygon Z declined (direct summon, nothing good enough)
[2026-09-19 04:25:31Z] 👾 Porygon Z declined (!z, nothing good enough)
[2026-09-19 04:49:13Z] 👾 Porygon Z gave up (!z, API/parsing trouble)
[2026-09-17 01:15:56Z] 👾 Porygon Z replied (!z)
[2026-09-17 01:17:36Z] 👾 Porygon Z replied (!z)
[2026-09-17 15:54:42Z] ✅ Revoked role 💻 from 194245240041897984
[2026-09-17 15:54:43Z] ✅ Revoked role 💻 from 193880505521930240
[2026-09-17 15:54:43Z] ✅ Revoked role 💻 from 333464277794947072
[2026-09-17 15:55:08Z] ✅ Granted role 💻 to 194245240041897984
[2026-09-17 15:55:09Z] ✅ Granted role 💻 to 193880505521930240
[2026-09-17 15:55:09Z] ✅ Granted role 💻 to 333464277794947072
[2026-09-17 19:23:48Z] ✅ Revoked role 🃏 from 193880505521930240
[2026-09-17 19:23:48Z] ✅ Revoked role 🃏 from 195284975183069184
[2026-09-17 19:23:48Z] ✅ Revoked role 🃏 from 243191787294949386
[2026-09-17 19:23:49Z] ✅ Revoked role 🃏 from 194245240041897984
[2026-09-17 19:23:49Z] ✅ Revoked role 🃏 from 333464277794947072
[2026-09-17 19:24:18Z] ✅ Granted role 🃏 to 193880505521930240
[2026-09-17 19:24:18Z] ✅ Granted role 🃏 to 195284975183069184
[2026-09-17 19:24:19Z] ✅ Granted role 🃏 to 243191787294949386
[2026-09-17 19:24:20Z] ✅ Granted role 🃏 to 194245240041897984
[2026-09-17 19:24:20Z] ✅ Granted role 🃏 to 333464277794947072
[2026-09-17 20:27:46Z] ✅ Revoked role 🎬 from 333464277794947072
[2026-09-17 20:27:46Z] ✅ Revoked role 🎬 from 195284975183069184
[2026-09-17 20:27:46Z] ✅ Revoked role 🎬 from 234479235551592448
[2026-09-17 20:27:46Z] ✅ Revoked role 🎬 from 243191787294949386
[2026-09-17 20:28:16Z] ✅ Granted role 🎬 to 333464277794947072
[2026-09-17 20:28:16Z] ✅ Granted role 🎬 to 195284975183069184
[2026-09-17 20:28:16Z] ✅ Granted role 🎬 to 234479235551592448
[2026-09-17 20:28:17Z] ✅ Granted role 🎬 to 243191787294949386
[2026-09-17 20:31:42Z] ✅ Revoked role 🎵 from 193880505521930240
[2026-09-17 20:31:42Z] ✅ Revoked role 🎵 from 195284975183069184
[2026-09-17 20:31:42Z] ✅ Revoked role 🎵 from 243191787294949386
[2026-09-17 20:32:12Z] ✅ Granted role 🎵 to 193880505521930240
[2026-09-17 20:32:12Z] ✅ Granted role 🎵 to 195284975183069184
[2026-09-17 20:32:12Z] ✅ Granted role 🎵 to 243191787294949386
[2026-09-17 21:26:42Z] ✅ Revoked role 🍲 from 195284975183069184
[2026-09-17 21:26:43Z] ✅ Revoked role 🍲 from 243191787294949386
[2026-09-17 21:27:12Z] ✅ Granted role 🍲 to 195284975183069184
[2026-09-17 21:27:12Z] ✅ Granted role 🍲 to 243191787294949386
[2026-09-17 23:20:18Z] ✅ Revoked role 🤝 from 193880505521930240
[2026-09-17 23:20:18Z] ✅ Revoked role 🤝 from 195284975183069184
[2026-09-17 23:20:19Z] ✅ Revoked role 🤝 from 234479235551592448
[2026-09-17 23:20:19Z] ✅ Revoked role 🤝 from 243191787294949386
[2026-09-17 23:20:19Z] ✅ Revoked role 🤝 from 194245240041897984
[2026-09-17 23:20:19Z] ✅ Revoked role 🤝 from 333464277794947072
[2026-09-17 23:20:48Z] ✅ Granted role 🤝 to 193880505521930240
[2026-09-17 23:20:48Z] ✅ Granted role 🤝 to 195284975183069184
[2026-09-17 23:20:49Z] ✅ Granted role 🤝 to 234479235551592448
[2026-09-17 23:20:49Z] ✅ Granted role 🤝 to 243191787294949386
[2026-09-17 23:20:49Z] ✅ Granted role 🤝 to 194245240041897984
[2026-09-17 23:20:49Z] ✅ Granted role 🤝 to 333464277794947072
[2026-09-18 07:38:04Z] ✅ Revoked role 🎪 from 234479235551592448
[2026-09-18 07:38:04Z] ✅ Revoked role 🎪 from 195284975183069184
[2026-09-18 07:38:05Z] ✅ Revoked role 🎪 from 194245240041897984
[2026-09-18 07:38:05Z] ✅ Revoked role 🎪 from 333464277794947072
[2026-09-18 07:38:05Z] ✅ Revoked role 🎪 from 193880505521930240
[2026-09-18 07:38:05Z] ✅ Revoked role 🎪 from 243191787294949386
[2026-09-18 07:38:29Z] ✅ Granted role 🎪 to 234479235551592448
[2026-09-18 07:38:29Z] ✅ Granted role 🎪 to 195284975183069184
[2026-09-18 07:38:29Z] ✅ Granted role 🎪 to 194245240041897984
[2026-09-18 07:38:29Z] ✅ Granted role 🎪 to 333464277794947072
[2026-09-18 07:38:30Z] ✅ Granted role 🎪 to 193880505521930240
[2026-09-18 07:38:30Z] ✅ Granted role 🎪 to 243191787294949386
[2026-09-18 18:44:24Z] ✅ Revoked role 🎬 from 234479235551592448
[2026-09-18 18:44:25Z] ✅ Revoked role 🎬 from 333464277794947072
[2026-09-18 18:44:25Z] ✅ Revoked role 🎬 from 243191787294949386
[2026-09-18 18:44:25Z] ✅ Revoked role 🎬 from 195284975183069184
[2026-09-18 18:44:54Z] ✅ Granted role 🎬 to 234479235551592448
[2026-09-18 18:44:54Z] ✅ Granted role 🎬 to 333464277794947072
[2026-09-18 18:44:55Z] ✅ Granted role 🎬 to 243191787294949386
[2026-09-18 18:44:55Z] ✅ Granted role 🎬 to 195284975183069184
[2026-09-18 23:44:05Z] ✅ Revoked role 🎬 from 234479235551592448
[2026-09-18 23:44:06Z] ✅ Revoked role 🎬 from 333464277794947072
[2026-09-18 23:44:06Z] ✅ Revoked role 🎬 from 243191787294949386
[2026-09-18 23:44:06Z] ✅ Revoked role 🎬 from 195284975183069184
[2026-09-18 23:44:40Z] ✅ Granted role 🎬 to 234479235551592448
[2026-09-18 23:44:40Z] ✅ Granted role 🎬 to 333464277794947072
[2026-09-18 23:44:40Z] ✅ Granted role 🎬 to 243191787294949386
[2026-09-18 23:44:41Z] ✅ Granted role 🎬 to 195284975183069184
[2026-09-19 01:10:18Z] ✅ Revoked role 🎪 from 234479235551592448
[2026-09-19 01:10:18Z] ✅ Revoked role 🎪 from 333464277794947072
[2026-09-19 01:10:19Z] ✅ Revoked role 🎪 from 195284975183069184
[2026-09-19 01:10:19Z] ✅ Revoked role 🎪 from 193880505521930240
[2026-09-19 01:10:19Z] ✅ Revoked role 🎪 from 243191787294949386
[2026-09-19 01:10:20Z] ✅ Revoked role 🎪 from 194245240041897984
[2026-09-19 01:10:48Z] ✅ Granted role 🎪 to 234479235551592448
[2026-09-19 01:10:48Z] ✅ Granted role 🎪 to 333464277794947072
[2026-09-19 01:10:48Z] ✅ Granted role 🎪 to 195284975183069184
[2026-09-19 01:10:49Z] ✅ Granted role 🎪 to 193880505521930240
[2026-09-19 01:10:49Z] ✅ Granted role 🎪 to 243191787294949386
[2026-09-19 01:10:49Z] ✅ Granted role 🎪 to 194245240041897984
[2026-09-19 04:11:24Z] ✅ Revoked role 🎵 from 195284975183069184
[2026-09-19 04:11:24Z] ✅ Revoked role 🎵 from 193880505521930240
[2026-09-19 04:11:25Z] ✅ Revoked role 🎵 from 243191787294949386
[2026-09-19 04:11:54Z] ✅ Granted role 🎵 to 195284975183069184
[2026-09-19 04:11:55Z] ✅ Granted role 🎵 to 193880505521930240
[2026-09-19 04:11:55Z] ✅ Granted role 🎵 to 243191787294949386
[2026-09-19 04:48:54Z] 👾 Porygon Z declined (!z, nothing good enough)
[2026-09-19 09:16:56Z] 👾 Porygon Z replied (!z)
[2026-09-19 09:40:26Z] 👾 Porygon Z replied (!z)
[2026-09-19 14:05:23Z] ✅ Revoked role 🎬 from 234479235551592448
[2026-09-19 14:05:23Z] ✅ Revoked role 🎬 from 243191787294949386
[2026-09-19 14:05:24Z] ✅ Revoked role 🎬 from 333464277794947072
[2026-09-19 14:05:24Z] ✅ Revoked role 🎬 from 195284975183069184
[2026-09-19 14:05:56Z] ✅ Granted role 🎬 to 243191787294949386
[2026-09-19 14:05:57Z] ✅ Granted role 🎬 to 195284975183069184
[2026-09-19 14:05:57Z] ✅ Granted role 🎬 to 333464277794947072
[2026-09-19 14:05:57Z] ✅ Granted role 🎬 to 234479235551592448
[2026-09-19 14:18:57Z] ✅ Revoked role 🎵 from 193880505521930240
[2026-09-19 14:18:57Z] ✅ Revoked role 🎵 from 243191787294949386
[2026-09-19 14:18:58Z] ✅ Revoked role 🎵 from 195284975183069184
[2026-09-19 14:19:22Z] ✅ Granted role 🎵 to 193880505521930240
[2026-09-19 14:19:22Z] ✅ Granted role 🎵 to 243191787294949386
[2026-09-19 14:19:22Z] ✅ Granted role 🎵 to 195284975183069184
[2026-09-19 14:39:49Z] 👾 Porygon Z replied unprompted
[2026-09-19 15:12:31Z] 👾 Porygon Z replied (!z)
[2026-09-19 15:13:36Z] 👾 Porygon Z gave up (!z, API/parsing trouble)
[2026-09-19 15:15:21Z] 👾 Porygon Z replied (!z)
[2026-09-19 15:20:32Z] ✅ Quote callback reaction added
[2026-09-19 15:22:35Z] 👾 Porygon Z replied (direct summon)
[2026-09-19 15:30:01Z] 👾 Porygon Z replied (direct summon)
[2026-09-19 15:35:48Z] 👾 Porygon Z replied (direct summon)
[2026-09-19 15:39:54Z] 👾 Porygon Z replied (direct summon)
[2026-09-19 15:43:08Z] 👾 Porygon Z replied (direct summon)
[2026-09-19 15:54:47Z] 👾 Porygon Z replied (direct summon)
[2026-09-19 18:06:57Z] 👾 Porygon Z replied (jugglez)
[2026-09-19 18:09:13Z] 👾 Porygon Z replied (jugglez)
[2026-09-19 18:24:27Z] 👾 Porygon Z replied (direct summon)
[2026-09-19 23:06:13Z] ✅ Revoked role 🎬 from 243191787294949386
[2026-09-19 23:06:14Z] ✅ Revoked role 🎬 from 234479235551592448
[2026-09-19 23:06:14Z] ✅ Revoked role 🎬 from 333464277794947072
[2026-09-19 23:06:14Z] ✅ Revoked role 🎬 from 195284975183069184
[2026-09-19 23:18:33Z] ✅ Granted role 🎬 to 234479235551592448
[2026-09-19 23:18:34Z] ✅ Granted role 🎬 to 195284975183069184
[2026-09-19 23:18:34Z] ✅ Granted role 🎬 to 243191787294949386
[2026-09-19 23:18:34Z] ✅ Granted role 🎬 to 333464277794947072
[2026-09-19 21:53:09Z] 👾 Porygon Z replied (direct summon)
[2026-09-21 00:58:32Z] 📣 New YouTube post from tester: https://youtu.be/vid1
[2026-09-21 00:58:32Z] 📌 tester used !post as a backup for YouTube — the auto-watcher hadn't picked this up on its own yet
[2026-09-21 00:59:02Z] 📣 New Twitch post from Tester: https://twitch.tv/videos/vod1
[2026-09-21 00:59:02Z] 📌 Tester used !post as a backup for Twitch — the auto-watcher hadn't picked this up on its own yet
[2026-09-21 01:00:09Z] 📣 Porygon announced !feature in the porygon channel (pin failed)
[2026-09-21 04:04:37Z] 👾 Porygon Z filed 3 poll(s) (#brainstorming🧐)
[2026-09-21 04:23:36Z] 👾 Porygon Z filed 3 poll(s) (#brainstorming🧐)
[2026-09-21 04:47:50Z] ✅ Revoked role 🎬 from 234479235551592448
[2026-09-21 04:47:50Z] ✅ Revoked role 🎬 from 333464277794947072
[2026-09-21 04:47:50Z] ✅ Revoked role 🎬 from 195284975183069184
[2026-09-21 04:47:50Z] ✅ Revoked role 🎬 from 243191787294949386
[2026-09-21 04:48:15Z] ✅ Granted role 🎬 to 234479235551592448
[2026-09-21 04:48:15Z] ✅ Granted role 🎬 to 333464277794947072
[2026-09-21 04:48:15Z] ✅ Granted role 🎬 to 195284975183069184
[2026-09-21 04:48:15Z] ✅ Granted role 🎬 to 243191787294949386
[2026-09-21 05:33:09Z] 👾 Porygon Z replied (!z)
[2026-09-21 05:33:58Z] 🕰️ Watcher was offline ~1 min — checking for missed jugglez summons since 2026-09-21 05:32 UTC
[2026-09-21 05:35:24Z] 🕰️ Watcher was offline ~1 min — checking for missed jugglez summons since 2026-09-21 05:33 UTC
[2026-09-21 05:35:44Z] 🐌 Slow Anthropic call: compose_batch on claude-sonnet-5 took 84.3s
[2026-09-21 05:36:28Z] 🐌 Slow Anthropic call: compose_batch on claude-sonnet-5 took 50.2s
[2026-09-21 05:36:31Z] 🐌 Slow Anthropic call: score_batch on claude-sonnet-5 took 46.7s
[2026-09-21 05:36:32Z] 👾 Porygon Z replied (direct summon)
[2026-09-21 05:37:03Z] 🐌 Slow Anthropic call: score_batch on claude-sonnet-5 took 34.3s
[2026-09-21 05:37:03Z] 👾 Porygon Z replied (direct summon)
[2026-09-21 05:38:00Z] 🕰️ Watcher was offline ~2 min — checking for missed jugglez summons since 2026-09-21 05:35 UTC
[2026-09-21 05:58:44Z] 🐌 Slow Anthropic call: poll_plan on claude-sonnet-5 took 21.8s
[2026-09-21 05:59:37Z] 🐌 Slow Anthropic call: poll_plan on claude-sonnet-5 took 38.4s
[2026-09-21 07:15:03Z] 🐌 Slow Anthropic call: poll_plan on claude-sonnet-5 took 41.5s
[2026-09-21 15:00:23Z] 🕰️ Watcher was offline ~1 min — checking for missed jugglez summons since 2026-09-21 14:59 UTC
[2026-09-21 15:01:35Z] 🕰️ Watcher was offline ~1 min — checking for missed jugglez summons since 2026-09-21 15:00 UTC
[2026-09-21 15:02:41Z] 🕰️ Watcher was offline ~1 min — checking for missed jugglez summons since 2026-09-21 15:01 UTC
[2026-09-21 15:03:52Z] 🕰️ Watcher was offline ~1 min — checking for missed jugglez summons since 2026-09-21 15:02 UTC
[2026-09-21 15:04:57Z] 🕰️ Watcher was offline ~1 min — checking for missed jugglez summons since 2026-09-21 15:03 UTC
[2026-09-21 15:06:08Z] 🕰️ Watcher was offline ~1 min — checking for missed jugglez summons since 2026-09-21 15:04 UTC
[2026-09-21 15:07:21Z] 🕰️ Watcher was offline ~1 min — checking for missed jugglez summons since 2026-09-21 15:06 UTC
[2026-09-21 15:08:33Z] 🕰️ Watcher was offline ~1 min — checking for missed jugglez summons since 2026-09-21 15:07 UTC
[2026-09-21 15:09:44Z] 🕰️ Watcher was offline ~1 min — checking for missed jugglez summons since 2026-09-21 15:08 UTC
[2026-09-21 15:10:50Z] 🕰️ Watcher was offline ~1 min — checking for missed jugglez summons since 2026-09-21 15:09 UTC
[2026-09-21 15:11:56Z] 🕰️ Watcher was offline ~1 min — checking for missed jugglez summons since 2026-09-21 15:10 UTC
[2026-09-21 15:13:21Z] 🕰️ Watcher was offline ~1 min — checking for missed jugglez summons since 2026-09-21 15:11 UTC
[2026-09-21 15:14:27Z] 🕰️ Watcher was offline ~1 min — checking for missed jugglez summons since 2026-09-21 15:13 UTC
[2026-09-21 15:15:35Z] 🕰️ Watcher was offline ~1 min — checking for missed jugglez summons since 2026-09-21 15:14 UTC
[2026-09-21 15:16:44Z] 🕰️ Watcher was offline ~1 min — checking for missed jugglez summons since 2026-09-21 15:15 UTC
[2026-09-21 15:17:51Z] 🕰️ Watcher was offline ~1 min — checking for missed jugglez summons since 2026-09-21 15:16 UTC
[2026-09-21 15:18:56Z] 🕰️ Watcher was offline ~1 min — checking for missed jugglez summons since 2026-09-21 15:17 UTC
[2026-09-21 15:20:06Z] 🕰️ Watcher was offline ~1 min — checking for missed jugglez summons since 2026-09-21 15:18 UTC
[2026-09-21 15:21:10Z] 🕰️ Watcher was offline ~1 min — checking for missed jugglez summons since 2026-09-21 15:20 UTC
[2026-09-21 15:22:20Z] 🕰️ Watcher was offline ~1 min — checking for missed jugglez summons since 2026-09-21 15:21 UTC
[2026-09-21 15:23:27Z] 🕰️ Watcher was offline ~1 min — checking for missed jugglez summons since 2026-09-21 15:22 UTC
[2026-09-21 15:24:34Z] 🕰️ Watcher was offline ~1 min — checking for missed jugglez summons since 2026-09-21 15:23 UTC
[2026-09-21 15:25:42Z] 🕰️ Watcher was offline ~1 min — checking for missed jugglez summons since 2026-09-21 15:24 UTC
[2026-09-21 15:26:53Z] 🕰️ Watcher was offline ~1 min — checking for missed jugglez summons since 2026-09-21 15:25 UTC
[2026-09-21 15:27:58Z] 🕰️ Watcher was offline ~1 min — checking for missed jugglez summons since 2026-09-21 15:26 UTC
[2026-09-21 15:29:05Z] 🕰️ Watcher was offline ~1 min — checking for missed jugglez summons since 2026-09-21 15:27 UTC
[2026-09-21 15:30:18Z] 🕰️ Watcher was offline ~1 min — checking for missed jugglez summons since 2026-09-21 15:29 UTC
[2026-09-21 15:31:24Z] 🕰️ Watcher was offline ~1 min — checking for missed jugglez summons since 2026-09-21 15:30 UTC
[2026-09-21 15:32:29Z] 🕰️ Watcher was offline ~1 min — checking for missed jugglez summons since 2026-09-21 15:31 UTC
[2026-09-21 15:33:38Z] 🕰️ Watcher was offline ~1 min — checking for missed jugglez summons since 2026-09-21 15:32 UTC
[2026-09-21 15:34:41Z] 🕰️ Watcher was offline ~1 min — checking for missed jugglez summons since 2026-09-21 15:33 UTC
[2026-09-21 15:35:44Z] 🕰️ Watcher was offline ~1 min — checking for missed jugglez summons since 2026-09-21 15:34 UTC
[2026-09-21 15:36:56Z] 🕰️ Watcher was offline ~1 min — checking for missed jugglez summons since 2026-09-21 15:35 UTC
[2026-09-21 15:38:04Z] 🕰️ Watcher was offline ~1 min — checking for missed jugglez summons since 2026-09-21 15:36 UTC
[2026-09-21 15:39:10Z] 🕰️ Watcher was offline ~1 min — checking for missed jugglez summons since 2026-09-21 15:38 UTC
[2026-09-21 15:40:17Z] 🕰️ Watcher was offline ~1 min — checking for missed jugglez summons since 2026-09-21 15:39 UTC
[2026-09-21 15:41:26Z] 🕰️ Watcher was offline ~1 min — checking for missed jugglez summons since 2026-09-21 15:40 UTC
[2026-09-21 15:42:32Z] 🕰️ Watcher was offline ~1 min — checking for missed jugglez summons since 2026-09-21 15:41 UTC
[2026-09-21 15:43:40Z] 🕰️ Watcher was offline ~1 min — checking for missed jugglez summons since 2026-09-21 15:42 UTC
[2026-09-21 15:44:55Z] 🕰️ Watcher was offline ~1 min — checking for missed jugglez summons since 2026-09-21 15:43 UTC
[2026-09-21 15:46:04Z] 🕰️ Watcher was offline ~1 min — checking for missed jugglez summons since 2026-09-21 15:44 UTC
[2026-09-21 15:47:14Z] 🕰️ Watcher was offline ~1 min — checking for missed jugglez summons since 2026-09-21 15:46 UTC
[2026-09-21 15:48:21Z] 🕰️ Watcher was offline ~1 min — checking for missed jugglez summons since 2026-09-21 15:47 UTC
[2026-09-21 15:49:31Z] 🕰️ Watcher was offline ~1 min — checking for missed jugglez summons since 2026-09-21 15:48 UTC
[2026-09-21 15:50:40Z] 🕰️ Watcher was offline ~1 min — checking for missed jugglez summons since 2026-09-21 15:49 UTC
[2026-09-21 15:51:49Z] 🕰️ Watcher was offline ~1 min — checking for missed jugglez summons since 2026-09-21 15:50 UTC
[2026-09-21 15:53:02Z] 🕰️ Watcher was offline ~1 min — checking for missed jugglez summons since 2026-09-21 15:51 UTC
[2026-09-21 15:54:09Z] 🕰️ Watcher was offline ~1 min — checking for missed jugglez summons since 2026-09-21 15:53 UTC
[2026-09-21 15:55:21Z] 🕰️ Watcher was offline ~1 min — checking for missed jugglez summons since 2026-09-21 15:54 UTC
[2026-09-21 15:56:31Z] 🕰️ Watcher was offline ~1 min — checking for missed jugglez summons since 2026-09-21 15:55 UTC
[2026-09-21 15:57:51Z] 🕰️ Watcher was offline ~1 min — checking for missed jugglez summons since 2026-09-21 15:56 UTC
[2026-09-21 15:59:13Z] 🕰️ Watcher was offline ~1 min — checking for missed jugglez summons since 2026-09-21 15:57 UTC
[2026-09-21 16:00:21Z] 🕰️ Watcher was offline ~1 min — checking for missed jugglez summons since 2026-09-21 15:59 UTC
[2026-09-21 16:01:33Z] 🕰️ Watcher was offline ~1 min — checking for missed jugglez summons since 2026-09-21 16:00 UTC
[2026-09-21 16:02:49Z] 🕰️ Watcher was offline ~1 min — checking for missed jugglez summons since 2026-09-21 16:01 UTC
[2026-09-21 16:03:54Z] 🕰️ Watcher was offline ~1 min — checking for missed jugglez summons since 2026-09-21 16:02 UTC
[2026-09-21 16:05:04Z] 🕰️ Watcher was offline ~1 min — checking for missed jugglez summons since 2026-09-21 16:03 UTC
[2026-09-21 16:06:17Z] 🕰️ Watcher was offline ~1 min — checking for missed jugglez summons since 2026-09-21 16:05 UTC
[2026-09-21 16:07:24Z] 🕰️ Watcher was offline ~1 min — checking for missed jugglez summons since 2026-09-21 16:06 UTC
[2026-09-21 16:08:35Z] 🕰️ Watcher was offline ~1 min — checking for missed jugglez summons since 2026-09-21 16:07 UTC
[2026-09-21 16:09:44Z] 🕰️ Watcher was offline ~1 min — checking for missed jugglez summons since 2026-09-21 16:08 UTC
[2026-09-21 16:10:53Z] 🕰️ Watcher was offline ~1 min — checking for missed jugglez summons since 2026-09-21 16:09 UTC
[2026-09-21 16:12:00Z] 🕰️ Watcher was offline ~1 min — checking for missed jugglez summons since 2026-09-21 16:10 UTC
[2026-09-21 16:13:02Z] 🕰️ Watcher was offline ~1 min — checking for missed jugglez summons since 2026-09-21 16:12 UTC
[2026-09-21 16:14:05Z] 🕰️ Watcher was offline ~1 min — checking for missed jugglez summons since 2026-09-21 16:13 UTC
[2026-09-21 16:15:06Z] 🕰️ Watcher was offline ~1 min — checking for missed jugglez summons since 2026-09-21 16:14 UTC
[2026-09-21 16:16:12Z] 🕰️ Watcher was offline ~1 min — checking for missed jugglez summons since 2026-09-21 16:15 UTC
[2026-09-21 16:17:12Z] 🕰️ Watcher was offline ~1 min — checking for missed jugglez summons since 2026-09-21 16:16 UTC
[2026-09-21 16:18:19Z] 🕰️ Watcher was offline ~1 min — checking for missed jugglez summons since 2026-09-21 16:17 UTC
[2026-09-21 16:19:26Z] 🕰️ Watcher was offline ~1 min — checking for missed jugglez summons since 2026-09-21 16:18 UTC
[2026-09-21 16:20:35Z] 🕰️ Watcher was offline ~1 min — checking for missed jugglez summons since 2026-09-21 16:19 UTC
[2026-09-21 16:21:44Z] 🕰️ Watcher was offline ~1 min — checking for missed jugglez summons since 2026-09-21 16:20 UTC
[2026-09-21 16:23:03Z] 🕰️ Watcher was offline ~1 min — checking for missed jugglez summons since 2026-09-21 16:21 UTC
[2026-09-21 16:24:16Z] 🕰️ Watcher was offline ~1 min — checking for missed jugglez summons since 2026-09-21 16:23 UTC
[2026-09-21 16:25:22Z] 🕰️ Watcher was offline ~1 min — checking for missed jugglez summons since 2026-09-21 16:24 UTC
[2026-09-21 16:26:26Z] 🕰️ Watcher was offline ~1 min — checking for missed jugglez summons since 2026-09-21 16:25 UTC
[2026-09-21 16:27:38Z] 🕰️ Watcher was offline ~1 min — checking for missed jugglez summons since 2026-09-21 16:26 UTC
[2026-09-21 16:28:48Z] 🕰️ Watcher was offline ~1 min — checking for missed jugglez summons since 2026-09-21 16:27 UTC
[2026-09-21 16:29:55Z] 🕰️ Watcher was offline ~1 min — checking for missed jugglez summons since 2026-09-21 16:28 UTC
[2026-09-21 16:31:04Z] 🕰️ Watcher was offline ~1 min — checking for missed jugglez summons since 2026-09-21 16:29 UTC
[2026-09-21 16:32:08Z] 🕰️ Watcher was offline ~1 min — checking for missed jugglez summons since 2026-09-21 16:31 UTC
[2026-09-21 16:33:17Z] 🕰️ Watcher was offline ~1 min — checking for missed jugglez summons since 2026-09-21 16:32 UTC
[2026-09-21 16:34:22Z] 🕰️ Watcher was offline ~1 min — checking for missed jugglez summons since 2026-09-21 16:33 UTC
[2026-09-21 16:35:28Z] 🕰️ Watcher was offline ~1 min — checking for missed jugglez summons since 2026-09-21 16:34 UTC
[2026-09-21 16:36:35Z] 🕰️ Watcher was offline ~1 min — checking for missed jugglez summons since 2026-09-21 16:35 UTC
[2026-09-21 16:37:43Z] 🕰️ Watcher was offline ~1 min — checking for missed jugglez summons since 2026-09-21 16:36 UTC
[2026-09-21 16:38:48Z] 🕰️ Watcher was offline ~1 min — checking for missed jugglez summons since 2026-09-21 16:37 UTC
[2026-09-21 16:39:53Z] 🕰️ Watcher was offline ~1 min — checking for missed jugglez summons since 2026-09-21 16:38 UTC
[2026-09-21 16:41:03Z] 🕰️ Watcher was offline ~1 min — checking for missed jugglez summons since 2026-09-21 16:39 UTC
[2026-09-21 16:42:07Z] 🕰️ Watcher was offline ~1 min — checking for missed jugglez summons since 2026-09-21 16:41 UTC
[2026-09-21 16:43:12Z] 🕰️ Watcher was offline ~1 min — checking for missed jugglez summons since 2026-09-21 16:42 UTC
[2026-09-21 16:44:17Z] 🕰️ Watcher was offline ~1 min — checking for missed jugglez summons since 2026-09-21 16:43 UTC
[2026-09-21 16:45:23Z] 🕰️ Watcher was offline ~1 min — checking for missed jugglez summons since 2026-09-21 16:44 UTC
[2026-09-21 16:46:28Z] 🕰️ Watcher was offline ~1 min — checking for missed jugglez summons since 2026-09-21 16:45 UTC
[2026-09-21 16:47:31Z] 🕰️ Watcher was offline ~1 min — checking for missed jugglez summons since 2026-09-21 16:46 UTC
[2026-09-21 16:48:37Z] 🕰️ Watcher was offline ~1 min — checking for missed jugglez summons since 2026-09-21 16:47 UTC
[2026-09-21 16:49:42Z] 🕰️ Watcher was offline ~1 min — checking for missed jugglez summons since 2026-09-21 16:48 UTC
[2026-09-21 16:50:48Z] 🕰️ Watcher was offline ~1 min — checking for missed jugglez summons since 2026-09-21 16:49 UTC
[2026-09-21 16:51:56Z] 🕰️ Watcher was offline ~1 min — checking for missed jugglez summons since 2026-09-21 16:50 UTC
[2026-09-21 16:53:03Z] 🕰️ Watcher was offline ~1 min — checking for missed jugglez summons since 2026-09-21 16:51 UTC
[2026-09-21 16:54:09Z] 🕰️ Watcher was offline ~1 min — checking for missed jugglez summons since 2026-09-21 16:53 UTC
[2026-09-21 16:55:16Z] 🕰️ Watcher was offline ~1 min — checking for missed jugglez summons since 2026-09-21 16:54 UTC
[2026-09-21 16:56:21Z] 🕰️ Watcher was offline ~1 min — checking for missed jugglez summons since 2026-09-21 16:55 UTC
[2026-09-21 16:57:28Z] 🕰️ Watcher was offline ~1 min — checking for missed jugglez summons since 2026-09-21 16:56 UTC
[2026-09-21 16:58:33Z] 🕰️ Watcher was offline ~1 min — checking for missed jugglez summons since 2026-09-21 16:57 UTC
[2026-09-21 16:59:37Z] 🕰️ Watcher was offline ~1 min — checking for missed jugglez summons since 2026-09-21 16:58 UTC
[2026-09-21 17:00:52Z] 🕰️ Watcher was offline ~1 min — checking for missed jugglez summons since 2026-09-21 16:59 UTC
[2026-09-21 17:01:58Z] 🕰️ Watcher was offline ~1 min — checking for missed jugglez summons since 2026-09-21 17:00 UTC
[2026-09-21 17:03:11Z] 🕰️ Watcher was offline ~1 min — checking for missed jugglez summons since 2026-09-21 17:01 UTC
[2026-09-21 17:04:17Z] 🕰️ Watcher was offline ~1 min — checking for missed jugglez summons since 2026-09-21 17:03 UTC
[2026-09-21 17:05:27Z] 🕰️ Watcher was offline ~1 min — checking for missed jugglez summons since 2026-09-21 17:04 UTC
[2026-09-21 17:06:32Z] 🕰️ Watcher was offline ~1 min — checking for missed jugglez summons since 2026-09-21 17:05 UTC
[2026-09-21 17:07:44Z] 🕰️ Watcher was offline ~1 min — checking for missed jugglez summons since 2026-09-21 17:06 UTC
[2026-09-21 17:08:48Z] 🕰️ Watcher was offline ~1 min — checking for missed jugglez summons since 2026-09-21 17:07 UTC
[2026-09-21 17:09:50Z] 🕰️ Watcher was offline ~1 min — checking for missed jugglez summons since 2026-09-21 17:08 UTC
[2026-09-21 17:10:59Z] 🕰️ Watcher was offline ~1 min — checking for missed jugglez summons since 2026-09-21 17:09 UTC
[2026-09-21 17:12:07Z] 🕰️ Watcher was offline ~1 min — checking for missed jugglez summons since 2026-09-21 17:10 UTC
[2026-09-21 17:13:09Z] 🕰️ Watcher was offline ~1 min — checking for missed jugglez summons since 2026-09-21 17:12 UTC
[2026-09-21 17:14:11Z] 🕰️ Watcher was offline ~1 min — checking for missed jugglez summons since 2026-09-21 17:13 UTC
[2026-09-21 17:15:20Z] 🕰️ Watcher was offline ~1 min — checking for missed jugglez summons since 2026-09-21 17:14 UTC
[2026-09-21 17:16:21Z] 🕰️ Watcher was offline ~1 min — checking for missed jugglez summons since 2026-09-21 17:15 UTC
[2026-09-21 17:17:24Z] 🕰️ Watcher was offline ~1 min — checking for missed jugglez summons since 2026-09-21 17:16 UTC
[2026-09-21 17:18:29Z] 🕰️ Watcher was offline ~1 min — checking for missed jugglez summons since 2026-09-21 17:17 UTC
[2026-09-21 17:19:38Z] 🕰️ Watcher was offline ~1 min — checking for missed jugglez summons since 2026-09-21 17:18 UTC
[2026-09-21 17:20:43Z] 🕰️ Watcher was offline ~1 min — checking for missed jugglez summons since 2026-09-21 17:19 UTC
[2026-09-21 17:21:47Z] 🕰️ Watcher was offline ~1 min — checking for missed jugglez summons since 2026-09-21 17:20 UTC
[2026-09-21 17:23:08Z] ✅ Revoked role 🤝 from 234479235551592448
[2026-09-21 17:23:09Z] ✅ Revoked role 🤝 from 195284975183069184
[2026-09-21 17:23:09Z] ✅ Revoked role 🤝 from 333464277794947072
[2026-09-21 17:23:09Z] ✅ Revoked role 🤝 from 194245240041897984
[2026-09-21 17:23:09Z] ✅ Revoked role 🤝 from 243191787294949386
[2026-09-21 17:23:10Z] ✅ Revoked role 🤝 from 193880505521930240
[2026-09-21 17:22:53Z] 🕰️ Watcher was offline ~1 min — checking for missed jugglez summons since 2026-09-21 17:21 UTC
[2026-09-21 17:23:39Z] ✅ Granted role 🤝 to 234479235551592448
[2026-09-21 17:23:40Z] ✅ Granted role 🤝 to 195284975183069184
[2026-09-21 17:23:40Z] ✅ Granted role 🤝 to 333464277794947072
[2026-09-21 17:23:40Z] ✅ Granted role 🤝 to 194245240041897984
[2026-09-21 17:23:40Z] ✅ Granted role 🤝 to 243191787294949386
[2026-09-21 17:23:41Z] ✅ Granted role 🤝 to 193880505521930240
[2026-09-21 17:24:02Z] 🕰️ Watcher was offline ~1 min — checking for missed jugglez summons since 2026-09-21 17:22 UTC
[2026-09-21 17:25:09Z] 🕰️ Watcher was offline ~1 min — checking for missed jugglez summons since 2026-09-21 17:24 UTC
[2026-09-21 17:26:16Z] 🕰️ Watcher was offline ~1 min — checking for missed jugglez summons since 2026-09-21 17:25 UTC
[2026-09-21 17:27:17Z] 🕰️ Watcher was offline ~1 min — checking for missed jugglez summons since 2026-09-21 17:26 UTC
[2026-09-21 17:28:19Z] 🕰️ Watcher was offline ~1 min — checking for missed jugglez summons since 2026-09-21 17:27 UTC
[2026-09-21 17:29:22Z] 🕰️ Watcher was offline ~1 min — checking for missed jugglez summons since 2026-09-21 17:28 UTC
[2026-09-21 17:30:27Z] 🕰️ Watcher was offline ~1 min — checking for missed jugglez summons since 2026-09-21 17:29 UTC
[2026-09-21 17:31:32Z] 🕰️ Watcher was offline ~1 min — checking for missed jugglez summons since 2026-09-21 17:30 UTC
[2026-09-21 17:32:39Z] 🕰️ Watcher was offline ~1 min — checking for missed jugglez summons since 2026-09-21 17:31 UTC
[2026-09-21 17:33:42Z] 🕰️ Watcher was offline ~1 min — checking for missed jugglez summons since 2026-09-21 17:32 UTC
[2026-09-21 17:34:49Z] 🕰️ Watcher was offline ~1 min — checking for missed jugglez summons since 2026-09-21 17:33 UTC
[2026-09-21 17:35:58Z] 🕰️ Watcher was offline ~1 min — checking for missed jugglez summons since 2026-09-21 17:34 UTC
[2026-09-21 17:37:10Z] 🕰️ Watcher was offline ~1 min — checking for missed jugglez summons since 2026-09-21 17:35 UTC
[2026-09-21 17:38:20Z] 🕰️ Watcher was offline ~1 min — checking for missed jugglez summons since 2026-09-21 17:37 UTC
[2026-09-21 17:39:31Z] 🕰️ Watcher was offline ~1 min — checking for missed jugglez summons since 2026-09-21 17:38 UTC
[2026-09-21 17:40:35Z] 🕰️ Watcher was offline ~1 min — checking for missed jugglez summons since 2026-09-21 17:39 UTC
[2026-09-21 17:41:41Z] 🕰️ Watcher was offline ~1 min — checking for missed jugglez summons since 2026-09-21 17:40 UTC
[2026-09-21 17:42:45Z] 🕰️ Watcher was offline ~1 min — checking for missed jugglez summons since 2026-09-21 17:41 UTC
[2026-09-21 17:43:52Z] 🕰️ Watcher was offline ~1 min — checking for missed jugglez summons since 2026-09-21 17:42 UTC
[2026-09-21 17:44:59Z] 🕰️ Watcher was offline ~1 min — checking for missed jugglez summons since 2026-09-21 17:43 UTC
[2026-09-21 17:46:12Z] 🕰️ Watcher was offline ~1 min — checking for missed jugglez summons since 2026-09-21 17:44 UTC
[2026-09-21 17:47:17Z] 🕰️ Watcher was offline ~1 min — checking for missed jugglez summons since 2026-09-21 17:46 UTC
[2026-09-21 17:48:20Z] 🕰️ Watcher was offline ~1 min — checking for missed jugglez summons since 2026-09-21 17:47 UTC
[2026-09-21 17:49:26Z] 🕰️ Watcher was offline ~1 min — checking for missed jugglez summons since 2026-09-21 17:48 UTC
[2026-09-21 17:50:31Z] 🕰️ Watcher was offline ~1 min — checking for missed jugglez summons since 2026-09-21 17:49 UTC
[2026-09-21 17:51:43Z] 🕰️ Watcher was offline ~1 min — checking for missed jugglez summons since 2026-09-21 17:50 UTC
[2026-09-21 17:52:48Z] 🕰️ Watcher was offline ~1 min — checking for missed jugglez summons since 2026-09-21 17:51 UTC
[2026-09-21 17:53:57Z] 🕰️ Watcher was offline ~1 min — checking for missed jugglez summons since 2026-09-21 17:52 UTC
[2026-09-21 17:55:06Z] 🕰️ Watcher was offline ~1 min — checking for missed jugglez summons since 2026-09-21 17:53 UTC
[2026-09-21 17:56:12Z] 🕰️ Watcher was offline ~1 min — checking for missed jugglez summons since 2026-09-21 17:55 UTC
[2026-09-21 17:57:15Z] 🕰️ Watcher was offline ~1 min — checking for missed jugglez summons since 2026-09-21 17:56 UTC
[2026-09-21 17:58:32Z] 🕰️ Watcher was offline ~1 min — checking for missed jugglez summons since 2026-09-21 17:57 UTC
[2026-09-21 17:59:38Z] 🕰️ Watcher was offline ~1 min — checking for missed jugglez summons since 2026-09-21 17:58 UTC
[2026-09-21 18:00:45Z] 🕰️ Watcher was offline ~1 min — checking for missed jugglez summons since 2026-09-21 17:59 UTC
[2026-09-21 18:01:57Z] 🕰️ Watcher was offline ~1 min — checking for missed jugglez summons since 2026-09-21 18:00 UTC
[2026-09-21 18:03:10Z] 🕰️ Watcher was offline ~1 min — checking for missed jugglez summons since 2026-09-21 18:01 UTC
[2026-09-21 18:04:33Z] 🕰️ Watcher was offline ~1 min — checking for missed jugglez summons since 2026-09-21 18:03 UTC
[2026-09-21 18:05:37Z] 🕰️ Watcher was offline ~1 min — checking for missed jugglez summons since 2026-09-21 18:04 UTC
[2026-09-21 18:06:44Z] 🕰️ Watcher was offline ~1 min — checking for missed jugglez summons since 2026-09-21 18:05 UTC
[2026-09-21 18:07:53Z] 🕰️ Watcher was offline ~1 min — checking for missed jugglez summons since 2026-09-21 18:06 UTC
[2026-09-21 18:09:12Z] 🕰️ Watcher was offline ~1 min — checking for missed jugglez summons since 2026-09-21 18:07 UTC
[2026-09-21 18:10:26Z] 🕰️ Watcher was offline ~1 min — checking for missed jugglez summons since 2026-09-21 18:09 UTC
[2026-09-21 18:11:36Z] 🕰️ Watcher was offline ~1 min — checking for missed jugglez summons since 2026-09-21 18:10 UTC
[2026-09-21 18:12:42Z] 🕰️ Watcher was offline ~1 min — checking for missed jugglez summons since 2026-09-21 18:11 UTC
[2026-09-21 18:13:55Z] 🕰️ Watcher was offline ~1 min — checking for missed jugglez summons since 2026-09-21 18:12 UTC
[2026-09-21 18:15:01Z] 🕰️ Watcher was offline ~1 min — checking for missed jugglez summons since 2026-09-21 18:13 UTC
[2026-09-21 18:16:07Z] 🕰️ Watcher was offline ~1 min — checking for missed jugglez summons since 2026-09-21 18:15 UTC
[2026-09-21 18:17:11Z] 🕰️ Watcher was offline ~1 min — checking for missed jugglez summons since 2026-09-21 18:16 UTC
[2026-09-21 18:18:20Z] 🕰️ Watcher was offline ~1 min — checking for missed jugglez summons since 2026-09-21 18:17 UTC
[2026-09-21 18:19:28Z] 🕰️ Watcher was offline ~1 min — checking for missed jugglez summons since 2026-09-21 18:18 UTC
[2026-09-21 18:20:37Z] 🕰️ Watcher was offline ~1 min — checking for missed jugglez summons since 2026-09-21 18:19 UTC
[2026-09-21 18:21:45Z] 🕰️ Watcher was offline ~1 min — checking for missed jugglez summons since 2026-09-21 18:20 UTC
[2026-09-21 18:22:51Z] 🕰️ Watcher was offline ~1 min — checking for missed jugglez summons since 2026-09-21 18:21 UTC
[2026-09-21 18:23:59Z] 🕰️ Watcher was offline ~1 min — checking for missed jugglez summons since 2026-09-21 18:22 UTC
[2026-09-21 18:25:13Z] 🕰️ Watcher was offline ~1 min — checking for missed jugglez summons since 2026-09-21 18:23 UTC
[2026-09-21 18:26:22Z] 🕰️ Watcher was offline ~1 min — checking for missed jugglez summons since 2026-09-21 18:25 UTC
[2026-09-21 18:27:30Z] 🕰️ Watcher was offline ~1 min — checking for missed jugglez summons since 2026-09-21 18:26 UTC
[2026-09-21 18:28:37Z] 🕰️ Watcher was offline ~1 min — checking for missed jugglez summons since 2026-09-21 18:27 UTC
[2026-09-21 18:29:48Z] 🕰️ Watcher was offline ~1 min — checking for missed jugglez summons since 2026-09-21 18:28 UTC
[2026-09-21 18:30:56Z] 🕰️ Watcher was offline ~1 min — checking for missed jugglez summons since 2026-09-21 18:29 UTC
[2026-09-21 18:32:07Z] 🕰️ Watcher was offline ~1 min — checking for missed jugglez summons since 2026-09-21 18:30 UTC
[2026-09-21 18:32:40Z] ✅ Revoked role 🎵 from 195284975183069184
[2026-09-21 18:32:41Z] ✅ Revoked role 🎵 from 193880505521930240
[2026-09-21 18:32:41Z] ✅ Revoked role 🎵 from 243191787294949386
[2026-09-21 18:33:11Z] ✅ Granted role 🎵 to 195284975183069184
[2026-09-21 18:33:11Z] ✅ Granted role 🎵 to 193880505521930240
[2026-09-21 18:33:11Z] ✅ Granted role 🎵 to 243191787294949386
[2026-09-21 18:33:12Z] 🕰️ Watcher was offline ~1 min — checking for missed jugglez summons since 2026-09-21 18:32 UTC
[2026-09-21 18:34:19Z] 🕰️ Watcher was offline ~1 min — checking for missed jugglez summons since 2026-09-21 18:33 UTC
[2026-09-21 18:35:24Z] 🕰️ Watcher was offline ~1 min — checking for missed jugglez summons since 2026-09-21 18:34 UTC
[2026-09-21 18:36:35Z] 🕰️ Watcher was offline ~1 min — checking for missed jugglez summons since 2026-09-21 18:35 UTC
[2026-09-21 18:37:41Z] 🕰️ Watcher was offline ~1 min — checking for missed jugglez summons since 2026-09-21 18:36 UTC
[2026-09-21 18:38:52Z] 🕰️ Watcher was offline ~1 min — checking for missed jugglez summons since 2026-09-21 18:37 UTC
[2026-09-21 18:39:56Z] 🕰️ Watcher was offline ~1 min — checking for missed jugglez summons since 2026-09-21 18:38 UTC
[2026-09-21 18:41:09Z] 🕰️ Watcher was offline ~1 min — checking for missed jugglez summons since 2026-09-21 18:39 UTC
[2026-09-21 18:42:19Z] 🕰️ Watcher was offline ~1 min — checking for missed jugglez summons since 2026-09-21 18:41 UTC
[2026-09-21 18:43:21Z] 🕰️ Watcher was offline ~1 min — checking for missed jugglez summons since 2026-09-21 18:42 UTC
[2026-09-21 18:44:23Z] 🕰️ Watcher was offline ~1 min — checking for missed jugglez summons since 2026-09-21 18:43 UTC
[2026-09-21 18:45:30Z] 🕰️ Watcher was offline ~1 min — checking for missed jugglez summons since 2026-09-21 18:44 UTC
[2026-09-21 18:46:37Z] 🕰️ Watcher was offline ~1 min — checking for missed jugglez summons since 2026-09-21 18:45 UTC
[2026-09-21 18:47:44Z] 🕰️ Watcher was offline ~1 min — checking for missed jugglez summons since 2026-09-21 18:46 UTC
[2026-09-21 18:48:47Z] 🕰️ Watcher was offline ~1 min — checking for missed jugglez summons since 2026-09-21 18:47 UTC
[2026-09-21 18:49:52Z] 🕰️ Watcher was offline ~1 min — checking for missed jugglez summons since 2026-09-21 18:48 UTC
[2026-09-21 18:51:08Z] 🕰️ Watcher was offline ~1 min — checking for missed jugglez summons since 2026-09-21 18:49 UTC
[2026-09-21 18:52:17Z] 🕰️ Watcher was offline ~1 min — checking for missed jugglez summons since 2026-09-21 18:51 UTC
[2026-09-21 18:53:27Z] 🕰️ Watcher was offline ~1 min — checking for missed jugglez summons since 2026-09-21 18:52 UTC
[2026-09-21 18:54:39Z] 🕰️ Watcher was offline ~1 min — checking for missed jugglez summons since 2026-09-21 18:53 UTC
[2026-09-21 18:55:51Z] 🕰️ Watcher was offline ~1 min — checking for missed jugglez summons since 2026-09-21 18:54 UTC
[2026-09-21 18:56:58Z] 🕰️ Watcher was offline ~1 min — checking for missed jugglez summons since 2026-09-21 18:55 UTC
[2026-09-21 18:58:08Z] 🕰️ Watcher was offline ~1 min — checking for missed jugglez summons since 2026-09-21 18:56 UTC
[2026-09-21 18:59:12Z] 🕰️ Watcher was offline ~1 min — checking for missed jugglez summons since 2026-09-21 18:58 UTC
[2026-09-21 19:00:19Z] 🕰️ Watcher was offline ~1 min — checking for missed jugglez summons since 2026-09-21 18:59 UTC
[2026-09-21 19:01:28Z] 🕰️ Watcher was offline ~1 min — checking for missed jugglez summons since 2026-09-21 19:00 UTC
[2026-09-21 19:02:41Z] 🕰️ Watcher was offline ~1 min — checking for missed jugglez summons since 2026-09-21 19:01 UTC
[2026-09-21 19:03:50Z] 🕰️ Watcher was offline ~1 min — checking for missed jugglez summons since 2026-09-21 19:02 UTC
[2026-09-21 19:04:58Z] 🕰️ Watcher was offline ~1 min — checking for missed jugglez summons since 2026-09-21 19:03 UTC
[2026-09-21 19:06:04Z] 🕰️ Watcher was offline ~1 min — checking for missed jugglez summons since 2026-09-21 19:04 UTC
[2026-09-21 19:07:12Z] 🕰️ Watcher was offline ~1 min — checking for missed jugglez summons since 2026-09-21 19:06 UTC
[2026-09-21 19:08:19Z] 🕰️ Watcher was offline ~1 min — checking for missed jugglez summons since 2026-09-21 19:07 UTC
[2026-09-21 19:09:21Z] 🕰️ Watcher was offline ~1 min — checking for missed jugglez summons since 2026-09-21 19:08 UTC
[2026-09-21 19:10:24Z] 🕰️ Watcher was offline ~1 min — checking for missed jugglez summons since 2026-09-21 19:09 UTC
[2026-09-21 19:11:32Z] 🕰️ Watcher was offline ~1 min — checking for missed jugglez summons since 2026-09-21 19:10 UTC
[2026-09-21 19:12:37Z] 🕰️ Watcher was offline ~1 min — checking for missed jugglez summons since 2026-09-21 19:11 UTC
[2026-09-21 19:13:46Z] 🕰️ Watcher was offline ~1 min — checking for missed jugglez summons since 2026-09-21 19:12 UTC
[2026-09-21 19:15:02Z] 🕰️ Watcher was offline ~1 min — checking for missed jugglez summons since 2026-09-21 19:13 UTC
[2026-09-21 19:16:13Z] 🕰️ Watcher was offline ~1 min — checking for missed jugglez summons since 2026-09-21 19:15 UTC
[2026-09-21 19:17:24Z] 🕰️ Watcher was offline ~1 min — checking for missed jugglez summons since 2026-09-21 19:16 UTC
[2026-09-21 19:18:28Z] 🕰️ Watcher was offline ~1 min — checking for missed jugglez summons since 2026-09-21 19:17 UTC
[2026-09-21 19:19:42Z] 🕰️ Watcher was offline ~1 min — checking for missed jugglez summons since 2026-09-21 19:18 UTC
[2026-09-21 19:20:50Z] 🕰️ Watcher was offline ~1 min — checking for missed jugglez summons since 2026-09-21 19:19 UTC
[2026-09-21 19:22:00Z] 🕰️ Watcher was offline ~1 min — checking for missed jugglez summons since 2026-09-21 19:20 UTC
[2026-09-21 19:23:02Z] 🕰️ Watcher was offline ~1 min — checking for missed jugglez summons since 2026-09-21 19:22 UTC
[2026-09-21 19:24:14Z] 🕰️ Watcher was offline ~1 min — checking for missed jugglez summons since 2026-09-21 19:23 UTC
[2026-09-21 19:25:22Z] 🕰️ Watcher was offline ~1 min — checking for missed jugglez summons since 2026-09-21 19:24 UTC
[2026-09-21 19:26:28Z] 🕰️ Watcher was offline ~1 min — checking for missed jugglez summons since 2026-09-21 19:25 UTC
[2026-09-21 19:27:40Z] 🕰️ Watcher was offline ~1 min — checking for missed jugglez summons since 2026-09-21 19:26 UTC
[2026-09-21 19:28:42Z] 🕰️ Watcher was offline ~1 min — checking for missed jugglez summons since 2026-09-21 19:27 UTC
[2026-09-21 19:29:52Z] 🕰️ Watcher was offline ~1 min — checking for missed jugglez summons since 2026-09-21 19:28 UTC
[2026-09-21 19:31:03Z] 🕰️ Watcher was offline ~1 min — checking for missed jugglez summons since 2026-09-21 19:29 UTC
[2026-09-21 19:32:17Z] 🕰️ Watcher was offline ~1 min — checking for missed jugglez summons since 2026-09-21 19:31 UTC
[2026-09-21 19:33:27Z] 🕰️ Watcher was offline ~1 min — checking for missed jugglez summons since 2026-09-21 19:32 UTC
[2026-09-21 19:34:32Z] 🕰️ Watcher was offline ~1 min — checking for missed jugglez summons since 2026-09-21 19:33 UTC
[2026-09-21 19:35:39Z] 🕰️ Watcher was offline ~1 min — checking for missed jugglez summons since 2026-09-21 19:34 UTC
[2026-09-21 19:36:47Z] 🕰️ Watcher was offline ~1 min — checking for missed jugglez summons since 2026-09-21 19:35 UTC
[2026-09-21 19:37:51Z] 🕰️ Watcher was offline ~1 min — checking for missed jugglez summons since 2026-09-21 19:36 UTC
[2026-09-21 19:38:58Z] 🕰️ Watcher was offline ~1 min — checking for missed jugglez summons since 2026-09-21 19:37 UTC
[2026-09-21 19:40:09Z] 🕰️ Watcher was offline ~1 min — checking for missed jugglez summons since 2026-09-21 19:38 UTC
[2026-09-21 19:41:14Z] 🕰️ Watcher was offline ~1 min — checking for missed jugglez summons since 2026-09-21 19:40 UTC
[2026-09-21 19:42:24Z] 🕰️ Watcher was offline ~1 min — checking for missed jugglez summons since 2026-09-21 19:41 UTC
[2026-09-21 19:43:28Z] 🕰️ Watcher was offline ~1 min — checking for missed jugglez summons since 2026-09-21 19:42 UTC
[2026-09-21 19:44:36Z] 🕰️ Watcher was offline ~1 min — checking for missed jugglez summons since 2026-09-21 19:43 UTC
[2026-09-21 19:45:39Z] 🕰️ Watcher was offline ~1 min — checking for missed jugglez summons since 2026-09-21 19:44 UTC
[2026-09-21 19:46:43Z] 🕰️ Watcher was offline ~1 min — checking for missed jugglez summons since 2026-09-21 19:45 UTC
[2026-09-21 19:47:47Z] 🕰️ Watcher was offline ~1 min — checking for missed jugglez summons since 2026-09-21 19:46 UTC
[2026-09-21 19:48:51Z] 🕰️ Watcher was offline ~1 min — checking for missed jugglez summons since 2026-09-21 19:47 UTC
[2026-09-21 19:50:00Z] 🕰️ Watcher was offline ~1 min — checking for missed jugglez summons since 2026-09-21 19:48 UTC
[2026-09-21 19:51:03Z] 🕰️ Watcher was offline ~1 min — checking for missed jugglez summons since 2026-09-21 19:50 UTC
[2026-09-21 19:52:07Z] 🕰️ Watcher was offline ~1 min — checking for missed jugglez summons since 2026-09-21 19:51 UTC
[2026-09-21 19:53:16Z] 🕰️ Watcher was offline ~1 min — checking for missed jugglez summons since 2026-09-21 19:52 UTC
[2026-09-21 19:54:20Z] 🕰️ Watcher was offline ~1 min — checking for missed jugglez summons since 2026-09-21 19:53 UTC
[2026-09-21 19:55:24Z] 🕰️ Watcher was offline ~1 min — checking for missed jugglez summons since 2026-09-21 19:54 UTC
[2026-09-21 19:56:29Z] 🕰️ Watcher was offline ~1 min — checking for missed jugglez summons since 2026-09-21 19:55 UTC
[2026-09-21 19:57:33Z] 🕰️ Watcher was offline ~1 min — checking for missed jugglez summons since 2026-09-21 19:56 UTC
[2026-09-21 19:58:38Z] 🕰️ Watcher was offline ~1 min — checking for missed jugglez summons since 2026-09-21 19:57 UTC
[2026-09-21 19:59:48Z] 🕰️ Watcher was offline ~1 min — checking for missed jugglez summons since 2026-09-21 19:58 UTC
[2026-09-21 20:00:58Z] 🕰️ Watcher was offline ~1 min — checking for missed jugglez summons since 2026-09-21 19:59 UTC
[2026-09-21 20:02:01Z] 🕰️ Watcher was offline ~1 min — checking for missed jugglez summons since 2026-09-21 20:00 UTC
[2026-09-21 20:03:09Z] 🕰️ Watcher was offline ~1 min — checking for missed jugglez summons since 2026-09-21 20:02 UTC
[2026-09-21 20:04:15Z] 🕰️ Watcher was offline ~1 min — checking for missed jugglez summons since 2026-09-21 20:03 UTC
[2026-09-21 20:05:27Z] 🕰️ Watcher was offline ~1 min — checking for missed jugglez summons since 2026-09-21 20:04 UTC
[2026-09-21 20:06:53Z] 🕰️ Watcher was offline ~1 min — checking for missed jugglez summons since 2026-09-21 20:05 UTC
[2026-09-21 20:08:06Z] 🕰️ Watcher was offline ~1 min — checking for missed jugglez summons since 2026-09-21 20:06 UTC
[2026-09-21 20:09:26Z] 🕰️ Watcher was offline ~1 min — checking for missed jugglez summons since 2026-09-21 20:08 UTC
[2026-09-21 20:10:33Z] 🕰️ Watcher was offline ~1 min — checking for missed jugglez summons since 2026-09-21 20:09 UTC
[2026-09-21 20:11:43Z] 🕰️ Watcher was offline ~1 min — checking for missed jugglez summons since 2026-09-21 20:10 UTC
[2026-09-21 20:12:49Z] 🕰️ Watcher was offline ~1 min — checking for missed jugglez summons since 2026-09-21 20:11 UTC
[2026-09-21 20:13:56Z] 🕰️ Watcher was offline ~1 min — checking for missed jugglez summons since 2026-09-21 20:12 UTC
[2026-09-21 20:14:50Z] ✅ Revoked role 🤝 from 333464277794947072
[2026-09-21 20:14:50Z] ✅ Revoked role 🤝 from 193880505521930240
[2026-09-21 20:14:50Z] ✅ Revoked role 🤝 from 243191787294949386
[2026-09-21 20:14:51Z] ✅ Revoked role 🤝 from 195284975183069184
[2026-09-21 20:14:51Z] ✅ Revoked role 🤝 from 194245240041897984
[2026-09-21 20:14:51Z] ✅ Revoked role 🤝 from 234479235551592448
[2026-09-21 20:15:20Z] ✅ Granted role 🤝 to 333464277794947072
[2026-09-21 20:15:21Z] ✅ Granted role 🤝 to 193880505521930240
[2026-09-21 20:15:21Z] ✅ Granted role 🤝 to 243191787294949386
[2026-09-21 20:15:22Z] ✅ Granted role 🤝 to 195284975183069184
[2026-09-21 20:15:24Z] ✅ Granted role 🤝 to 194245240041897984
[2026-09-21 20:15:24Z] ✅ Granted role 🤝 to 234479235551592448
[2026-09-21 20:15:02Z] 🕰️ Watcher was offline ~1 min — checking for missed jugglez summons since 2026-09-21 20:13 UTC
[2026-09-21 20:16:14Z] 🕰️ Watcher was offline ~1 min — checking for missed jugglez summons since 2026-09-21 20:15 UTC
[2026-09-21 20:17:19Z] 🕰️ Watcher was offline ~1 min — checking for missed jugglez summons since 2026-09-21 20:16 UTC
[2026-09-21 20:18:24Z] 🕰️ Watcher was offline ~1 min — checking for missed jugglez summons since 2026-09-21 20:17 UTC
[2026-09-21 20:19:31Z] 🕰️ Watcher was offline ~1 min — checking for missed jugglez summons since 2026-09-21 20:18 UTC
[2026-09-21 20:20:38Z] 🕰️ Watcher was offline ~1 min — checking for missed jugglez summons since 2026-09-21 20:19 UTC
[2026-09-21 20:21:50Z] ✅ Revoked role 🐈 from 333464277794947072
[2026-09-21 20:21:50Z] ✅ Revoked role 🐈 from 193880505521930240
[2026-09-21 20:21:51Z] ✅ Revoked role 🐈 from 243191787294949386
[2026-09-21 20:21:51Z] ✅ Revoked role 🐈 from 195284975183069184
[2026-09-21 20:21:51Z] ✅ Revoked role 🐈 from 234479235551592448
[2026-09-21 20:22:22Z] ✅ Granted role 🐈 to 333464277794947072
[2026-09-21 20:22:22Z] ✅ Granted role 🐈 to 193880505521930240
[2026-09-21 20:22:23Z] ✅ Granted role 🐈 to 243191787294949386
[2026-09-21 20:22:23Z] ✅ Granted role 🐈 to 195284975183069184
[2026-09-21 20:22:23Z] ✅ Granted role 🐈 to 234479235551592448
[2026-09-21 20:21:45Z] 🕰️ Watcher was offline ~1 min — checking for missed jugglez summons since 2026-09-21 20:20 UTC
[2026-09-21 20:23:02Z] 🕰️ Watcher was offline ~1 min — checking for missed jugglez summons since 2026-09-21 20:21 UTC
[2026-09-21 20:24:05Z] 🕰️ Watcher was offline ~1 min — checking for missed jugglez summons since 2026-09-21 20:23 UTC
[2026-09-21 20:25:14Z] 🕰️ Watcher was offline ~1 min — checking for missed jugglez summons since 2026-09-21 20:24 UTC
[2026-09-21 20:26:19Z] 🕰️ Watcher was offline ~1 min — checking for missed jugglez summons since 2026-09-21 20:25 UTC
[2026-09-21 20:27:26Z] 🕰️ Watcher was offline ~1 min — checking for missed jugglez summons since 2026-09-21 20:26 UTC
[2026-09-21 20:28:30Z] 🕰️ Watcher was offline ~1 min — checking for missed jugglez summons since 2026-09-21 20:27 UTC
[2026-09-21 20:29:39Z] 🕰️ Watcher was offline ~1 min — checking for missed jugglez summons since 2026-09-21 20:28 UTC
[2026-09-21 20:30:44Z] 🕰️ Watcher was offline ~1 min — checking for missed jugglez summons since 2026-09-21 20:29 UTC
[2026-09-21 20:31:50Z] 🕰️ Watcher was offline ~1 min — checking for missed jugglez summons since 2026-09-21 20:30 UTC
[2026-09-21 20:32:58Z] 🕰️ Watcher was offline ~1 min — checking for missed jugglez summons since 2026-09-21 20:31 UTC
[2026-09-21 20:34:04Z] 🕰️ Watcher was offline ~1 min — checking for missed jugglez summons since 2026-09-21 20:32 UTC
[2026-09-21 20:35:11Z] 🕰️ Watcher was offline ~1 min — checking for missed jugglez summons since 2026-09-21 20:34 UTC
[2026-09-21 20:36:37Z] 🕰️ Watcher was offline ~1 min — checking for missed jugglez summons since 2026-09-21 20:35 UTC
[2026-09-21 20:37:46Z] 🕰️ Watcher was offline ~1 min — checking for missed jugglez summons since 2026-09-21 20:36 UTC
[2026-09-21 20:39:00Z] 🕰️ Watcher was offline ~1 min — checking for missed jugglez summons since 2026-09-21 20:37 UTC
[2026-09-21 20:40:10Z] 🕰️ Watcher was offline ~1 min — checking for missed jugglez summons since 2026-09-21 20:39 UTC
[2026-09-21 20:41:13Z] 🕰️ Watcher was offline ~1 min — checking for missed jugglez summons since 2026-09-21 20:40 UTC
[2026-09-21 20:42:20Z] 🕰️ Watcher was offline ~1 min — checking for missed jugglez summons since 2026-09-21 20:41 UTC
[2026-09-21 20:43:24Z] 🕰️ Watcher was offline ~1 min — checking for missed jugglez summons since 2026-09-21 20:42 UTC
[2026-09-21 20:44:26Z] 🕰️ Watcher was offline ~1 min — checking for missed jugglez summons since 2026-09-21 20:43 UTC
[2026-09-21 20:45:30Z] 🕰️ Watcher was offline ~1 min — checking for missed jugglez summons since 2026-09-21 20:44 UTC
[2026-09-21 20:46:33Z] 🕰️ Watcher was offline ~1 min — checking for missed jugglez summons since 2026-09-21 20:45 UTC
[2026-09-21 20:47:35Z] 🕰️ Watcher was offline ~1 min — checking for missed jugglez summons since 2026-09-21 20:46 UTC
[2026-09-21 20:48:37Z] 🕰️ Watcher was offline ~1 min — checking for missed jugglez summons since 2026-09-21 20:47 UTC
[2026-09-21 20:49:38Z] 🕰️ Watcher was offline ~1 min — checking for missed jugglez summons since 2026-09-21 20:48 UTC
[2026-09-21 20:50:44Z] 🕰️ Watcher was offline ~1 min — checking for missed jugglez summons since 2026-09-21 20:49 UTC
[2026-09-21 20:51:48Z] 🕰️ Watcher was offline ~1 min — checking for missed jugglez summons since 2026-09-21 20:50 UTC
[2026-09-21 20:52:51Z] 🕰️ Watcher was offline ~1 min — checking for missed jugglez summons since 2026-09-21 20:51 UTC
[2026-09-21 20:53:58Z] 🕰️ Watcher was offline ~1 min — checking for missed jugglez summons since 2026-09-21 20:52 UTC
[2026-09-21 20:55:05Z] 🕰️ Watcher was offline ~1 min — checking for missed jugglez summons since 2026-09-21 20:53 UTC
[2026-09-21 20:56:09Z] 🕰️ Watcher was offline ~1 min — checking for missed jugglez summons since 2026-09-21 20:55 UTC
[2026-09-21 20:57:13Z] 🕰️ Watcher was offline ~1 min — checking for missed jugglez summons since 2026-09-21 20:56 UTC
[2026-09-21 20:58:18Z] 🕰️ Watcher was offline ~1 min — checking for missed jugglez summons since 2026-09-21 20:57 UTC
[2026-09-21 20:59:22Z] 🕰️ Watcher was offline ~1 min — checking for missed jugglez summons since 2026-09-21 20:58 UTC
[2026-09-21 21:00:34Z] 🕰️ Watcher was offline ~1 min — checking for missed jugglez summons since 2026-09-21 20:59 UTC
[2026-09-21 21:01:45Z] 🕰️ Watcher was offline ~1 min — checking for missed jugglez summons since 2026-09-21 21:00 UTC
[2026-09-21 21:02:58Z] 🕰️ Watcher was offline ~1 min — checking for missed jugglez summons since 2026-09-21 21:01 UTC
[2026-09-21 21:04:05Z] 🕰️ Watcher was offline ~1 min — checking for missed jugglez summons since 2026-09-21 21:02 UTC
[2026-09-21 21:05:22Z] 🕰️ Watcher was offline ~1 min — checking for missed jugglez summons since 2026-09-21 21:04 UTC
[2026-09-21 21:06:30Z] 🕰️ Watcher was offline ~1 min — checking for missed jugglez summons since 2026-09-21 21:05 UTC
[2026-09-21 21:07:39Z] 🕰️ Watcher was offline ~1 min — checking for missed jugglez summons since 2026-09-21 21:06 UTC
[2026-09-21 21:08:48Z] 🕰️ Watcher was offline ~1 min — checking for missed jugglez summons since 2026-09-21 21:07 UTC
[2026-09-21 21:09:53Z] 🕰️ Watcher was offline ~1 min — checking for missed jugglez summons since 2026-09-21 21:08 UTC
[2026-09-21 21:11:06Z] 🕰️ Watcher was offline ~1 min — checking for missed jugglez summons since 2026-09-21 21:09 UTC
[2026-09-21 21:12:10Z] 🕰️ Watcher was offline ~1 min — checking for missed jugglez summons since 2026-09-21 21:11 UTC
[2026-09-21 21:13:16Z] 🕰️ Watcher was offline ~1 min — checking for missed jugglez summons since 2026-09-21 21:12 UTC
[2026-09-21 21:14:55Z] ✅ Revoked role 🌸 from 333464277794947072
[2026-09-21 21:14:55Z] ✅ Revoked role 🌸 from 193880505521930240
[2026-09-21 21:14:55Z] ✅ Revoked role 🌸 from 243191787294949386
[2026-09-21 21:14:55Z] ✅ Revoked role 🌸 from 195284975183069184
[2026-09-21 21:14:55Z] ✅ Revoked role 🌸 from 194245240041897984
[2026-09-21 21:14:56Z] ✅ Revoked role 🌸 from 234479235551592448
[2026-09-21 21:14:29Z] 🕰️ Watcher was offline ~1 min — checking for missed jugglez summons since 2026-09-21 21:13 UTC
[2026-09-21 21:15:23Z] ✅ Granted role 🌸 to 333464277794947072
[2026-09-21 21:15:23Z] ✅ Granted role 🌸 to 193880505521930240
[2026-09-21 21:15:23Z] ✅ Granted role 🌸 to 243191787294949386
[2026-09-21 21:15:23Z] ✅ Granted role 🌸 to 195284975183069184
[2026-09-21 21:15:24Z] ✅ Granted role 🌸 to 194245240041897984
[2026-09-21 21:15:25Z] ✅ Granted role 🌸 to 234479235551592448
[2026-09-21 21:15:34Z] 🕰️ Watcher was offline ~1 min — checking for missed jugglez summons since 2026-09-21 21:14 UTC
[2026-09-21 21:16:40Z] 🕰️ Watcher was offline ~1 min — checking for missed jugglez summons since 2026-09-21 21:15 UTC
[2026-09-21 21:17:40Z] 🕰️ Watcher was offline ~1 min — checking for missed jugglez summons since 2026-09-21 21:16 UTC
[2026-09-21 21:18:44Z] 🕰️ Watcher was offline ~1 min — checking for missed jugglez summons since 2026-09-21 21:17 UTC
[2026-09-21 21:19:53Z] 🕰️ Watcher was offline ~1 min — checking for missed jugglez summons since 2026-09-21 21:18 UTC
[2026-09-21 21:21:02Z] 🕰️ Watcher was offline ~1 min — checking for missed jugglez summons since 2026-09-21 21:19 UTC
[2026-09-21 21:22:11Z] 🕰️ Watcher was offline ~1 min — checking for missed jugglez summons since 2026-09-21 21:21 UTC
[2026-09-21 21:23:14Z] 🕰️ Watcher was offline ~1 min — checking for missed jugglez summons since 2026-09-21 21:22 UTC
[2026-09-21 21:24:18Z] 🕰️ Watcher was offline ~1 min — checking for missed jugglez summons since 2026-09-21 21:23 UTC
[2026-09-21 21:25:30Z] 🕰️ Watcher was offline ~1 min — checking for missed jugglez summons since 2026-09-21 21:24 UTC
[2026-09-21 21:26:34Z] 🕰️ Watcher was offline ~1 min — checking for missed jugglez summons since 2026-09-21 21:25 UTC
[2026-09-21 21:27:36Z] 🕰️ Watcher was offline ~1 min — checking for missed jugglez summons since 2026-09-21 21:26 UTC
[2026-09-21 21:28:40Z] 🕰️ Watcher was offline ~1 min — checking for missed jugglez summons since 2026-09-21 21:27 UTC
[2026-09-21 21:29:46Z] 🕰️ Watcher was offline ~1 min — checking for missed jugglez summons since 2026-09-21 21:28 UTC
[2026-09-21 21:30:51Z] 🕰️ Watcher was offline ~1 min — checking for missed jugglez summons since 2026-09-21 21:29 UTC
[2026-09-21 21:31:56Z] 🕰️ Watcher was offline ~1 min — checking for missed jugglez summons since 2026-09-21 21:30 UTC
[2026-09-21 21:34:03Z] 🕰️ Watcher was offline ~2 min — checking for missed jugglez summons since 2026-09-21 21:31 UTC
[2026-09-21 21:35:14Z] 🕰️ Watcher was offline ~1 min — checking for missed jugglez summons since 2026-09-21 21:34 UTC
[2026-09-21 21:46:29Z] ✅ Revoked role 🤝 from 193880505521930240
[2026-09-21 21:46:30Z] ✅ Revoked role 🤝 from 234479235551592448
[2026-09-21 21:46:30Z] ✅ Revoked role 🤝 from 243191787294949386
[2026-09-21 21:46:30Z] ✅ Revoked role 🤝 from 333464277794947072
[2026-09-21 21:46:31Z] ✅ Revoked role 🤝 from 195284975183069184
[2026-09-21 21:46:31Z] ✅ Revoked role 🤝 from 194245240041897984
[2026-09-21 21:54:09Z] ✅ Granted role 🤝 to 243191787294949386
[2026-09-21 21:54:09Z] ✅ Granted role 🤝 to 193880505521930240
[2026-09-21 21:54:09Z] ✅ Granted role 🤝 to 195284975183069184
[2026-09-21 21:54:09Z] ✅ Granted role 🤝 to 194245240041897984
[2026-09-21 21:54:10Z] ✅ Granted role 🤝 to 333464277794947072
[2026-09-21 21:54:10Z] ✅ Granted role 🤝 to 234479235551592448
[2026-09-21 22:32:47Z] ✅ Revoked role 🎮 from 333464277794947072
[2026-09-21 22:32:47Z] ✅ Revoked role 🎮 from 193880505521930240
[2026-09-21 22:32:48Z] ✅ Revoked role 🎮 from 243191787294949386
[2026-09-21 22:32:49Z] ✅ Revoked role 🎮 from 195284975183069184
[2026-09-21 22:32:49Z] ✅ Revoked role 🎮 from 194245240041897984
[2026-09-21 22:32:49Z] ✅ Revoked role 🎮 from 234479235551592448
[2026-09-21 22:33:17Z] ✅ Granted role 🎮 to 333464277794947072
[2026-09-21 22:33:18Z] ✅ Granted role 🎮 to 193880505521930240
[2026-09-21 22:33:18Z] ✅ Granted role 🎮 to 243191787294949386
[2026-09-21 22:33:18Z] ✅ Granted role 🎮 to 195284975183069184
[2026-09-21 22:33:18Z] ✅ Granted role 🎮 to 194245240041897984
[2026-09-21 22:33:18Z] ✅ Granted role 🎮 to 234479235551592448
[2026-09-21 23:21:27Z] 🐌 Slow Anthropic call: poll_plan on claude-sonnet-5 took 24.0s
[2026-09-21 23:21:28Z] 👾 Porygon Z filed 2 poll(s) (#brainstorming🧐)
[2026-09-21 23:21:52Z] 🕰️ Watcher was offline ~1 min — checking for missed jugglez summons since 2026-09-21 23:20 UTC
[2026-09-21 23:23:06Z] 🕰️ Watcher was offline ~1 min — checking for missed jugglez summons since 2026-09-21 23:21 UTC
[2026-09-21 23:24:08Z] 🕰️ Watcher was offline ~1 min — checking for missed jugglez summons since 2026-09-21 23:23 UTC
[2026-09-21 23:25:13Z] 🕰️ Watcher was offline ~1 min — checking for missed jugglez summons since 2026-09-21 23:24 UTC
[2026-09-21 23:26:16Z] 🕰️ Watcher was offline ~1 min — checking for missed jugglez summons since 2026-09-21 23:25 UTC
[2026-09-21 23:27:24Z] 🕰️ Watcher was offline ~1 min — checking for missed jugglez summons since 2026-09-21 23:26 UTC
[2026-09-21 23:28:31Z] 🕰️ Watcher was offline ~1 min — checking for missed jugglez summons since 2026-09-21 23:27 UTC
[2026-09-21 23:29:31Z] 🕰️ Watcher was offline ~1 min — checking for missed jugglez summons since 2026-09-21 23:28 UTC
[2026-09-21 23:30:36Z] 🕰️ Watcher was offline ~1 min — checking for missed jugglez summons since 2026-09-21 23:29 UTC
[2026-09-21 23:31:41Z] 🕰️ Watcher was offline ~1 min — checking for missed jugglez summons since 2026-09-21 23:30 UTC
[2026-09-21 23:32:42Z] 🕰️ Watcher was offline ~1 min — checking for missed jugglez summons since 2026-09-21 23:31 UTC
[2026-09-21 23:33:46Z] 🕰️ Watcher was offline ~1 min — checking for missed jugglez summons since 2026-09-21 23:32 UTC
[2026-09-21 23:34:51Z] 🕰️ Watcher was offline ~1 min — checking for missed jugglez summons since 2026-09-21 23:33 UTC
[2026-09-21 23:35:57Z] 🕰️ Watcher was offline ~1 min — checking for missed jugglez summons since 2026-09-21 23:34 UTC
[2026-09-21 23:37:05Z] 🕰️ Watcher was offline ~1 min — checking for missed jugglez summons since 2026-09-21 23:35 UTC
[2026-09-21 23:38:12Z] 🕰️ Watcher was offline ~1 min — checking for missed jugglez summons since 2026-09-21 23:37 UTC
[2026-09-21 23:39:18Z] 🕰️ Watcher was offline ~1 min — checking for missed jugglez summons since 2026-09-21 23:38 UTC
[2026-09-21 23:40:21Z] 🕰️ Watcher was offline ~1 min — checking for missed jugglez summons since 2026-09-21 23:39 UTC
[2026-09-21 23:41:25Z] 🕰️ Watcher was offline ~1 min — checking for missed jugglez summons since 2026-09-21 23:40 UTC
[2026-09-21 23:42:27Z] 🕰️ Watcher was offline ~1 min — checking for missed jugglez summons since 2026-09-21 23:41 UTC
[2026-09-21 23:43:32Z] 🕰️ Watcher was offline ~1 min — checking for missed jugglez summons since 2026-09-21 23:42 UTC
[2026-09-21 23:44:37Z] 🕰️ Watcher was offline ~1 min — checking for missed jugglez summons since 2026-09-21 23:43 UTC
[2026-09-21 23:45:40Z] 🕰️ Watcher was offline ~1 min — checking for missed jugglez summons since 2026-09-21 23:44 UTC
[2026-09-21 23:46:42Z] 🕰️ Watcher was offline ~1 min — checking for missed jugglez summons since 2026-09-21 23:45 UTC
[2026-09-21 23:47:51Z] 🕰️ Watcher was offline ~1 min — checking for missed jugglez summons since 2026-09-21 23:46 UTC
[2026-09-21 23:50:45Z] 🐌 Slow Anthropic call: poll_plan on claude-sonnet-5 took 35.8s
[2026-09-22 00:09:35Z] 👾 Porygon Z re-filed a rejected poll (rerun 1)
[2026-09-22 00:09:35Z] 👾 Porygon Z re-filed a rejected poll (rerun 2)
[2026-09-22 01:09:02Z] 🐌 Slow Anthropic call: compose_batch on claude-sonnet-5 took 48.3s
[2026-09-22 01:10:04Z] 🐌 Slow Anthropic call: score_batch on claude-sonnet-5 took 61.1s
[2026-09-22 01:10:04Z] 👾 Porygon Z replied (direct summon)
[2026-09-22 01:10:29Z] 🕰️ Watcher was offline ~2 min — checking for missed jugglez summons since 2026-09-22 01:07 UTC
[2026-09-22 01:11:41Z] 🕰️ Watcher was offline ~1 min — checking for missed jugglez summons since 2026-09-22 01:10 UTC
[2026-09-22 01:12:44Z] 🕰️ Watcher was offline ~1 min — checking for missed jugglez summons since 2026-09-22 01:11 UTC
[2026-09-22 01:13:50Z] 🕰️ Watcher was offline ~1 min — checking for missed jugglez summons since 2026-09-22 01:12 UTC
[2026-09-22 01:14:57Z] 🕰️ Watcher was offline ~1 min — checking for missed jugglez summons since 2026-09-22 01:13 UTC
[2026-09-22 01:16:04Z] 🕰️ Watcher was offline ~1 min — checking for missed jugglez summons since 2026-09-22 01:14 UTC
[2026-09-22 01:17:08Z] 🕰️ Watcher was offline ~1 min — checking for missed jugglez summons since 2026-09-22 01:16 UTC
[2026-09-22 01:18:12Z] 🕰️ Watcher was offline ~1 min — checking for missed jugglez summons since 2026-09-22 01:17 UTC
[2026-09-22 01:19:19Z] 🕰️ Watcher was offline ~1 min — checking for missed jugglez summons since 2026-09-22 01:18 UTC
[2026-09-22 01:20:25Z] 🕰️ Watcher was offline ~1 min — checking for missed jugglez summons since 2026-09-22 01:19 UTC
[2026-09-22 02:16:17Z] ✅ Revoked role 🤝 from 234479235551592448
[2026-09-22 02:16:17Z] ✅ Revoked role 🤝 from 195284975183069184
[2026-09-22 02:16:17Z] ✅ Revoked role 🤝 from 243191787294949386
[2026-09-22 02:16:18Z] ✅ Revoked role 🤝 from 333464277794947072
[2026-09-22 02:16:18Z] ✅ Revoked role 🤝 from 194245240041897984
[2026-09-22 02:16:18Z] ✅ Revoked role 🤝 from 193880505521930240
[2026-09-22 02:16:47Z] ✅ Granted role 🤝 to 234479235551592448
[2026-09-22 02:16:47Z] ✅ Granted role 🤝 to 195284975183069184
[2026-09-22 02:16:47Z] ✅ Granted role 🤝 to 243191787294949386
[2026-09-22 02:16:48Z] ✅ Granted role 🤝 to 333464277794947072
[2026-09-22 02:16:48Z] ✅ Granted role 🤝 to 194245240041897984
[2026-09-22 02:16:49Z] ✅ Granted role 🤝 to 193880505521930240
[2026-09-22 16:22:45Z] 🕰️ Watcher was offline ~72 min — checking for missed jugglez summons since 2026-09-22 15:10 UTC
[2026-09-22 16:24:21Z] 🕰️ Watcher was offline ~1 min — checking for missed jugglez summons since 2026-09-22 16:22 UTC
[2026-09-22 16:25:30Z] 🕰️ Watcher was offline ~1 min — checking for missed jugglez summons since 2026-09-22 16:24 UTC
[2026-09-22 16:26:40Z] 🕰️ Watcher was offline ~1 min — checking for missed jugglez summons since 2026-09-22 16:25 UTC
[2026-09-22 16:27:48Z] 🕰️ Watcher was offline ~1 min — checking for missed jugglez summons since 2026-09-22 16:26 UTC
[2026-09-22 16:28:58Z] 🕰️ Watcher was offline ~1 min — checking for missed jugglez summons since 2026-09-22 16:27 UTC
[2026-09-22 16:30:07Z] 🕰️ Watcher was offline ~1 min — checking for missed jugglez summons since 2026-09-22 16:28 UTC
[2026-09-22 16:31:16Z] 🕰️ Watcher was offline ~1 min — checking for missed jugglez summons since 2026-09-22 16:30 UTC
[2026-09-22 16:32:27Z] 🕰️ Watcher was offline ~1 min — checking for missed jugglez summons since 2026-09-22 16:31 UTC
[2026-09-22 16:33:34Z] 🕰️ Watcher was offline ~1 min — checking for missed jugglez summons since 2026-09-22 16:32 UTC
[2026-09-22 16:34:40Z] 🕰️ Watcher was offline ~1 min — checking for missed jugglez summons since 2026-09-22 16:33 UTC
[2026-09-22 16:35:45Z] 🕰️ Watcher was offline ~1 min — checking for missed jugglez summons since 2026-09-22 16:34 UTC
[2026-09-22 16:36:54Z] 🕰️ Watcher was offline ~1 min — checking for missed jugglez summons since 2026-09-22 16:35 UTC
[2026-09-22 16:38:06Z] 🕰️ Watcher was offline ~1 min — checking for missed jugglez summons since 2026-09-22 16:36 UTC
[2026-09-22 16:39:17Z] 🕰️ Watcher was offline ~1 min — checking for missed jugglez summons since 2026-09-22 16:38 UTC
[2026-09-22 16:40:30Z] 🕰️ Watcher was offline ~1 min — checking for missed jugglez summons since 2026-09-22 16:39 UTC
[2026-09-22 16:41:38Z] 🕰️ Watcher was offline ~1 min — checking for missed jugglez summons since 2026-09-22 16:40 UTC
[2026-09-22 16:42:50Z] 🕰️ Watcher was offline ~1 min — checking for missed jugglez summons since 2026-09-22 16:41 UTC
[2026-09-22 16:44:00Z] 🕰️ Watcher was offline ~1 min — checking for missed jugglez summons since 2026-09-22 16:42 UTC
[2026-09-22 16:45:05Z] 🕰️ Watcher was offline ~1 min — checking for missed jugglez summons since 2026-09-22 16:44 UTC
[2026-09-22 16:46:15Z] 🕰️ Watcher was offline ~1 min — checking for missed jugglez summons since 2026-09-22 16:45 UTC
[2026-09-22 16:47:18Z] 🕰️ Watcher was offline ~1 min — checking for missed jugglez summons since 2026-09-22 16:46 UTC
[2026-09-22 16:48:38Z] 🕰️ Watcher was offline ~1 min — checking for missed jugglez summons since 2026-09-22 16:47 UTC
[2026-09-22 16:49:45Z] 🕰️ Watcher was offline ~1 min — checking for missed jugglez summons since 2026-09-22 16:48 UTC
[2026-09-22 16:50:54Z] 🕰️ Watcher was offline ~1 min — checking for missed jugglez summons since 2026-09-22 16:49 UTC
[2026-09-22 16:52:08Z] 🕰️ Watcher was offline ~1 min — checking for missed jugglez summons since 2026-09-22 16:50 UTC
[2026-09-22 16:53:15Z] 🕰️ Watcher was offline ~1 min — checking for missed jugglez summons since 2026-09-22 16:52 UTC
[2026-09-22 16:54:29Z] 🕰️ Watcher was offline ~1 min — checking for missed jugglez summons since 2026-09-22 16:53 UTC
[2026-09-22 16:55:38Z] 🕰️ Watcher was offline ~1 min — checking for missed jugglez summons since 2026-09-22 16:54 UTC
[2026-09-22 16:56:39Z] 🕰️ Watcher was offline ~1 min — checking for missed jugglez summons since 2026-09-22 16:55 UTC
[2026-09-22 16:57:48Z] 🕰️ Watcher was offline ~1 min — checking for missed jugglez summons since 2026-09-22 16:56 UTC
[2026-09-22 16:58:54Z] 🕰️ Watcher was offline ~1 min — checking for missed jugglez summons since 2026-09-22 16:57 UTC
[2026-09-22 17:00:04Z] 🕰️ Watcher was offline ~1 min — checking for missed jugglez summons since 2026-09-22 16:58 UTC
[2026-09-22 17:01:48Z] 🕰️ Watcher was offline ~1 min — checking for missed jugglez summons since 2026-09-22 17:00 UTC
[2026-09-22 17:02:56Z] 🕰️ Watcher was offline ~1 min — checking for missed jugglez summons since 2026-09-22 17:01 UTC
[2026-09-22 17:04:06Z] 🕰️ Watcher was offline ~1 min — checking for missed jugglez summons since 2026-09-22 17:02 UTC
[2026-09-22 17:05:13Z] 🕰️ Watcher was offline ~1 min — checking for missed jugglez summons since 2026-09-22 17:04 UTC
[2026-09-22 17:06:23Z] 🕰️ Watcher was offline ~1 min — checking for missed jugglez summons since 2026-09-22 17:05 UTC
[2026-09-22 17:07:31Z] 🕰️ Watcher was offline ~1 min — checking for missed jugglez summons since 2026-09-22 17:06 UTC
[2026-09-22 17:08:39Z] 🕰️ Watcher was offline ~1 min — checking for missed jugglez summons since 2026-09-22 17:07 UTC
[2026-09-22 17:09:48Z] 🕰️ Watcher was offline ~1 min — checking for missed jugglez summons since 2026-09-22 17:08 UTC
[2026-09-22 17:10:55Z] 🕰️ Watcher was offline ~1 min — checking for missed jugglez summons since 2026-09-22 17:09 UTC
[2026-09-22 17:12:03Z] 🕰️ Watcher was offline ~1 min — checking for missed jugglez summons since 2026-09-22 17:10 UTC
[2026-09-22 17:13:11Z] 🕰️ Watcher was offline ~1 min — checking for missed jugglez summons since 2026-09-22 17:12 UTC
[2026-09-22 17:14:21Z] 🕰️ Watcher was offline ~1 min — checking for missed jugglez summons since 2026-09-22 17:13 UTC
[2026-09-22 17:15:31Z] 🕰️ Watcher was offline ~1 min — checking for missed jugglez summons since 2026-09-22 17:14 UTC
[2026-09-22 17:16:42Z] 🕰️ Watcher was offline ~1 min — checking for missed jugglez summons since 2026-09-22 17:15 UTC
[2026-09-22 17:17:51Z] 🕰️ Watcher was offline ~1 min — checking for missed jugglez summons since 2026-09-22 17:16 UTC
[2026-09-22 17:19:04Z] 🕰️ Watcher was offline ~1 min — checking for missed jugglez summons since 2026-09-22 17:17 UTC
[2026-09-22 17:20:17Z] 🕰️ Watcher was offline ~1 min — checking for missed jugglez summons since 2026-09-22 17:19 UTC
[2026-09-22 17:21:25Z] 🕰️ Watcher was offline ~1 min — checking for missed jugglez summons since 2026-09-22 17:20 UTC
[2026-09-22 17:22:37Z] 🕰️ Watcher was offline ~1 min — checking for missed jugglez summons since 2026-09-22 17:21 UTC
[2026-09-22 17:23:45Z] 🕰️ Watcher was offline ~1 min — checking for missed jugglez summons since 2026-09-22 17:22 UTC
[2026-09-22 17:24:55Z] 🕰️ Watcher was offline ~1 min — checking for missed jugglez summons since 2026-09-22 17:23 UTC
[2026-09-22 17:26:04Z] 🕰️ Watcher was offline ~1 min — checking for missed jugglez summons since 2026-09-22 17:24 UTC
[2026-09-22 17:27:14Z] 🕰️ Watcher was offline ~1 min — checking for missed jugglez summons since 2026-09-22 17:26 UTC
[2026-09-22 17:28:27Z] 🕰️ Watcher was offline ~1 min — checking for missed jugglez summons since 2026-09-22 17:27 UTC
[2026-09-22 17:29:38Z] 🕰️ Watcher was offline ~1 min — checking for missed jugglez summons since 2026-09-22 17:28 UTC
[2026-09-22 17:30:53Z] 🕰️ Watcher was offline ~1 min — checking for missed jugglez summons since 2026-09-22 17:29 UTC
[2026-09-22 17:32:01Z] 🕰️ Watcher was offline ~1 min — checking for missed jugglez summons since 2026-09-22 17:30 UTC
[2026-09-22 17:33:05Z] 🕰️ Watcher was offline ~1 min — checking for missed jugglez summons since 2026-09-22 17:32 UTC
[2026-09-22 17:34:13Z] 🕰️ Watcher was offline ~1 min — checking for missed jugglez summons since 2026-09-22 17:33 UTC
[2026-09-22 17:35:20Z] 🕰️ Watcher was offline ~1 min — checking for missed jugglez summons since 2026-09-22 17:34 UTC
[2026-09-22 17:36:33Z] 🕰️ Watcher was offline ~1 min — checking for missed jugglez summons since 2026-09-22 17:35 UTC
[2026-09-22 17:37:51Z] 🕰️ Watcher was offline ~1 min — checking for missed jugglez summons since 2026-09-22 17:36 UTC
[2026-09-22 17:38:59Z] 🕰️ Watcher was offline ~1 min — checking for missed jugglez summons since 2026-09-22 17:37 UTC
[2026-09-22 17:40:05Z] 🕰️ Watcher was offline ~1 min — checking for missed jugglez summons since 2026-09-22 17:38 UTC
[2026-09-22 17:41:13Z] 🕰️ Watcher was offline ~1 min — checking for missed jugglez summons since 2026-09-22 17:40 UTC
[2026-09-22 17:42:27Z] 🕰️ Watcher was offline ~1 min — checking for missed jugglez summons since 2026-09-22 17:41 UTC
[2026-09-22 17:43:37Z] 🕰️ Watcher was offline ~1 min — checking for missed jugglez summons since 2026-09-22 17:42 UTC
[2026-09-22 17:44:47Z] 🕰️ Watcher was offline ~1 min — checking for missed jugglez summons since 2026-09-22 17:43 UTC
[2026-09-22 17:45:58Z] 🕰️ Watcher was offline ~1 min — checking for missed jugglez summons since 2026-09-22 17:44 UTC
[2026-09-22 17:47:06Z] 🕰️ Watcher was offline ~1 min — checking for missed jugglez summons since 2026-09-22 17:45 UTC
[2026-09-22 17:48:15Z] 🕰️ Watcher was offline ~1 min — checking for missed jugglez summons since 2026-09-22 17:47 UTC
[2026-09-22 17:49:21Z] 🕰️ Watcher was offline ~1 min — checking for missed jugglez summons since 2026-09-22 17:48 UTC
[2026-09-22 17:50:33Z] 🕰️ Watcher was offline ~1 min — checking for missed jugglez summons since 2026-09-22 17:49 UTC
[2026-09-22 17:51:46Z] 🕰️ Watcher was offline ~1 min — checking for missed jugglez summons since 2026-09-22 17:50 UTC
[2026-09-22 17:52:57Z] 🕰️ Watcher was offline ~1 min — checking for missed jugglez summons since 2026-09-22 17:51 UTC
[2026-09-22 17:54:14Z] 🕰️ Watcher was offline ~1 min — checking for missed jugglez summons since 2026-09-22 17:52 UTC
[2026-09-22 17:55:27Z] 🕰️ Watcher was offline ~1 min — checking for missed jugglez summons since 2026-09-22 17:54 UTC
[2026-09-22 17:56:38Z] 🕰️ Watcher was offline ~1 min — checking for missed jugglez summons since 2026-09-22 17:55 UTC
[2026-09-22 17:57:52Z] 🕰️ Watcher was offline ~1 min — checking for missed jugglez summons since 2026-09-22 17:56 UTC
[2026-09-22 17:58:57Z] 🕰️ Watcher was offline ~1 min — checking for missed jugglez summons since 2026-09-22 17:57 UTC
[2026-09-22 18:00:05Z] 🕰️ Watcher was offline ~1 min — checking for missed jugglez summons since 2026-09-22 17:58 UTC
[2026-09-22 18:01:30Z] 🕰️ Watcher was offline ~1 min — checking for missed jugglez summons since 2026-09-22 18:00 UTC
[2026-09-22 18:02:34Z] 🕰️ Watcher was offline ~1 min — checking for missed jugglez summons since 2026-09-22 18:01 UTC
[2026-09-22 18:03:46Z] 🕰️ Watcher was offline ~1 min — checking for missed jugglez summons since 2026-09-22 18:02 UTC
[2026-09-22 18:04:52Z] 🕰️ Watcher was offline ~1 min — checking for missed jugglez summons since 2026-09-22 18:03 UTC
[2026-09-22 18:06:01Z] 🕰️ Watcher was offline ~1 min — checking for missed jugglez summons since 2026-09-22 18:04 UTC
[2026-09-22 18:07:10Z] 🕰️ Watcher was offline ~1 min — checking for missed jugglez summons since 2026-09-22 18:06 UTC
[2026-09-22 18:08:23Z] 🕰️ Watcher was offline ~1 min — checking for missed jugglez summons since 2026-09-22 18:07 UTC
[2026-09-22 18:09:36Z] 🕰️ Watcher was offline ~1 min — checking for missed jugglez summons since 2026-09-22 18:08 UTC
[2026-09-22 18:10:45Z] 🕰️ Watcher was offline ~1 min — checking for missed jugglez summons since 2026-09-22 18:09 UTC
[2026-09-22 18:11:54Z] 🕰️ Watcher was offline ~1 min — checking for missed jugglez summons since 2026-09-22 18:10 UTC
[2026-09-22 18:13:00Z] 🕰️ Watcher was offline ~1 min — checking for missed jugglez summons since 2026-09-22 18:11 UTC
[2026-09-22 18:14:04Z] 🕰️ Watcher was offline ~1 min — checking for missed jugglez summons since 2026-09-22 18:13 UTC
[2026-09-22 18:15:08Z] 🕰️ Watcher was offline ~1 min — checking for missed jugglez summons since 2026-09-22 18:14 UTC
[2026-09-22 18:16:20Z] 🕰️ Watcher was offline ~1 min — checking for missed jugglez summons since 2026-09-22 18:15 UTC
[2026-09-22 18:17:26Z] 🕰️ Watcher was offline ~1 min — checking for missed jugglez summons since 2026-09-22 18:16 UTC
[2026-09-22 18:18:31Z] 🕰️ Watcher was offline ~1 min — checking for missed jugglez summons since 2026-09-22 18:17 UTC
[2026-09-22 18:19:41Z] 🕰️ Watcher was offline ~1 min — checking for missed jugglez summons since 2026-09-22 18:18 UTC
[2026-09-22 18:20:49Z] 🕰️ Watcher was offline ~1 min — checking for missed jugglez summons since 2026-09-22 18:19 UTC
[2026-09-22 18:21:54Z] 🕰️ Watcher was offline ~1 min — checking for missed jugglez summons since 2026-09-22 18:20 UTC
[2026-09-22 18:23:10Z] 🕰️ Watcher was offline ~1 min — checking for missed jugglez summons since 2026-09-22 18:21 UTC
[2026-09-22 18:24:26Z] 🕰️ Watcher was offline ~1 min — checking for missed jugglez summons since 2026-09-22 18:23 UTC
[2026-09-22 18:25:34Z] 🕰️ Watcher was offline ~1 min — checking for missed jugglez summons since 2026-09-22 18:24 UTC
[2026-09-22 18:26:42Z] 🕰️ Watcher was offline ~1 min — checking for missed jugglez summons since 2026-09-22 18:25 UTC
[2026-09-22 18:27:48Z] 🕰️ Watcher was offline ~1 min — checking for missed jugglez summons since 2026-09-22 18:26 UTC
[2026-09-22 18:28:52Z] ✅ Revoked role 🍲 from 195284975183069184
[2026-09-22 18:28:52Z] ✅ Revoked role 🍲 from 243191787294949386
[2026-09-22 18:29:22Z] ✅ Granted role 🍲 to 195284975183069184
[2026-09-22 18:29:22Z] ✅ Granted role 🍲 to 243191787294949386
[2026-09-22 18:28:55Z] 🕰️ Watcher was offline ~1 min — checking for missed jugglez summons since 2026-09-22 18:27 UTC
[2026-09-22 18:30:08Z] 🕰️ Watcher was offline ~1 min — checking for missed jugglez summons since 2026-09-22 18:28 UTC
[2026-09-22 18:31:19Z] 🕰️ Watcher was offline ~1 min — checking for missed jugglez summons since 2026-09-22 18:30 UTC
[2026-09-22 18:32:24Z] 🕰️ Watcher was offline ~1 min — checking for missed jugglez summons since 2026-09-22 18:31 UTC
[2026-09-22 18:33:32Z] 🕰️ Watcher was offline ~1 min — checking for missed jugglez summons since 2026-09-22 18:32 UTC
[2026-09-22 18:34:43Z] 🕰️ Watcher was offline ~1 min — checking for missed jugglez summons since 2026-09-22 18:33 UTC
[2026-09-22 18:35:52Z] 🕰️ Watcher was offline ~1 min — checking for missed jugglez summons since 2026-09-22 18:34 UTC
[2026-09-22 18:36:57Z] 🕰️ Watcher was offline ~1 min — checking for missed jugglez summons since 2026-09-22 18:35 UTC
[2026-09-22 18:38:04Z] 🕰️ Watcher was offline ~1 min — checking for missed jugglez summons since 2026-09-22 18:36 UTC
[2026-09-22 18:39:09Z] 🕰️ Watcher was offline ~1 min — checking for missed jugglez summons since 2026-09-22 18:38 UTC
[2026-09-22 18:40:14Z] 🕰️ Watcher was offline ~1 min — checking for missed jugglez summons since 2026-09-22 18:39 UTC
[2026-09-22 18:41:24Z] 🕰️ Watcher was offline ~1 min — checking for missed jugglez summons since 2026-09-22 18:40 UTC
[2026-09-22 18:42:34Z] 🕰️ Watcher was offline ~1 min — checking for missed jugglez summons since 2026-09-22 18:41 UTC
[2026-09-22 18:43:45Z] 🕰️ Watcher was offline ~1 min — checking for missed jugglez summons since 2026-09-22 18:42 UTC
[2026-09-22 18:44:53Z] 🕰️ Watcher was offline ~1 min — checking for missed jugglez summons since 2026-09-22 18:43 UTC
[2026-09-22 18:46:05Z] 🕰️ Watcher was offline ~1 min — checking for missed jugglez summons since 2026-09-22 18:44 UTC
[2026-09-22 18:47:18Z] 🕰️ Watcher was offline ~1 min — checking for missed jugglez summons since 2026-09-22 18:46 UTC
[2026-09-22 18:48:26Z] 🕰️ Watcher was offline ~1 min — checking for missed jugglez summons since 2026-09-22 18:47 UTC
[2026-09-22 18:49:38Z] 🕰️ Watcher was offline ~1 min — checking for missed jugglez summons since 2026-09-22 18:48 UTC
[2026-09-22 18:50:50Z] 🕰️ Watcher was offline ~1 min — checking for missed jugglez summons since 2026-09-22 18:49 UTC
[2026-09-22 18:52:01Z] 🕰️ Watcher was offline ~1 min — checking for missed jugglez summons since 2026-09-22 18:50 UTC
[2026-09-22 18:53:11Z] 🕰️ Watcher was offline ~1 min — checking for missed jugglez summons since 2026-09-22 18:52 UTC
[2026-09-22 18:54:18Z] 🕰️ Watcher was offline ~1 min — checking for missed jugglez summons since 2026-09-22 18:53 UTC
[2026-09-22 18:55:28Z] 🕰️ Watcher was offline ~1 min — checking for missed jugglez summons since 2026-09-22 18:54 UTC
[2026-09-22 18:56:33Z] 🕰️ Watcher was offline ~1 min — checking for missed jugglez summons since 2026-09-22 18:55 UTC
[2026-09-22 18:57:42Z] 🕰️ Watcher was offline ~1 min — checking for missed jugglez summons since 2026-09-22 18:56 UTC
[2026-09-22 18:59:00Z] 🕰️ Watcher was offline ~1 min — checking for missed jugglez summons since 2026-09-22 18:57 UTC
[2026-09-22 19:00:05Z] 🕰️ Watcher was offline ~1 min — checking for missed jugglez summons since 2026-09-22 18:59 UTC
[2026-09-22 19:01:18Z] 🕰️ Watcher was offline ~1 min — checking for missed jugglez summons since 2026-09-22 19:00 UTC
[2026-09-22 19:02:32Z] 🕰️ Watcher was offline ~1 min — checking for missed jugglez summons since 2026-09-22 19:01 UTC
[2026-09-22 19:03:43Z] 🕰️ Watcher was offline ~1 min — checking for missed jugglez summons since 2026-09-22 19:02 UTC
[2026-09-22 19:05:05Z] 🕰️ Watcher was offline ~1 min — checking for missed jugglez summons since 2026-09-22 19:03 UTC
[2026-09-22 19:06:13Z] 🕰️ Watcher was offline ~1 min — checking for missed jugglez summons since 2026-09-22 19:05 UTC
[2026-09-22 19:07:22Z] 🕰️ Watcher was offline ~1 min — checking for missed jugglez summons since 2026-09-22 19:06 UTC
[2026-09-22 19:08:36Z] 🕰️ Watcher was offline ~1 min — checking for missed jugglez summons since 2026-09-22 19:07 UTC
[2026-09-22 19:09:47Z] 🕰️ Watcher was offline ~1 min — checking for missed jugglez summons since 2026-09-22 19:08 UTC
[2026-09-22 19:10:57Z] 🕰️ Watcher was offline ~1 min — checking for missed jugglez summons since 2026-09-22 19:09 UTC
[2026-09-22 19:12:02Z] 🕰️ Watcher was offline ~1 min — checking for missed jugglez summons since 2026-09-22 19:10 UTC
[2026-09-22 19:13:07Z] 🕰️ Watcher was offline ~1 min — checking for missed jugglez summons since 2026-09-22 19:12 UTC
[2026-09-22 19:14:12Z] 🕰️ Watcher was offline ~1 min — checking for missed jugglez summons since 2026-09-22 19:13 UTC
[2026-09-22 19:15:23Z] 🕰️ Watcher was offline ~1 min — checking for missed jugglez summons since 2026-09-22 19:14 UTC
[2026-09-22 19:16:35Z] 🕰️ Watcher was offline ~1 min — checking for missed jugglez summons since 2026-09-22 19:15 UTC
[2026-09-22 19:17:44Z] 🕰️ Watcher was offline ~1 min — checking for missed jugglez summons since 2026-09-22 19:16 UTC
[2026-09-22 19:19:06Z] 🕰️ Watcher was offline ~1 min — checking for missed jugglez summons since 2026-09-22 19:17 UTC
[2026-09-22 19:20:17Z] 🕰️ Watcher was offline ~1 min — checking for missed jugglez summons since 2026-09-22 19:19 UTC
[2026-09-22 19:21:20Z] 🕰️ Watcher was offline ~1 min — checking for missed jugglez summons since 2026-09-22 19:20 UTC
[2026-09-22 19:22:30Z] 🕰️ Watcher was offline ~1 min — checking for missed jugglez summons since 2026-09-22 19:21 UTC
[2026-09-22 19:23:31Z] ✅ Twitch: erodite went live — Discord notified
[2026-09-22 19:23:45Z] 🕰️ Watcher was offline ~1 min — checking for missed jugglez summons since 2026-09-22 19:22 UTC
[2026-09-22 19:25:17Z] 🕰️ Watcher was offline ~1 min — checking for missed jugglez summons since 2026-09-22 19:23 UTC
[2026-09-22 19:26:25Z] 🕰️ Watcher was offline ~1 min — checking for missed jugglez summons since 2026-09-22 19:25 UTC
[2026-09-22 19:27:37Z] 🕰️ Watcher was offline ~1 min — checking for missed jugglez summons since 2026-09-22 19:26 UTC
[2026-09-22 19:28:42Z] 🕰️ Watcher was offline ~1 min — checking for missed jugglez summons since 2026-09-22 19:27 UTC
[2026-09-22 19:29:48Z] 🕰️ Watcher was offline ~1 min — checking for missed jugglez summons since 2026-09-22 19:28 UTC
[2026-09-22 19:31:06Z] 🕰️ Watcher was offline ~1 min — checking for missed jugglez summons since 2026-09-22 19:29 UTC
[2026-09-22 19:32:14Z] 🕰️ Watcher was offline ~1 min — checking for missed jugglez summons since 2026-09-22 19:31 UTC
[2026-09-22 19:33:27Z] 🕰️ Watcher was offline ~1 min — checking for missed jugglez summons since 2026-09-22 19:32 UTC
[2026-09-22 19:34:42Z] 🕰️ Watcher was offline ~1 min — checking for missed jugglez summons since 2026-09-22 19:33 UTC
[2026-09-22 19:35:57Z] 🕰️ Watcher was offline ~1 min — checking for missed jugglez summons since 2026-09-22 19:34 UTC
[2026-09-22 19:37:12Z] 🕰️ Watcher was offline ~1 min — checking for missed jugglez summons since 2026-09-22 19:35 UTC
[2026-09-22 19:38:19Z] 🕰️ Watcher was offline ~1 min — checking for missed jugglez summons since 2026-09-22 19:37 UTC
[2026-09-22 19:39:23Z] 🕰️ Watcher was offline ~1 min — checking for missed jugglez summons since 2026-09-22 19:38 UTC
[2026-09-22 19:40:26Z] 🕰️ Watcher was offline ~1 min — checking for missed jugglez summons since 2026-09-22 19:39 UTC
[2026-09-22 19:41:35Z] 🕰️ Watcher was offline ~1 min — checking for missed jugglez summons since 2026-09-22 19:40 UTC
[2026-09-22 19:42:43Z] 🕰️ Watcher was offline ~1 min — checking for missed jugglez summons since 2026-09-22 19:41 UTC
[2026-09-22 19:43:58Z] 🕰️ Watcher was offline ~1 min — checking for missed jugglez summons since 2026-09-22 19:42 UTC
[2026-09-22 19:45:12Z] 🕰️ Watcher was offline ~1 min — checking for missed jugglez summons since 2026-09-22 19:43 UTC
[2026-09-22 19:46:22Z] 🕰️ Watcher was offline ~1 min — checking for missed jugglez summons since 2026-09-22 19:45 UTC
[2026-09-22 19:47:32Z] 🕰️ Watcher was offline ~1 min — checking for missed jugglez summons since 2026-09-22 19:46 UTC
[2026-09-22 19:48:40Z] 🕰️ Watcher was offline ~1 min — checking for missed jugglez summons since 2026-09-22 19:47 UTC
[2026-09-22 19:49:57Z] 🕰️ Watcher was offline ~1 min — checking for missed jugglez summons since 2026-09-22 19:48 UTC
[2026-09-22 19:51:08Z] 🕰️ Watcher was offline ~1 min — checking for missed jugglez summons since 2026-09-22 19:49 UTC
[2026-09-22 19:52:17Z] 🕰️ Watcher was offline ~1 min — checking for missed jugglez summons since 2026-09-22 19:51 UTC
[2026-09-22 19:53:30Z] 🕰️ Watcher was offline ~1 min — checking for missed jugglez summons since 2026-09-22 19:52 UTC
[2026-09-22 19:54:38Z] 🕰️ Watcher was offline ~1 min — checking for missed jugglez summons since 2026-09-22 19:53 UTC
[2026-09-22 19:55:46Z] 🕰️ Watcher was offline ~1 min — checking for missed jugglez summons since 2026-09-22 19:54 UTC
[2026-09-22 19:56:59Z] 🕰️ Watcher was offline ~1 min — checking for missed jugglez summons since 2026-09-22 19:55 UTC
[2026-09-22 19:58:07Z] 🕰️ Watcher was offline ~1 min — checking for missed jugglez summons since 2026-09-22 19:56 UTC
[2026-09-22 19:59:15Z] 🕰️ Watcher was offline ~1 min — checking for missed jugglez summons since 2026-09-22 19:58 UTC
[2026-09-22 20:00:25Z] 🕰️ Watcher was offline ~1 min — checking for missed jugglez summons since 2026-09-22 19:59 UTC
[2026-09-22 20:01:36Z] 🕰️ Watcher was offline ~1 min — checking for missed jugglez summons since 2026-09-22 20:00 UTC
[2026-09-22 20:02:47Z] 🕰️ Watcher was offline ~1 min — checking for missed jugglez summons since 2026-09-22 20:01 UTC
[2026-09-22 20:03:59Z] 🕰️ Watcher was offline ~1 min — checking for missed jugglez summons since 2026-09-22 20:02 UTC
[2026-09-22 20:05:10Z] 🕰️ Watcher was offline ~1 min — checking for missed jugglez summons since 2026-09-22 20:03 UTC
[2026-09-22 20:06:17Z] 🕰️ Watcher was offline ~1 min — checking for missed jugglez summons since 2026-09-22 20:05 UTC
[2026-09-22 20:07:25Z] 🕰️ Watcher was offline ~1 min — checking for missed jugglez summons since 2026-09-22 20:06 UTC
[2026-09-22 20:08:32Z] 🕰️ Watcher was offline ~1 min — checking for missed jugglez summons since 2026-09-22 20:07 UTC
[2026-09-22 20:09:39Z] 🕰️ Watcher was offline ~1 min — checking for missed jugglez summons since 2026-09-22 20:08 UTC
[2026-09-22 20:10:44Z] 🕰️ Watcher was offline ~1 min — checking for missed jugglez summons since 2026-09-22 20:09 UTC
[2026-09-22 20:11:54Z] 🕰️ Watcher was offline ~1 min — checking for missed jugglez summons since 2026-09-22 20:10 UTC
[2026-09-22 20:13:06Z] 🕰️ Watcher was offline ~1 min — checking for missed jugglez summons since 2026-09-22 20:11 UTC
[2026-09-22 20:14:16Z] 🕰️ Watcher was offline ~1 min — checking for missed jugglez summons since 2026-09-22 20:13 UTC
[2026-09-22 20:15:24Z] 🕰️ Watcher was offline ~1 min — checking for missed jugglez summons since 2026-09-22 20:14 UTC
[2026-09-22 20:16:32Z] 🕰️ Watcher was offline ~1 min — checking for missed jugglez summons since 2026-09-22 20:15 UTC
[2026-09-22 20:17:51Z] 🕰️ Watcher was offline ~1 min — checking for missed jugglez summons since 2026-09-22 20:16 UTC
[2026-09-22 20:19:03Z] 🕰️ Watcher was offline ~1 min — checking for missed jugglez summons since 2026-09-22 20:17 UTC
[2026-09-22 20:20:11Z] 🕰️ Watcher was offline ~1 min — checking for missed jugglez summons since 2026-09-22 20:19 UTC
[2026-09-22 20:21:20Z] 🕰️ Watcher was offline ~1 min — checking for missed jugglez summons since 2026-09-22 20:20 UTC
[2026-09-22 20:22:34Z] 🕰️ Watcher was offline ~1 min — checking for missed jugglez summons since 2026-09-22 20:21 UTC
[2026-09-22 20:23:48Z] 🕰️ Watcher was offline ~1 min — checking for missed jugglez summons since 2026-09-22 20:22 UTC
[2026-09-22 20:25:04Z] 🕰️ Watcher was offline ~1 min — checking for missed jugglez summons since 2026-09-22 20:23 UTC
[2026-09-22 20:26:25Z] 🕰️ Watcher was offline ~1 min — checking for missed jugglez summons since 2026-09-22 20:25 UTC
[2026-09-22 20:27:43Z] 🕰️ Watcher was offline ~1 min — checking for missed jugglez summons since 2026-09-22 20:26 UTC
[2026-09-22 20:28:56Z] 🕰️ Watcher was offline ~1 min — checking for missed jugglez summons since 2026-09-22 20:27 UTC
[2026-09-22 20:30:07Z] 🕰️ Watcher was offline ~1 min — checking for missed jugglez summons since 2026-09-22 20:28 UTC
[2026-09-22 20:31:18Z] 🕰️ Watcher was offline ~1 min — checking for missed jugglez summons since 2026-09-22 20:30 UTC
[2026-09-22 20:32:30Z] 🕰️ Watcher was offline ~1 min — checking for missed jugglez summons since 2026-09-22 20:31 UTC
[2026-09-22 20:33:41Z] 🕰️ Watcher was offline ~1 min — checking for missed jugglez summons since 2026-09-22 20:32 UTC
[2026-09-22 20:34:54Z] 🕰️ Watcher was offline ~1 min — checking for missed jugglez summons since 2026-09-22 20:33 UTC
[2026-09-22 20:36:01Z] 🕰️ Watcher was offline ~1 min — checking for missed jugglez summons since 2026-09-22 20:34 UTC
[2026-09-22 20:37:12Z] 🕰️ Watcher was offline ~1 min — checking for missed jugglez summons since 2026-09-22 20:36 UTC
[2026-09-22 20:38:20Z] 🕰️ Watcher was offline ~1 min — checking for missed jugglez summons since 2026-09-22 20:37 UTC
[2026-09-22 20:39:32Z] 🕰️ Watcher was offline ~1 min — checking for missed jugglez summons since 2026-09-22 20:38 UTC
[2026-09-22 20:40:54Z] 🕰️ Watcher was offline ~1 min — checking for missed jugglez summons since 2026-09-22 20:39 UTC
[2026-09-22 20:42:09Z] 🕰️ Watcher was offline ~1 min — checking for missed jugglez summons since 2026-09-22 20:40 UTC
[2026-09-22 20:43:22Z] 🕰️ Watcher was offline ~1 min — checking for missed jugglez summons since 2026-09-22 20:42 UTC
[2026-09-22 20:44:36Z] 🕰️ Watcher was offline ~1 min — checking for missed jugglez summons since 2026-09-22 20:43 UTC
[2026-09-22 20:45:45Z] 🕰️ Watcher was offline ~1 min — checking for missed jugglez summons since 2026-09-22 20:44 UTC
[2026-09-22 20:46:55Z] 🕰️ Watcher was offline ~1 min — checking for missed jugglez summons since 2026-09-22 20:45 UTC
[2026-09-22 20:48:04Z] 🕰️ Watcher was offline ~1 min — checking for missed jugglez summons since 2026-09-22 20:46 UTC
[2026-09-22 20:49:09Z] 🕰️ Watcher was offline ~1 min — checking for missed jugglez summons since 2026-09-22 20:48 UTC
[2026-09-22 20:50:14Z] 🕰️ Watcher was offline ~1 min — checking for missed jugglez summons since 2026-09-22 20:49 UTC
[2026-09-22 20:51:17Z] 🕰️ Watcher was offline ~1 min — checking for missed jugglez summons since 2026-09-22 20:50 UTC
[2026-09-22 20:52:25Z] 🕰️ Watcher was offline ~1 min — checking for missed jugglez summons since 2026-09-22 20:51 UTC
[2026-09-22 20:53:29Z] 🕰️ Watcher was offline ~1 min — checking for missed jugglez summons since 2026-09-22 20:52 UTC
[2026-09-22 20:54:36Z] 🕰️ Watcher was offline ~1 min — checking for missed jugglez summons since 2026-09-22 20:53 UTC
[2026-09-22 20:55:45Z] 🕰️ Watcher was offline ~1 min — checking for missed jugglez summons since 2026-09-22 20:54 UTC
[2026-09-22 20:56:54Z] 🕰️ Watcher was offline ~1 min — checking for missed jugglez summons since 2026-09-22 20:55 UTC
[2026-09-22 20:58:00Z] 🕰️ Watcher was offline ~1 min — checking for missed jugglez summons since 2026-09-22 20:56 UTC
[2026-09-22 20:59:09Z] 🕰️ Watcher was offline ~1 min — checking for missed jugglez summons since 2026-09-22 20:58 UTC
[2026-09-22 21:00:23Z] 🕰️ Watcher was offline ~1 min — checking for missed jugglez summons since 2026-09-22 20:59 UTC
[2026-09-22 21:01:39Z] 🕰️ Watcher was offline ~1 min — checking for missed jugglez summons since 2026-09-22 21:00 UTC
[2026-09-22 21:02:49Z] 🕰️ Watcher was offline ~1 min — checking for missed jugglez summons since 2026-09-22 21:01 UTC
[2026-09-22 21:03:58Z] 🕰️ Watcher was offline ~1 min — checking for missed jugglez summons since 2026-09-22 21:02 UTC
[2026-09-22 21:05:06Z] 🕰️ Watcher was offline ~1 min — checking for missed jugglez summons since 2026-09-22 21:03 UTC
[2026-09-22 21:06:15Z] 🕰️ Watcher was offline ~1 min — checking for missed jugglez summons since 2026-09-22 21:05 UTC
[2026-09-22 21:07:22Z] 🕰️ Watcher was offline ~1 min — checking for missed jugglez summons since 2026-09-22 21:06 UTC
[2026-09-22 21:08:30Z] 🕰️ Watcher was offline ~1 min — checking for missed jugglez summons since 2026-09-22 21:07 UTC
[2026-09-22 21:09:40Z] 🕰️ Watcher was offline ~1 min — checking for missed jugglez summons since 2026-09-22 21:08 UTC
[2026-09-22 21:10:46Z] 🕰️ Watcher was offline ~1 min — checking for missed jugglez summons since 2026-09-22 21:09 UTC
[2026-09-22 21:11:52Z] 🕰️ Watcher was offline ~1 min — checking for missed jugglez summons since 2026-09-22 21:10 UTC
[2026-09-22 21:12:53Z] 🕰️ Watcher was offline ~1 min — checking for missed jugglez summons since 2026-09-22 21:11 UTC
[2026-09-22 21:13:59Z] 🕰️ Watcher was offline ~1 min — checking for missed jugglez summons since 2026-09-22 21:12 UTC
[2026-09-22 21:15:08Z] 🕰️ Watcher was offline ~1 min — checking for missed jugglez summons since 2026-09-22 21:13 UTC
[2026-09-22 21:16:17Z] 🕰️ Watcher was offline ~1 min — checking for missed jugglez summons since 2026-09-22 21:15 UTC
[2026-09-22 21:17:22Z] 🕰️ Watcher was offline ~1 min — checking for missed jugglez summons since 2026-09-22 21:16 UTC
[2026-09-22 21:18:27Z] 🕰️ Watcher was offline ~1 min — checking for missed jugglez summons since 2026-09-22 21:17 UTC
[2026-09-22 21:19:37Z] 🕰️ Watcher was offline ~1 min — checking for missed jugglez summons since 2026-09-22 21:18 UTC
[2026-09-22 21:20:50Z] 🕰️ Watcher was offline ~1 min — checking for missed jugglez summons since 2026-09-22 21:19 UTC
[2026-09-22 21:22:08Z] 🕰️ Watcher was offline ~1 min — checking for missed jugglez summons since 2026-09-22 21:20 UTC
[2026-09-22 21:23:20Z] 🕰️ Watcher was offline ~1 min — checking for missed jugglez summons since 2026-09-22 21:22 UTC
[2026-09-22 21:24:29Z] 🕰️ Watcher was offline ~1 min — checking for missed jugglez summons since 2026-09-22 21:23 UTC
[2026-09-22 21:25:34Z] 🕰️ Watcher was offline ~1 min — checking for missed jugglez summons since 2026-09-22 21:24 UTC
[2026-09-22 21:26:41Z] 🕰️ Watcher was offline ~1 min — checking for missed jugglez summons since 2026-09-22 21:25 UTC
[2026-09-22 21:27:42Z] 🕰️ Watcher was offline ~1 min — checking for missed jugglez summons since 2026-09-22 21:26 UTC
[2026-09-22 21:29:03Z] 🕰️ Watcher was offline ~1 min — checking for missed jugglez summons since 2026-09-22 21:27 UTC
[2026-09-22 21:30:30Z] 🕰️ Watcher was offline ~1 min — checking for missed jugglez summons since 2026-09-22 21:29 UTC
[2026-09-22 21:32:02Z] 🕰️ Watcher was offline ~1 min — checking for missed jugglez summons since 2026-09-22 21:30 UTC
[2026-09-22 21:33:24Z] 🕰️ Watcher was offline ~1 min — checking for missed jugglez summons since 2026-09-22 21:32 UTC
[2026-09-22 21:35:41Z] 🕰️ Watcher was offline ~2 min — checking for missed jugglez summons since 2026-09-22 21:33 UTC
[2026-09-22 21:36:59Z] 🕰️ Watcher was offline ~1 min — checking for missed jugglez summons since 2026-09-22 21:35 UTC
[2026-09-22 21:38:24Z] 🕰️ Watcher was offline ~1 min — checking for missed jugglez summons since 2026-09-22 21:36 UTC
[2026-09-22 21:39:49Z] 🕰️ Watcher was offline ~1 min — checking for missed jugglez summons since 2026-09-22 21:38 UTC
[2026-09-22 21:41:10Z] 🕰️ Watcher was offline ~1 min — checking for missed jugglez summons since 2026-09-22 21:39 UTC
[2026-09-22 21:42:35Z] 🕰️ Watcher was offline ~1 min — checking for missed jugglez summons since 2026-09-22 21:41 UTC
[2026-09-22 21:44:14Z] 🕰️ Watcher was offline ~1 min — checking for missed jugglez summons since 2026-09-22 21:42 UTC
[2026-09-22 21:45:40Z] 🕰️ Watcher was offline ~1 min — checking for missed jugglez summons since 2026-09-22 21:44 UTC
[2026-09-22 21:47:11Z] 🕰️ Watcher was offline ~1 min — checking for missed jugglez summons since 2026-09-22 21:45 UTC
[2026-09-22 21:48:31Z] 🕰️ Watcher was offline ~1 min — checking for missed jugglez summons since 2026-09-22 21:47 UTC
[2026-09-22 21:49:56Z] 🕰️ Watcher was offline ~1 min — checking for missed jugglez summons since 2026-09-22 21:48 UTC
[2026-09-22 21:51:23Z] 🕰️ Watcher was offline ~1 min — checking for missed jugglez summons since 2026-09-22 21:49 UTC
[2026-09-22 21:52:45Z] 🕰️ Watcher was offline ~1 min — checking for missed jugglez summons since 2026-09-22 21:51 UTC
[2026-09-22 21:54:05Z] 🕰️ Watcher was offline ~1 min — checking for missed jugglez summons since 2026-09-22 21:52 UTC
[2026-09-22 21:55:25Z] 🕰️ Watcher was offline ~1 min — checking for missed jugglez summons since 2026-09-22 21:54 UTC
[2026-09-22 21:56:49Z] 🕰️ Watcher was offline ~1 min — checking for missed jugglez summons since 2026-09-22 21:55 UTC
[2026-09-22 21:58:06Z] 🕰️ Watcher was offline ~1 min — checking for missed jugglez summons since 2026-09-22 21:56 UTC
[2026-09-22 21:59:23Z] 🕰️ Watcher was offline ~1 min — checking for missed jugglez summons since 2026-09-22 21:58 UTC
[2026-09-22 22:00:51Z] 🕰️ Watcher was offline ~1 min — checking for missed jugglez summons since 2026-09-22 21:59 UTC
[2026-09-22 22:02:17Z] 🕰️ Watcher was offline ~1 min — checking for missed jugglez summons since 2026-09-22 22:00 UTC
[2026-09-22 22:03:39Z] 🕰️ Watcher was offline ~1 min — checking for missed jugglez summons since 2026-09-22 22:02 UTC
[2026-09-22 22:05:03Z] 🕰️ Watcher was offline ~1 min — checking for missed jugglez summons since 2026-09-22 22:03 UTC
[2026-09-22 22:06:25Z] 🕰️ Watcher was offline ~1 min — checking for missed jugglez summons since 2026-09-22 22:05 UTC
[2026-09-22 22:07:45Z] 🕰️ Watcher was offline ~1 min — checking for missed jugglez summons since 2026-09-22 22:06 UTC
[2026-09-22 22:09:14Z] 🕰️ Watcher was offline ~1 min — checking for missed jugglez summons since 2026-09-22 22:07 UTC
[2026-09-22 22:10:45Z] 🕰️ Watcher was offline ~1 min — checking for missed jugglez summons since 2026-09-22 22:09 UTC
[2026-09-22 22:12:13Z] 📋 Meru Meru registered for social tracking: instagram
[2026-09-22 22:12:17Z] 🕰️ Watcher was offline ~1 min — checking for missed jugglez summons since 2026-09-22 22:10 UTC
[2026-09-22 22:13:49Z] 🕰️ Watcher was offline ~1 min — checking for missed jugglez summons since 2026-09-22 22:12 UTC
[2026-09-22 22:14:34Z] 🖥️ Manual reaction :porygonspin: added as Porygon (#💻techno-logiaaa🖥️)
[2026-09-22 22:15:35Z] 🕰️ Watcher was offline ~1 min — checking for missed jugglez summons since 2026-09-22 22:13 UTC
[2026-09-22 22:16:28Z] ⚠️ Instagram check for @turtle.prism returned 401 — Instagram may be rate-limiting or blocking this endpoint
[2026-09-22 22:16:59Z] 🕰️ Watcher was offline ~1 min — checking for missed jugglez summons since 2026-09-22 22:15 UTC
[2026-09-22 22:17:03Z] 🖥️ Manual reaction :technicaldifficulties: added as Porygon (#parrot-post🦜)
[2026-09-22 22:18:25Z] 📋 fai registered for social tracking: instagram
[2026-09-22 22:18:29Z] 🕰️ Watcher was offline ~1 min — checking for missed jugglez summons since 2026-09-22 22:16 UTC
[2026-09-22 22:19:26Z] 🖥️ Manual reaction :porygonspin: added as Porygon (#parrot-post🦜)
[2026-09-22 22:19:53Z] 🕰️ Watcher was offline ~1 min — checking for missed jugglez summons since 2026-09-22 22:18 UTC
[2026-09-22 22:21:14Z] 🕰️ Watcher was offline ~1 min — checking for missed jugglez summons since 2026-09-22 22:19 UTC
[2026-09-22 22:22:30Z] 🕰️ Watcher was offline ~1 min — checking for missed jugglez summons since 2026-09-22 22:21 UTC
[2026-09-22 22:23:54Z] 🕰️ Watcher was offline ~1 min — checking for missed jugglez summons since 2026-09-22 22:22 UTC
[2026-09-22 22:25:19Z] 🕰️ Watcher was offline ~1 min — checking for missed jugglez summons since 2026-09-22 22:23 UTC
[2026-09-22 22:26:45Z] 🕰️ Watcher was offline ~1 min — checking for missed jugglez summons since 2026-09-22 22:25 UTC
[2026-09-22 22:28:20Z] 🕰️ Watcher was offline ~1 min — checking for missed jugglez summons since 2026-09-22 22:26 UTC
[2026-09-22 22:30:07Z] 🕰️ Watcher was offline ~1 min — checking for missed jugglez summons since 2026-09-22 22:28 UTC
[2026-09-22 22:31:31Z] 🕰️ Watcher was offline ~1 min — checking for missed jugglez summons since 2026-09-22 22:30 UTC
[2026-09-22 22:32:17Z] ⚠️ Instagram check for @lxzycxlm returned 401 — Instagram may be rate-limiting or blocking this endpoint
[2026-09-22 22:32:50Z] 🕰️ Watcher was offline ~1 min — checking for missed jugglez summons since 2026-09-22 22:31 UTC
[2026-09-22 22:34:13Z] 🕰️ Watcher was offline ~1 min — checking for missed jugglez summons since 2026-09-22 22:32 UTC
[2026-09-22 22:35:39Z] 🕰️ Watcher was offline ~1 min — checking for missed jugglez summons since 2026-09-22 22:34 UTC
[2026-09-22 22:37:12Z] 🕰️ Watcher was offline ~1 min — checking for missed jugglez summons since 2026-09-22 22:35 UTC
[2026-09-22 22:38:36Z] 🕰️ Watcher was offline ~1 min — checking for missed jugglez summons since 2026-09-22 22:37 UTC
[2026-09-22 22:40:01Z] 🕰️ Watcher was offline ~1 min — checking for missed jugglez summons since 2026-09-22 22:38 UTC
[2026-09-22 22:41:24Z] 🕰️ Watcher was offline ~1 min — checking for missed jugglez summons since 2026-09-22 22:40 UTC
[2026-09-22 22:42:51Z] 🕰️ Watcher was offline ~1 min — checking for missed jugglez summons since 2026-09-22 22:41 UTC
[2026-09-22 22:44:20Z] 🕰️ Watcher was offline ~1 min — checking for missed jugglez summons since 2026-09-22 22:42 UTC
[2026-09-22 22:45:53Z] 🕰️ Watcher was offline ~1 min — checking for missed jugglez summons since 2026-09-22 22:44 UTC
[2026-09-22 22:47:17Z] 🕰️ Watcher was offline ~1 min — checking for missed jugglez summons since 2026-09-22 22:45 UTC
[2026-09-22 22:47:27Z] 📋 userA_name registered for social tracking: instagram
[2026-09-22 22:47:27Z] 📋 userB_name registered for social tracking: twitter
[2026-09-22 22:47:27Z] 📋 userC_name registered for social tracking: youtube
[2026-09-22 22:48:43Z] 🕰️ Watcher was offline ~1 min — checking for missed jugglez summons since 2026-09-22 22:47 UTC
[2026-09-22 22:50:13Z] 🕰️ Watcher was offline ~1 min — checking for missed jugglez summons since 2026-09-22 22:48 UTC
